text,stress_level,study_hour,screen_time,sleep_hour,social_hours,physical_activity,stress_score
My mind is full of worry and fear.,High,2.4,9.8,5.1,5.0,2.4,95.0
I cry almost every night due to stress.,High,1.5,7.7,5.2,2.9,3.4,96.0
I'm constantly anxious and scared of failing.,High,0.1,4.4,4.1,3.4,0.7,90.0
I'm constantly anxious and scared of failing.,High,2.9,8.5,4.9,2.3,2.2,72.0
Life feels like a constant struggle.,High,1.4,9.9,5.3,3.2,0.9,80.0
I can't take this pressure anymore.,High,4.6,9.8,5.1,5.8,0.9,90.0
My heart is racing and I feel overwhelmed.,High,0.6,8.1,5.9,3.7,3.3,100.0
I cry almost every night due to stress.,High,4.6,3.4,3.4,3.1,2.2,84.0
I'm constantly anxious and scared of failing.,High,5.5,5.4,5.4,6.0,2.9,79.0
"Too many expectations, I can't breathe.",High,4.0,4.7,5.4,5.5,2.1,72.0
Everything feels like too much to handle.,High,3.8,4.5,4.6,3.7,2.1,95.0
I cry almost every night due to stress.,High,5.6,3.6,4.4,4.6,2.6,76.0
"Too many expectations, I can't breathe.",High,5.8,4.6,4.2,3.7,1.7,71.0
I’m stressed and frustrated with everything.,High,4.3,5.2,5.8,3.6,2.0,92.0
"Too many expectations, I can't breathe.",High,5.1,5.7,5.4,6.0,3.4,87.0
Work is draining all my energy and hope.,High,3.4,5.0,3.1,2.5,0.6,85.0
I feel mentally exhausted and helpless.,High,3.4,3.1,4.0,4.9,1.4,87.0
Nothing is going right in my life.,High,0.2,9.6,3.8,4.7,1.5,85.0
I can't take this pressure anymore.,High,2.5,8.6,3.1,4.6,3.3,75.0
I can’t find peace even for a moment.,High,5.6,5.4,4.9,5.0,2.2,75.0
I’m stressed and frustrated with everything.,High,2.1,9.0,4.5,4.4,1.5,78.0
I cry almost every night due to stress.,High,4.9,7.8,3.9,1.3,2.3,90.0
My heart is racing and I feel overwhelmed.,High,3.6,7.2,5.4,3.7,0.8,84.0
Work is draining all my energy and hope.,High,0.5,8.2,5.7,1.8,1.5,82.0
Nothing is going right in my life.,High,2.9,8.5,3.3,2.4,1.9,81.0
Nothing is going right in my life.,High,5.6,9.5,3.9,4.9,0.7,93.0
I feel mentally exhausted and helpless.,High,3.5,4.6,4.9,5.6,2.2,96.0
I'm constantly anxious and scared of failing.,High,4.1,6.4,4.5,4.3,2.4,77.0
My heart is racing and I feel overwhelmed.,High,2.7,3.4,4.1,4.6,0.6,91.0
"Too many expectations, I can't breathe.",High,3.6,9.5,3.6,3.7,3.2,84.0
I’m stressed and frustrated with everything.,High,4.4,4.3,3.1,4.7,1.3,76.0
Life feels like a constant struggle.,High,0.8,5.2,5.5,5.3,1.7,97.0
"Too many expectations, I can't breathe.",High,5.0,3.2,4.5,1.1,1.8,79.0
I feel mentally exhausted and helpless.,High,4.7,3.8,3.3,5.6,1.3,95.0
I feel mentally exhausted and helpless.,High,4.3,7.8,4.7,2.6,1.9,98.0
I feel mentally exhausted and helpless.,High,4.0,6.3,3.9,4.5,2.3,83.0
My heart is racing and I feel overwhelmed.,High,2.6,7.8,5.9,5.9,1.4,74.0
Everything feels like too much to handle.,High,0.0,9.6,4.3,1.9,1.2,94.0
I cry almost every night due to stress.,High,4.3,3.9,3.8,2.1,3.0,77.0
I’m stressed and frustrated with everything.,High,2.5,7.6,5.1,1.6,0.7,81.0
I'm constantly anxious and scared of failing.,High,5.9,4.3,3.3,3.8,1.3,81.0
"Too many expectations, I can't breathe.",High,5.2,7.1,3.8,3.6,1.5,95.0
"Too many expectations, I can't breathe.",High,2.4,8.6,3.4,1.5,2.6,89.0
I'm constantly anxious and scared of failing.,High,3.0,9.7,4.4,5.1,2.6,92.0
I feel like everything is falling apart.,High,2.6,5.5,5.4,4.2,2.6,70.0
Work is draining all my energy and hope.,High,0.8,10.0,3.2,3.7,1.5,86.0
My heart is racing and I feel overwhelmed.,High,1.5,4.1,5.8,3.6,0.6,90.0
I feel mentally exhausted and helpless.,High,2.9,6.2,5.9,5.0,3.1,94.0
I can't take this pressure anymore.,High,1.3,9.2,3.6,5.0,2.0,72.0
I feel mentally exhausted and helpless.,High,1.8,6.2,4.9,1.4,0.7,76.0
My heart is racing and I feel overwhelmed.,High,2.7,4.6,3.0,4.9,1.3,85.0
I can’t find peace even for a moment.,High,3.5,6.1,4.2,1.8,2.1,96.0
I can’t find peace even for a moment.,High,0.4,5.2,3.6,2.3,1.5,97.0
I feel mentally exhausted and helpless.,High,0.7,9.9,5.3,4.5,1.8,85.0
I cry almost every night due to stress.,High,1.3,7.0,3.3,1.4,2.1,79.0
I feel like everything is falling apart.,High,1.1,6.3,4.2,4.0,2.5,89.0
Work is draining all my energy and hope.,High,5.6,7.7,5.5,3.9,1.6,71.0
Work is draining all my energy and hope.,High,2.3,6.2,6.0,5.7,2.8,90.0
My mind is full of worry and fear.,High,4.7,4.1,5.3,4.7,2.8,88.0
I cry almost every night due to stress.,High,1.1,6.7,4.9,3.0,2.7,81.0
My mind is full of worry and fear.,High,5.4,4.2,5.7,2.5,2.9,82.0
Life feels like a constant struggle.,High,3.7,8.6,4.9,5.9,3.0,95.0
Everything feels like too much to handle.,High,3.2,3.6,4.2,5.1,2.2,83.0
I feel mentally exhausted and helpless.,High,4.7,9.9,5.8,1.7,1.5,77.0
I can't take this pressure anymore.,High,5.6,8.1,3.1,4.2,1.8,72.0
Work is draining all my energy and hope.,High,0.9,3.7,3.1,4.0,0.8,93.0
I'm constantly anxious and scared of failing.,High,3.4,3.3,3.0,2.3,3.0,90.0
Work is draining all my energy and hope.,High,1.1,8.9,5.3,5.5,3.3,97.0
I have no motivation left to continue.,High,3.6,7.4,4.7,2.0,0.5,96.0
Nothing is going right in my life.,High,0.4,9.0,5.1,4.5,2.0,92.0
Work is draining all my energy and hope.,High,3.8,7.2,4.5,4.5,1.2,82.0
I’m stressed and frustrated with everything.,High,0.9,8.4,5.7,5.0,1.9,90.0
Life feels like a constant struggle.,High,0.9,6.8,3.0,4.7,2.2,71.0
I can’t find peace even for a moment.,High,4.7,6.7,3.2,3.8,1.9,80.0
I cry almost every night due to stress.,High,2.7,8.7,3.2,4.8,2.9,79.0
I’m stressed and frustrated with everything.,High,5.0,8.6,4.5,2.3,2.4,94.0
I have no motivation left to continue.,High,4.1,5.6,3.3,5.7,3.2,85.0
I have no motivation left to continue.,High,2.5,7.3,3.5,3.9,0.7,84.0
I’m stressed and frustrated with everything.,High,5.9,3.8,4.7,2.2,1.7,99.0
My heart is racing and I feel overwhelmed.,High,0.3,7.3,3.0,5.8,2.9,72.0
I can’t find peace even for a moment.,High,6.0,7.5,5.4,4.5,0.9,86.0
Life feels like a constant struggle.,High,5.7,6.5,5.7,5.8,1.1,93.0
I'm constantly anxious and scared of failing.,High,5.9,9.6,5.0,4.8,1.6,83.0
Life feels like a constant struggle.,High,0.6,5.6,3.7,1.1,1.2,86.0
My mind is full of worry and fear.,High,2.9,4.6,4.2,3.1,0.6,94.0
I have no motivation left to continue.,High,5.9,4.1,3.5,3.3,2.6,82.0
I cry almost every night due to stress.,High,3.4,5.3,4.4,4.6,3.1,85.0
I’m stressed and frustrated with everything.,High,1.4,3.5,3.9,2.7,2.8,74.0
I can’t find peace even for a moment.,High,4.6,4.8,5.4,5.4,0.8,96.0
I cry almost every night due to stress.,High,4.8,6.4,3.5,3.2,1.5,90.0
I'm constantly anxious and scared of failing.,High,5.9,4.5,3.5,1.2,0.5,79.0
I have no motivation left to continue.,High,1.1,7.5,4.5,2.5,0.8,78.0
I can’t find peace even for a moment.,High,3.0,7.8,3.9,1.3,3.0,75.0
I have no motivation left to continue.,High,2.5,5.1,5.2,5.3,0.7,90.0
Nothing is going right in my life.,High,4.8,6.3,5.8,1.1,2.4,74.0
Life feels like a constant struggle.,High,3.0,3.4,3.6,4.7,2.9,82.0
Life feels like a constant struggle.,High,4.4,9.7,4.7,5.5,2.1,100.0
I'm constantly anxious and scared of failing.,High,3.5,6.0,4.1,2.4,1.8,78.0
Life feels like a constant struggle.,High,4.9,9.5,3.5,2.6,1.2,94.0
I cry almost every night due to stress.,High,4.4,8.3,3.3,5.5,1.7,77.0
My heart is racing and I feel overwhelmed.,High,0.6,5.5,4.0,3.6,2.8,98.0
Everything feels like too much to handle.,High,5.0,8.3,5.8,4.7,2.9,81.0
Nothing is going right in my life.,High,5.5,6.7,4.8,5.3,0.9,95.0
I have no motivation left to continue.,High,0.9,5.7,5.0,1.5,1.2,76.0
I feel like everything is falling apart.,High,1.2,6.7,4.1,2.6,1.7,82.0
My heart is racing and I feel overwhelmed.,High,2.2,5.5,4.2,1.2,3.2,95.0
My mind is full of worry and fear.,High,2.1,3.9,4.0,1.8,2.5,80.0
I feel like everything is falling apart.,High,1.9,3.9,5.8,4.0,2.8,82.0
Nothing is going right in my life.,High,3.5,6.7,5.9,3.5,1.5,90.0
I feel like everything is falling apart.,High,5.1,5.9,4.0,2.5,1.2,80.0
I cry almost every night due to stress.,High,2.9,6.5,3.8,3.4,2.1,92.0
Work is draining all my energy and hope.,High,1.2,5.9,3.3,1.6,3.2,78.0
"Too many expectations, I can't breathe.",High,0.8,4.2,4.0,2.4,1.6,83.0
"Too many expectations, I can't breathe.",High,5.4,7.2,3.1,2.2,2.0,76.0
I have no motivation left to continue.,High,0.4,3.6,4.8,3.9,1.5,85.0
I cry almost every night due to stress.,High,1.0,7.9,4.7,3.4,1.6,80.0
I feel like everything is falling apart.,High,5.9,5.2,3.5,3.3,3.2,94.0
Everything feels like too much to handle.,High,0.2,6.5,4.0,5.0,2.5,85.0
I can’t find peace even for a moment.,High,2.2,9.5,4.1,4.5,2.1,84.0
I’m stressed and frustrated with everything.,High,2.2,3.3,5.4,1.3,2.7,92.0
Everything feels like too much to handle.,High,3.4,3.2,4.4,5.5,2.4,73.0
I can't take this pressure anymore.,High,3.6,9.7,3.6,3.0,1.2,88.0
I’m stressed and frustrated with everything.,High,0.9,3.4,5.6,1.1,1.2,90.0
Everything feels like too much to handle.,High,1.3,5.1,3.0,5.1,2.0,94.0
Life feels like a constant struggle.,High,1.9,3.5,5.6,5.2,3.4,93.0
Life feels like a constant struggle.,High,5.9,5.9,3.3,5.0,1.0,87.0
I'm constantly anxious and scared of failing.,High,2.5,6.5,3.7,1.9,3.1,99.0
My heart is racing and I feel overwhelmed.,High,0.8,3.4,5.5,5.2,2.0,77.0
I feel mentally exhausted and helpless.,High,2.2,9.1,4.6,1.9,1.0,82.0
"Too many expectations, I can't breathe.",High,5.0,9.4,3.2,3.8,1.2,97.0
I can’t find peace even for a moment.,High,5.5,5.7,3.9,5.8,1.0,92.0
I have no motivation left to continue.,High,5.0,7.0,5.9,4.4,0.9,78.0
I feel like everything is falling apart.,High,3.8,9.3,4.4,1.5,3.1,72.0
Nothing is going right in my life.,High,0.5,9.4,4.0,3.3,1.0,89.0
Life feels like a constant struggle.,High,0.5,3.2,5.0,4.4,3.3,75.0
Work is draining all my energy and hope.,High,3.8,5.6,5.0,1.6,0.9,77.0
My heart is racing and I feel overwhelmed.,High,5.3,3.6,4.0,3.8,0.9,91.0
I’m stressed and frustrated with everything.,High,5.6,7.9,3.7,2.2,0.5,71.0
I can’t find peace even for a moment.,High,0.8,5.7,4.8,3.9,1.4,88.0
Nothing is going right in my life.,High,2.6,5.3,5.1,5.5,2.8,95.0
I cry almost every night due to stress.,High,4.3,9.8,4.2,4.4,0.6,86.0
My heart is racing and I feel overwhelmed.,High,1.7,7.6,4.0,5.4,1.1,93.0
My heart is racing and I feel overwhelmed.,High,0.3,6.4,5.6,3.8,3.3,73.0
I have no motivation left to continue.,High,4.8,4.1,5.8,2.0,1.2,76.0
I’m stressed and frustrated with everything.,High,1.7,9.9,4.5,1.2,2.2,84.0
I'm constantly anxious and scared of failing.,High,3.9,3.0,5.5,4.5,1.3,75.0
My mind is full of worry and fear.,High,4.2,4.8,3.0,3.1,2.5,100.0
I feel mentally exhausted and helpless.,High,2.9,7.9,4.6,5.0,1.3,82.0
I can’t find peace even for a moment.,High,5.1,5.3,4.2,1.6,1.9,85.0
I can’t find peace even for a moment.,High,5.3,5.1,5.1,2.0,1.5,96.0
Nothing is going right in my life.,High,0.2,9.1,3.6,2.1,0.8,76.0
My heart is racing and I feel overwhelmed.,High,3.8,7.6,5.3,5.2,2.5,70.0
I’m stressed and frustrated with everything.,High,4.4,9.5,4.1,1.5,1.2,71.0
I’m stressed and frustrated with everything.,High,4.8,4.7,5.6,5.2,2.0,100.0
I feel mentally exhausted and helpless.,High,5.0,9.5,4.6,3.0,1.4,100.0
Life feels like a constant struggle.,High,1.9,4.5,3.8,2.2,2.1,71.0
Nothing is going right in my life.,High,3.3,7.2,4.6,4.7,2.5,80.0
I’m stressed and frustrated with everything.,High,3.3,4.5,4.2,2.9,2.3,78.0
My mind is full of worry and fear.,High,3.3,3.1,5.4,5.7,0.8,87.0
I feel like everything is falling apart.,High,4.1,7.3,5.7,4.9,3.3,92.0
I have no motivation left to continue.,High,1.6,4.4,3.2,5.1,1.0,75.0
I feel like everything is falling apart.,High,0.9,4.4,5.1,3.2,1.2,98.0
My heart is racing and I feel overwhelmed.,High,2.4,4.5,5.3,3.7,3.3,87.0
Work is draining all my energy and hope.,High,1.8,3.3,3.2,5.9,1.7,93.0
I'm constantly anxious and scared of failing.,High,1.4,4.9,3.1,3.6,1.4,75.0
Nothing is going right in my life.,High,5.4,6.0,4.0,2.3,2.9,73.0
Everything feels like too much to handle.,High,2.9,6.5,4.4,4.0,2.4,90.0
Work is draining all my energy and hope.,High,0.5,3.8,3.5,4.5,3.1,74.0
I cry almost every night due to stress.,High,1.1,7.9,3.1,2.0,1.8,89.0
Nothing is going right in my life.,High,6.0,3.9,5.5,5.7,3.3,89.0
I’m stressed and frustrated with everything.,High,4.6,8.0,5.2,5.6,2.4,82.0
I have no motivation left to continue.,High,4.4,3.7,5.9,3.5,0.6,98.0
Life feels like a constant struggle.,High,5.9,4.2,4.0,1.9,1.9,98.0
I feel like everything is falling apart.,High,3.7,3.0,3.1,1.7,3.1,99.0
I’m stressed and frustrated with everything.,High,5.1,4.3,5.6,5.8,1.4,78.0
Nothing is going right in my life.,High,0.8,10.0,4.5,2.3,1.5,98.0
Life feels like a constant struggle.,High,4.0,8.1,5.2,2.3,3.4,96.0
I'm constantly anxious and scared of failing.,High,2.1,5.5,5.5,1.7,3.1,74.0
I can’t find peace even for a moment.,High,2.8,6.9,3.4,3.4,2.2,87.0
Work is draining all my energy and hope.,High,1.9,8.7,5.3,5.8,1.6,95.0
I have no motivation left to continue.,High,3.6,4.2,5.9,3.8,0.7,81.0
I'm constantly anxious and scared of failing.,High,3.2,5.3,4.0,2.2,1.4,84.0
I can't take this pressure anymore.,High,2.6,4.1,4.4,1.1,0.7,98.0
My mind is full of worry and fear.,High,5.9,6.0,4.5,2.6,2.2,76.0
Nothing is going right in my life.,High,1.2,7.6,4.5,5.0,0.7,82.0
I feel like everything is falling apart.,High,3.1,8.1,4.5,4.6,2.0,70.0
I’m stressed and frustrated with everything.,High,2.8,5.7,5.1,4.2,0.6,90.0
Life feels like a constant struggle.,High,1.2,9.4,5.8,1.6,2.0,90.0
I have no motivation left to continue.,High,2.4,8.9,3.2,2.9,1.5,82.0
Life feels like a constant struggle.,High,2.3,5.7,4.2,5.8,2.5,96.0
Everything feels like too much to handle.,High,1.4,9.9,4.2,2.3,1.8,98.0
I feel mentally exhausted and helpless.,High,0.8,6.0,4.1,4.1,3.5,83.0
I can't take this pressure anymore.,High,4.6,4.7,3.4,4.4,3.0,89.0
I’m stressed and frustrated with everything.,High,5.3,4.0,4.6,2.4,1.5,94.0
I feel like everything is falling apart.,High,4.1,5.2,4.4,1.5,3.3,93.0
I can’t find peace even for a moment.,High,3.8,9.9,4.8,2.6,1.5,75.0
"Too many expectations, I can't breathe.",High,5.1,4.8,4.3,4.1,1.8,73.0
I feel like everything is falling apart.,High,5.4,7.6,4.1,2.9,1.3,70.0
I have no motivation left to continue.,High,4.5,4.8,4.5,2.7,0.6,87.0
I can't take this pressure anymore.,High,2.2,7.8,3.8,1.4,2.8,87.0
I feel like everything is falling apart.,High,4.9,5.5,4.4,4.7,1.8,100.0
I'm constantly anxious and scared of failing.,High,5.0,7.1,3.3,3.7,1.7,73.0
I can’t find peace even for a moment.,High,3.9,9.4,5.6,5.2,1.6,91.0
Everything feels like too much to handle.,High,2.8,4.5,5.4,4.2,1.5,78.0
My mind is full of worry and fear.,High,5.2,7.2,5.3,2.1,2.9,79.0
Work is draining all my energy and hope.,High,0.8,6.0,3.2,4.5,0.6,88.0
Life feels like a constant struggle.,High,5.6,5.9,4.8,4.6,3.2,75.0
Nothing is going right in my life.,High,3.4,7.8,4.9,4.4,1.4,81.0
Everything feels like too much to handle.,High,0.6,7.4,5.3,5.6,1.8,72.0
"Too many expectations, I can't breathe.",High,5.7,5.0,4.0,1.9,1.2,72.0
Work is draining all my energy and hope.,High,5.9,5.6,4.3,3.7,1.0,91.0
I'm constantly anxious and scared of failing.,High,0.1,7.2,5.8,2.2,2.5,100.0
"Too many expectations, I can't breathe.",High,1.8,9.0,5.0,1.2,3.2,90.0
I’m stressed and frustrated with everything.,High,5.4,9.1,5.3,3.2,1.7,92.0
"Too many expectations, I can't breathe.",High,5.1,5.1,3.6,2.1,2.8,97.0
My mind is full of worry and fear.,High,3.3,5.3,4.6,5.2,2.6,75.0
I'm constantly anxious and scared of failing.,High,0.1,7.0,5.3,2.0,2.2,77.0
Everything feels like too much to handle.,High,2.5,7.5,3.2,2.3,2.7,93.0
I’m stressed and frustrated with everything.,High,0.3,7.2,3.9,3.4,2.7,89.0
Everything feels like too much to handle.,High,3.3,7.0,3.2,5.3,1.0,80.0
I'm constantly anxious and scared of failing.,High,4.6,6.3,4.6,3.4,3.0,76.0
Nothing is going right in my life.,High,1.0,6.6,3.7,2.0,1.4,88.0
Everything feels like too much to handle.,High,3.1,5.6,4.9,2.2,1.0,90.0
I feel mentally exhausted and helpless.,High,0.5,9.0,5.6,3.8,1.5,93.0
My heart is racing and I feel overwhelmed.,High,3.1,4.4,5.6,3.4,0.8,89.0
I feel mentally exhausted and helpless.,High,0.5,6.7,5.0,4.9,2.7,83.0
My heart is racing and I feel overwhelmed.,High,3.9,5.6,3.9,3.1,1.4,98.0
"Too many expectations, I can't breathe.",High,3.4,5.5,4.4,1.5,2.3,97.0
I have no motivation left to continue.,High,1.8,7.0,4.7,3.3,3.5,81.0
I can't take this pressure anymore.,High,2.7,3.8,4.8,5.4,1.9,85.0
Nothing is going right in my life.,High,2.0,3.2,3.4,1.5,0.8,72.0
I have no motivation left to continue.,High,2.1,3.9,4.4,3.2,0.7,96.0
I feel mentally exhausted and helpless.,High,2.2,4.7,4.7,3.2,2.0,95.0
My heart is racing and I feel overwhelmed.,High,1.7,5.1,5.4,3.4,3.1,82.0
Work is draining all my energy and hope.,High,1.0,5.0,5.0,1.9,1.7,98.0
Life feels like a constant struggle.,High,3.5,7.5,5.4,1.5,2.1,81.0
I can’t find peace even for a moment.,High,3.2,5.2,4.8,2.0,2.8,93.0
I can't take this pressure anymore.,High,4.0,4.6,5.7,5.4,1.4,76.0
I’m stressed and frustrated with everything.,High,0.1,8.8,5.1,1.2,2.0,89.0
I'm constantly anxious and scared of failing.,High,1.0,7.7,4.8,5.3,1.5,93.0
Work is draining all my energy and hope.,High,3.4,7.7,4.3,3.5,1.7,100.0
Everything feels like too much to handle.,High,4.8,3.1,4.6,4.4,1.5,94.0
I’m stressed and frustrated with everything.,High,5.6,8.7,4.6,3.4,1.1,89.0
I feel like everything is falling apart.,High,1.7,5.6,5.6,5.2,2.7,77.0
Work is draining all my energy and hope.,High,0.1,4.7,3.1,6.0,2.6,71.0
I’m stressed and frustrated with everything.,High,3.1,9.9,5.9,5.4,3.3,77.0
I cry almost every night due to stress.,High,0.3,3.7,3.8,5.4,1.1,73.0
Nothing is going right in my life.,High,3.8,8.9,5.5,2.5,1.3,77.0
I have no motivation left to continue.,High,1.9,8.3,6.0,5.8,2.7,98.0
I feel like everything is falling apart.,High,4.7,6.3,5.9,5.4,2.8,87.0
My mind is full of worry and fear.,High,2.2,8.7,5.4,1.3,3.4,76.0
Nothing is going right in my life.,High,2.4,5.1,3.2,2.1,1.4,77.0
I can’t find peace even for a moment.,High,5.2,9.5,5.9,3.2,2.6,90.0
Nothing is going right in my life.,High,1.9,7.4,3.4,2.3,3.5,99.0
I feel like everything is falling apart.,High,5.0,6.4,5.7,2.4,3.2,73.0
I have no motivation left to continue.,High,2.0,3.3,5.9,3.2,2.6,80.0
Everything feels like too much to handle.,High,5.5,4.4,5.0,5.8,2.2,76.0
I feel mentally exhausted and helpless.,High,3.8,7.3,3.4,3.0,1.0,99.0
I'm constantly anxious and scared of failing.,High,5.3,5.1,4.3,4.5,2.0,88.0
"Too many expectations, I can't breathe.",High,3.8,7.0,5.6,2.3,3.3,70.0
I feel mentally exhausted and helpless.,High,3.8,3.8,4.6,3.5,0.5,90.0
I cry almost every night due to stress.,High,3.9,8.0,3.7,2.7,1.1,70.0
I’m stressed and frustrated with everything.,High,4.9,4.4,4.1,3.5,2.8,72.0
I feel like everything is falling apart.,High,4.0,3.4,3.2,2.8,1.0,85.0
I feel like everything is falling apart.,High,5.5,8.1,5.0,3.6,2.2,77.0
I'm constantly anxious and scared of failing.,High,4.3,7.8,4.0,2.2,1.0,81.0
I can’t find peace even for a moment.,High,0.1,7.3,4.5,3.0,2.5,95.0
I feel mentally exhausted and helpless.,High,5.7,8.7,4.4,1.7,0.9,96.0
Everything feels like too much to handle.,High,5.2,7.5,5.1,3.4,1.2,85.0
I have no motivation left to continue.,High,5.2,9.8,5.9,1.9,2.2,99.0
My mind is full of worry and fear.,High,1.9,7.8,3.1,2.1,1.0,98.0
"Too many expectations, I can't breathe.",High,0.1,6.0,3.5,3.9,1.0,91.0
Everything feels like too much to handle.,High,0.9,8.6,5.2,3.7,1.1,72.0
I have no motivation left to continue.,High,1.5,8.4,4.7,2.1,0.6,83.0
Everything feels like too much to handle.,High,2.9,7.2,4.7,4.8,1.2,76.0
My heart is racing and I feel overwhelmed.,High,2.3,8.4,5.6,1.3,1.7,78.0
I’m stressed and frustrated with everything.,High,0.2,3.0,5.9,4.1,3.1,85.0
Everything feels like too much to handle.,High,6.0,9.7,4.8,3.7,0.7,97.0
"Too many expectations, I can't breathe.",High,0.6,7.8,4.1,4.2,3.0,88.0
Nothing is going right in my life.,High,4.1,9.8,5.9,2.1,2.4,73.0
I’m stressed and frustrated with everything.,High,0.4,6.6,5.5,5.0,1.5,98.0
I feel mentally exhausted and helpless.,High,0.0,6.1,4.9,1.8,1.6,92.0
Everything feels like too much to handle.,High,0.1,7.7,5.9,5.7,1.9,77.0
I have no motivation left to continue.,High,3.2,4.9,4.4,1.9,3.3,92.0
Life feels like a constant struggle.,High,1.1,8.5,4.6,3.7,1.1,96.0
I feel mentally exhausted and helpless.,High,1.8,9.7,5.9,3.4,2.9,83.0
Life feels like a constant struggle.,High,0.4,4.4,3.7,5.9,3.0,93.0
I can't take this pressure anymore.,High,0.1,7.1,4.0,1.4,1.3,100.0
I'm constantly anxious and scared of failing.,High,2.4,5.0,4.5,4.9,2.7,70.0
Work is draining all my energy and hope.,High,2.9,5.5,5.0,2.0,2.8,82.0
I feel like everything is falling apart.,High,4.9,3.4,3.6,5.9,2.1,75.0
Everything feels like too much to handle.,High,5.8,3.5,4.6,3.3,1.7,76.0
I’m stressed and frustrated with everything.,High,2.5,7.5,4.8,2.8,0.5,73.0
I'm constantly anxious and scared of failing.,High,0.3,4.6,5.8,4.2,1.1,100.0
I can’t find peace even for a moment.,High,5.6,3.7,5.5,1.4,2.9,94.0
I'm constantly anxious and scared of failing.,High,3.4,4.0,3.0,4.7,1.5,95.0
I feel like everything is falling apart.,High,5.8,6.9,5.5,3.5,3.4,70.0
Life feels like a constant struggle.,High,5.8,5.9,4.5,1.7,0.5,77.0
I feel mentally exhausted and helpless.,High,0.7,8.3,4.4,1.5,0.6,100.0
Life feels like a constant struggle.,High,2.1,4.3,5.3,1.3,2.5,92.0
I cry almost every night due to stress.,High,5.1,7.8,3.2,3.7,2.8,77.0
"Too many expectations, I can't breathe.",High,5.9,4.3,3.9,5.5,1.9,73.0
My heart is racing and I feel overwhelmed.,High,4.3,8.2,5.8,5.9,1.1,85.0
I have no motivation left to continue.,High,5.7,4.1,3.6,2.9,0.7,77.0
Work is draining all my energy and hope.,High,5.7,6.5,3.7,3.9,1.1,88.0
I have no motivation left to continue.,High,2.1,4.5,5.0,1.6,2.5,92.0
I feel mentally exhausted and helpless.,High,4.3,10.0,4.4,5.1,0.7,88.0
I can’t find peace even for a moment.,High,1.4,3.5,5.9,2.5,3.3,90.0
I’m stressed and frustrated with everything.,High,4.3,6.9,4.1,2.9,3.0,80.0
I feel mentally exhausted and helpless.,High,5.6,5.4,3.5,3.0,1.2,98.0
My mind is full of worry and fear.,High,5.4,9.0,4.8,4.9,0.6,88.0
Everything feels like too much to handle.,High,5.2,4.9,4.4,5.5,1.6,78.0
I feel like everything is falling apart.,High,3.4,8.2,3.6,2.7,1.9,97.0
My heart is racing and I feel overwhelmed.,High,4.1,3.2,3.9,5.2,3.1,75.0
I cry almost every night due to stress.,High,5.4,4.9,3.4,4.2,3.0,93.0
I cry almost every night due to stress.,High,4.4,3.6,5.9,1.5,2.1,84.0
"Too many expectations, I can't breathe.",High,3.6,5.0,5.8,2.8,0.7,77.0
I can’t find peace even for a moment.,High,4.3,3.6,5.3,5.5,1.7,94.0
I'm constantly anxious and scared of failing.,High,4.2,9.2,3.7,4.1,2.2,86.0
My heart is racing and I feel overwhelmed.,High,1.7,4.9,4.8,3.3,3.4,77.0
I cry almost every night due to stress.,High,5.0,3.7,5.9,3.0,0.6,88.0
Life feels like a constant struggle.,High,4.8,8.4,3.4,4.0,2.4,70.0
I cry almost every night due to stress.,High,0.9,5.5,5.6,5.8,2.3,90.0
Life feels like a constant struggle.,High,4.4,4.1,5.3,4.0,3.3,100.0
My mind is full of worry and fear.,High,1.4,6.2,5.6,4.6,2.6,84.0
I feel like everything is falling apart.,High,0.0,6.3,3.5,5.9,2.2,97.0
I can't take this pressure anymore.,High,1.8,3.1,3.9,1.8,2.2,74.0
I have no motivation left to continue.,High,4.7,4.3,5.7,2.7,1.7,73.0
I have no motivation left to continue.,High,2.9,3.8,4.7,3.4,3.0,77.0
Work is draining all my energy and hope.,High,1.6,5.8,5.4,5.6,1.2,78.0
My mind is full of worry and fear.,High,3.1,8.9,3.4,1.8,2.0,98.0
I can’t find peace even for a moment.,High,1.3,8.0,5.3,1.4,0.9,80.0
I cry almost every night due to stress.,High,0.9,7.1,4.8,3.3,2.2,82.0
I’m stressed and frustrated with everything.,High,3.2,4.5,3.3,2.3,2.1,93.0
I feel mentally exhausted and helpless.,High,3.1,7.4,4.3,2.8,2.2,97.0
Work is draining all my energy and hope.,High,5.2,9.1,5.9,4.3,1.5,82.0
I cry almost every night due to stress.,High,5.0,7.9,5.7,1.7,3.4,85.0
I can’t find peace even for a moment.,High,0.3,4.3,4.4,2.5,1.9,97.0
I have no motivation left to continue.,High,4.4,3.2,3.4,3.2,0.6,83.0
Nothing is going right in my life.,High,3.3,9.0,5.8,3.3,2.0,97.0
Life feels like a constant struggle.,High,3.9,7.2,3.5,1.2,1.9,91.0
I can’t find peace even for a moment.,High,0.2,5.4,4.4,3.9,2.0,90.0
My heart is racing and I feel overwhelmed.,High,3.1,9.1,3.9,4.9,2.2,92.0
I feel like everything is falling apart.,High,5.6,7.6,4.0,2.3,3.1,81.0
I'm constantly anxious and scared of failing.,High,3.2,3.4,5.8,5.1,1.6,87.0
I feel like everything is falling apart.,High,2.3,3.5,5.0,2.2,2.8,97.0
Everything feels like too much to handle.,High,5.9,4.9,4.8,3.6,2.4,74.0
I can’t find peace even for a moment.,High,2.0,3.0,4.3,1.8,2.8,74.0
Work is draining all my energy and hope.,High,5.5,6.9,5.8,6.0,0.9,78.0
I cry almost every night due to stress.,High,4.5,5.8,4.0,5.0,3.0,74.0
My mind is full of worry and fear.,High,0.2,5.8,4.0,1.9,3.0,82.0
Life feels like a constant struggle.,High,3.8,4.9,5.8,3.7,2.8,72.0
I can’t find peace even for a moment.,High,4.0,5.3,4.1,2.0,3.4,77.0
I feel like everything is falling apart.,High,5.4,5.5,3.4,3.0,1.7,96.0
I'm constantly anxious and scared of failing.,High,1.9,4.6,5.7,1.3,2.7,91.0
My heart is racing and I feel overwhelmed.,High,4.9,6.3,3.2,3.3,1.6,81.0
I have no motivation left to continue.,High,6.0,3.7,5.1,5.7,1.0,79.0
I can’t find peace even for a moment.,High,1.5,9.2,4.7,2.3,1.3,76.0
Life feels like a constant struggle.,High,4.6,9.1,3.3,4.6,2.5,76.0
I cry almost every night due to stress.,High,2.4,8.9,4.6,4.1,2.7,79.0
My heart is racing and I feel overwhelmed.,High,3.5,6.3,5.8,4.9,2.5,71.0
Work is draining all my energy and hope.,High,4.7,9.8,4.4,2.9,2.9,76.0
Life feels like a constant struggle.,High,1.2,4.8,3.0,4.8,1.2,98.0
I feel mentally exhausted and helpless.,High,4.5,6.8,5.8,3.4,1.8,76.0
I have no motivation left to continue.,High,0.3,9.5,3.6,1.5,1.3,83.0
I’m stressed and frustrated with everything.,High,5.5,9.8,5.4,1.3,0.6,82.0
Work is draining all my energy and hope.,High,4.4,9.2,5.8,4.2,0.9,99.0
I'm constantly anxious and scared of failing.,High,1.9,9.0,5.7,4.2,3.2,71.0
I cry almost every night due to stress.,High,5.3,7.9,5.0,1.7,1.2,70.0
Everything feels like too much to handle.,High,5.5,3.4,3.2,5.6,3.0,89.0
I have no motivation left to continue.,High,5.6,5.9,4.8,1.0,1.1,98.0
"Too many expectations, I can't breathe.",High,1.6,4.7,4.0,2.1,2.8,91.0
I feel mentally exhausted and helpless.,High,3.8,6.3,3.7,5.5,1.4,91.0
I have no motivation left to continue.,High,3.8,9.2,4.2,5.5,1.6,99.0
Everything feels like too much to handle.,High,5.4,6.7,3.2,1.1,1.8,78.0
I’m stressed and frustrated with everything.,High,3.1,9.3,3.2,3.3,2.0,92.0
Nothing is going right in my life.,High,2.7,4.2,3.2,2.9,1.5,86.0
Work is draining all my energy and hope.,High,1.8,9.4,4.7,1.1,3.4,99.0
I can't take this pressure anymore.,High,4.6,5.8,3.9,4.0,0.9,78.0
Life feels like a constant struggle.,High,4.2,5.7,3.8,3.6,1.2,70.0
I can’t find peace even for a moment.,High,4.8,8.4,4.1,1.2,2.5,81.0
I feel mentally exhausted and helpless.,High,2.7,4.5,3.8,4.0,3.3,75.0
I feel mentally exhausted and helpless.,High,5.5,6.0,4.7,2.8,3.4,82.0
I feel mentally exhausted and helpless.,High,1.9,8.3,3.8,3.1,0.7,88.0
Nothing is going right in my life.,High,3.5,4.5,3.3,4.7,2.9,77.0
I feel mentally exhausted and helpless.,High,4.2,4.4,4.7,4.8,0.8,82.0
I feel mentally exhausted and helpless.,High,5.7,9.6,5.3,5.8,1.9,100.0
Life feels like a constant struggle.,High,1.2,4.9,3.3,4.1,0.9,70.0
My heart is racing and I feel overwhelmed.,High,4.4,9.9,3.0,1.2,1.9,82.0
My heart is racing and I feel overwhelmed.,High,3.5,9.1,3.2,3.1,0.6,97.0
I have no motivation left to continue.,High,1.3,5.6,4.8,5.7,1.6,73.0
I can't take this pressure anymore.,High,0.0,3.5,5.1,5.0,1.1,83.0
I'm constantly anxious and scared of failing.,High,2.3,3.7,5.5,5.6,0.9,76.0
My mind is full of worry and fear.,High,5.7,7.4,6.0,5.5,1.2,95.0
I have no motivation left to continue.,High,0.0,4.2,5.1,4.1,0.8,87.0
I feel mentally exhausted and helpless.,High,5.4,8.0,3.2,1.3,0.9,91.0
My mind is full of worry and fear.,High,4.8,4.2,4.1,1.8,2.6,82.0
"Too many expectations, I can't breathe.",High,3.6,6.4,4.2,2.3,2.6,73.0
Everything feels like too much to handle.,High,2.4,8.0,5.5,5.4,3.5,81.0
Work is draining all my energy and hope.,High,4.5,8.8,5.3,2.3,3.0,100.0
I'm constantly anxious and scared of failing.,High,3.9,3.3,4.5,1.3,2.9,75.0
Everything feels like too much to handle.,High,0.6,9.9,5.8,1.2,2.2,72.0
I can’t find peace even for a moment.,High,1.1,4.3,5.7,5.7,3.4,70.0
I can't take this pressure anymore.,High,3.4,8.1,3.6,3.7,1.5,90.0
Work is draining all my energy and hope.,High,6.0,5.9,5.3,3.6,3.2,92.0
I'm constantly anxious and scared of failing.,High,4.5,9.5,3.5,2.0,2.1,70.0
Work is draining all my energy and hope.,High,4.4,10.0,4.7,3.4,2.3,79.0
I can't take this pressure anymore.,High,5.3,8.7,5.9,2.2,1.5,81.0
I feel like everything is falling apart.,High,4.9,6.4,4.0,5.1,1.9,89.0
I feel mentally exhausted and helpless.,High,0.1,7.4,3.8,2.4,0.7,86.0
Work is draining all my energy and hope.,High,1.6,9.2,4.6,5.5,1.1,81.0
I cry almost every night due to stress.,High,4.6,9.3,3.8,1.7,2.7,73.0
Nothing is going right in my life.,High,4.7,3.2,5.0,2.7,1.0,82.0
"Too many expectations, I can't breathe.",High,0.0,5.2,5.1,2.3,1.5,91.0
"Too many expectations, I can't breathe.",High,5.1,3.5,4.9,1.2,3.3,94.0
I'm constantly anxious and scared of failing.,High,5.3,7.1,4.2,3.6,3.1,87.0
My mind is full of worry and fear.,High,2.9,5.2,4.4,1.4,1.8,85.0
I cry almost every night due to stress.,High,5.0,7.7,4.8,5.5,3.1,72.0
"Too many expectations, I can't breathe.",High,0.3,3.4,3.7,2.8,1.8,78.0
Life feels like a constant struggle.,High,5.0,3.6,3.9,3.6,0.8,96.0
I feel like everything is falling apart.,High,1.0,7.5,4.6,5.6,2.6,91.0
I can't take this pressure anymore.,High,4.8,6.3,3.2,2.4,2.8,76.0
I’m stressed and frustrated with everything.,High,3.0,8.5,3.9,4.9,1.8,84.0
Work is draining all my energy and hope.,High,1.6,8.4,3.1,4.5,1.1,75.0
I can't take this pressure anymore.,High,1.8,5.7,3.9,3.7,2.7,86.0
I feel mentally exhausted and helpless.,High,0.9,10.0,4.2,1.8,1.7,79.0
I cry almost every night due to stress.,High,5.7,4.1,4.4,3.0,3.4,100.0
I’m stressed and frustrated with everything.,High,4.5,9.7,5.1,2.2,1.7,93.0
I have no motivation left to continue.,High,0.9,9.1,5.4,1.8,1.1,94.0
Everything feels like too much to handle.,High,4.9,6.0,5.8,4.1,2.8,92.0
I can't take this pressure anymore.,High,6.0,9.2,5.9,5.3,1.8,89.0
My mind is full of worry and fear.,High,4.1,7.8,5.4,4.3,0.9,75.0
"Too many expectations, I can't breathe.",High,3.1,9.7,3.2,1.4,3.2,75.0
I have no motivation left to continue.,High,0.6,8.0,5.8,5.0,1.8,85.0
I'm constantly anxious and scared of failing.,High,0.1,9.5,3.0,4.4,2.7,90.0
I feel mentally exhausted and helpless.,High,4.8,7.0,4.3,3.1,2.4,83.0
"Too many expectations, I can't breathe.",High,2.4,3.6,3.1,5.0,1.0,98.0
Everything feels like too much to handle.,High,0.3,5.8,4.3,5.3,2.0,72.0
My heart is racing and I feel overwhelmed.,High,3.9,9.3,5.6,4.9,3.3,84.0
"Too many expectations, I can't breathe.",High,4.0,4.5,4.2,2.4,0.9,83.0
I'm constantly anxious and scared of failing.,High,0.5,6.1,4.2,3.3,2.2,78.0
"Too many expectations, I can't breathe.",High,3.1,8.9,3.2,5.3,3.2,85.0
"Too many expectations, I can't breathe.",High,0.5,4.8,5.6,3.1,1.1,71.0
My mind is full of worry and fear.,High,0.0,8.2,4.3,3.0,3.0,96.0
Work is draining all my energy and hope.,High,3.7,3.5,5.9,2.9,0.5,83.0
I have no motivation left to continue.,High,5.2,6.9,5.3,1.8,1.9,84.0
I cry almost every night due to stress.,High,3.2,3.8,4.8,5.4,1.5,90.0
My mind is full of worry and fear.,High,5.5,7.7,5.2,1.1,2.2,94.0
I cry almost every night due to stress.,High,4.0,3.0,5.8,3.2,0.7,80.0
My heart is racing and I feel overwhelmed.,High,2.8,6.0,5.1,2.2,1.6,86.0
My heart is racing and I feel overwhelmed.,High,2.1,8.4,4.1,5.7,3.0,96.0
My heart is racing and I feel overwhelmed.,High,5.4,6.0,3.4,5.0,1.5,94.0
Life feels like a constant struggle.,High,4.3,8.2,4.5,4.9,1.6,97.0
I feel like everything is falling apart.,High,3.4,7.7,4.0,1.9,3.0,93.0
"Too many expectations, I can't breathe.",High,2.6,4.1,5.3,3.6,1.3,79.0
I can't take this pressure anymore.,High,1.8,7.4,4.2,2.2,3.4,94.0
I can't take this pressure anymore.,High,4.6,5.7,3.8,3.2,1.2,77.0
Work is draining all my energy and hope.,High,1.8,5.8,3.7,4.3,3.0,78.0
Nothing is going right in my life.,High,4.1,4.5,3.1,3.2,2.1,83.0
Work is draining all my energy and hope.,High,1.3,4.0,3.5,2.9,0.9,81.0
My heart is racing and I feel overwhelmed.,High,5.8,3.4,5.3,3.8,0.7,71.0
Work is draining all my energy and hope.,High,0.9,5.1,3.5,2.2,3.0,71.0
I'm constantly anxious and scared of failing.,High,0.3,6.5,5.3,3.3,2.9,94.0
My heart is racing and I feel overwhelmed.,High,5.9,3.4,4.2,3.4,1.4,91.0
I can’t find peace even for a moment.,High,3.8,6.3,5.1,4.0,0.9,82.0
Life feels like a constant struggle.,High,0.7,9.0,4.1,4.1,3.0,88.0
I'm constantly anxious and scared of failing.,High,1.5,9.7,3.8,6.0,2.0,83.0
Work is draining all my energy and hope.,High,5.9,7.0,5.7,4.7,3.1,100.0
Life feels like a constant struggle.,High,2.3,8.1,4.7,4.9,2.2,88.0
I'm constantly anxious and scared of failing.,High,2.7,7.7,3.1,5.1,3.0,81.0
I have no motivation left to continue.,High,0.9,5.3,5.1,4.6,3.5,99.0
My mind is full of worry and fear.,High,4.2,5.9,4.7,2.9,1.8,91.0
Work is draining all my energy and hope.,High,1.8,3.8,4.2,3.4,2.3,99.0
Everything feels like too much to handle.,High,3.6,5.6,3.7,2.6,2.8,71.0
Life feels like a constant struggle.,High,4.2,3.4,3.8,3.9,1.3,97.0
I have no motivation left to continue.,High,0.7,7.7,4.2,3.9,2.5,86.0
I'm constantly anxious and scared of failing.,High,0.1,6.7,4.2,1.6,1.4,82.0
My mind is full of worry and fear.,High,3.1,8.9,3.1,4.5,1.4,84.0
I'm constantly anxious and scared of failing.,High,5.5,5.5,3.3,3.1,2.4,89.0
I feel mentally exhausted and helpless.,High,3.7,3.1,4.1,2.4,1.4,99.0
I can’t find peace even for a moment.,High,3.9,6.1,3.1,1.4,2.5,90.0
Everything feels like too much to handle.,High,2.1,8.1,3.1,3.9,2.2,90.0
I can’t find peace even for a moment.,High,3.4,9.0,3.2,2.7,2.0,79.0
Nothing is going right in my life.,High,5.6,7.0,3.7,1.3,1.0,83.0
My heart is racing and I feel overwhelmed.,High,2.9,9.2,4.9,5.7,0.9,75.0
I can't take this pressure anymore.,High,4.8,8.6,5.6,3.3,3.1,79.0
I feel like everything is falling apart.,High,5.7,3.5,3.8,4.4,2.8,75.0
I cry almost every night due to stress.,High,2.6,3.9,3.2,4.2,2.3,100.0
I'm constantly anxious and scared of failing.,High,4.5,6.6,4.3,1.4,1.8,75.0
Work is draining all my energy and hope.,High,5.3,9.6,4.7,5.2,0.7,90.0
I cry almost every night due to stress.,High,4.3,9.9,4.7,1.5,0.7,98.0
I feel mentally exhausted and helpless.,High,0.0,5.9,3.4,5.8,2.3,90.0
My heart is racing and I feel overwhelmed.,High,3.0,6.7,5.3,2.2,2.5,87.0
I’m stressed and frustrated with everything.,High,2.6,7.4,3.5,5.4,1.1,81.0
I feel mentally exhausted and helpless.,High,5.6,6.2,3.4,1.6,2.3,80.0
Everything feels like too much to handle.,High,5.7,4.3,5.9,3.1,2.8,73.0
I'm constantly anxious and scared of failing.,High,0.9,6.6,5.3,2.1,1.4,88.0
I can’t find peace even for a moment.,High,4.1,7.8,4.4,4.7,2.0,77.0
I feel mentally exhausted and helpless.,High,5.0,7.8,4.3,4.7,0.9,73.0
"Too many expectations, I can't breathe.",High,2.9,7.7,4.5,1.8,1.9,78.0
My heart is racing and I feel overwhelmed.,High,2.1,4.2,4.7,5.8,2.9,80.0
Life feels like a constant struggle.,High,3.2,6.6,3.1,2.0,2.7,89.0
I cry almost every night due to stress.,High,3.2,5.1,5.6,4.9,3.5,92.0
I can't take this pressure anymore.,High,5.5,6.1,4.5,3.8,1.0,74.0
Work is draining all my energy and hope.,High,3.3,9.5,5.4,3.5,2.0,73.0
My heart is racing and I feel overwhelmed.,High,3.1,10.0,3.1,2.8,1.9,71.0
I’m stressed and frustrated with everything.,High,4.3,8.9,5.0,4.1,0.8,87.0
Work is draining all my energy and hope.,High,5.3,9.3,3.8,4.5,1.9,77.0
I feel mentally exhausted and helpless.,High,4.1,9.7,3.3,5.3,1.5,75.0
I can’t find peace even for a moment.,High,2.6,7.7,5.8,2.9,2.8,70.0
I feel like everything is falling apart.,High,1.5,5.5,5.9,4.7,3.0,74.0
My mind is full of worry and fear.,High,2.0,6.4,4.9,2.8,0.9,90.0
Nothing is going right in my life.,High,4.0,4.2,5.9,5.9,2.1,79.0
I'm constantly anxious and scared of failing.,High,3.4,3.9,4.0,3.2,1.0,76.0
I feel like everything is falling apart.,High,2.8,8.4,5.5,1.3,2.8,93.0
Life feels like a constant struggle.,High,2.1,8.9,3.8,5.1,3.5,75.0
I can’t find peace even for a moment.,High,4.7,6.8,5.3,3.3,3.4,73.0
I can’t find peace even for a moment.,High,2.3,5.3,5.4,1.6,1.6,100.0
I can’t find peace even for a moment.,High,2.3,8.2,3.9,2.1,1.6,100.0
I can’t find peace even for a moment.,High,0.8,3.7,5.0,4.9,3.3,74.0
My mind is full of worry and fear.,High,3.2,7.9,6.0,2.5,3.1,91.0
I feel like everything is falling apart.,High,1.8,3.9,5.1,1.5,1.5,98.0
Work is draining all my energy and hope.,High,2.9,7.3,3.4,3.1,3.5,79.0
My heart is racing and I feel overwhelmed.,High,4.4,6.1,3.6,3.8,0.9,95.0
Nothing is going right in my life.,High,5.0,3.1,3.1,1.3,2.4,82.0
"Too many expectations, I can't breathe.",High,5.3,5.6,3.9,2.5,2.9,98.0
I’m stressed and frustrated with everything.,High,4.9,9.2,3.2,1.1,2.0,73.0
I have no motivation left to continue.,High,0.4,3.1,5.3,5.0,2.9,84.0
I have no motivation left to continue.,High,4.2,8.6,4.1,3.2,1.5,71.0
I'm constantly anxious and scared of failing.,High,1.7,3.1,5.6,5.9,1.0,89.0
Life feels like a constant struggle.,High,4.3,7.5,4.8,2.7,1.0,97.0
I feel like everything is falling apart.,High,3.8,9.1,4.6,3.7,3.0,72.0
I can’t find peace even for a moment.,High,5.2,8.4,4.3,3.1,0.9,74.0
I’m stressed and frustrated with everything.,High,6.0,3.7,3.1,5.3,0.8,100.0
I cry almost every night due to stress.,High,2.1,4.3,5.0,3.0,1.0,93.0
Work is draining all my energy and hope.,High,3.5,5.7,4.0,1.3,2.8,91.0
I can't take this pressure anymore.,High,1.1,7.1,4.2,2.7,0.8,82.0
Everything feels like too much to handle.,High,0.1,5.2,3.2,3.7,3.1,70.0
I cry almost every night due to stress.,High,4.5,8.6,4.0,4.5,0.5,98.0
Life feels like a constant struggle.,High,3.0,9.1,3.2,5.8,1.9,77.0
I’m stressed and frustrated with everything.,High,2.4,5.4,4.6,3.0,1.3,70.0
Everything feels like too much to handle.,High,3.9,9.7,5.3,5.8,1.5,99.0
I’m stressed and frustrated with everything.,High,1.1,8.4,3.0,4.8,0.9,85.0
"Too many expectations, I can't breathe.",High,5.3,3.2,3.7,2.4,1.4,100.0
I have no motivation left to continue.,High,2.7,8.6,5.2,5.5,2.4,90.0
Everything feels like too much to handle.,High,2.7,5.6,5.5,5.8,2.0,80.0
I feel mentally exhausted and helpless.,High,5.1,5.5,3.2,4.8,3.2,76.0
Work is draining all my energy and hope.,High,1.1,3.4,4.8,4.9,3.0,70.0
My heart is racing and I feel overwhelmed.,High,0.0,6.9,3.7,1.4,0.7,95.0
I'm constantly anxious and scared of failing.,High,5.5,9.4,3.6,3.0,2.2,85.0
I can't take this pressure anymore.,High,5.1,9.6,4.2,4.8,1.5,73.0
"Too many expectations, I can't breathe.",High,5.5,7.1,4.7,5.6,2.7,90.0
My heart is racing and I feel overwhelmed.,High,2.0,9.6,5.3,2.7,2.4,88.0
I can't take this pressure anymore.,High,1.7,8.1,4.3,3.4,1.8,91.0
I can’t find peace even for a moment.,High,3.7,6.5,4.4,2.0,3.0,97.0
"Too many expectations, I can't breathe.",High,5.0,8.6,4.8,1.8,2.8,100.0
I feel like everything is falling apart.,High,4.9,5.1,3.5,2.4,0.7,71.0
Work is draining all my energy and hope.,High,0.8,8.4,4.8,5.3,1.4,80.0
I have no motivation left to continue.,High,3.5,7.5,5.2,5.0,1.3,81.0
Life feels like a constant struggle.,High,3.4,5.3,4.8,5.2,2.0,82.0
I feel like everything is falling apart.,High,2.8,8.3,3.2,5.7,1.6,88.0
I feel like everything is falling apart.,High,4.1,5.9,3.9,4.4,2.4,81.0
Nothing is going right in my life.,High,2.1,8.6,3.7,1.5,3.0,75.0
I can't take this pressure anymore.,High,3.4,8.8,4.9,2.5,1.5,100.0
I'm constantly anxious and scared of failing.,High,3.9,3.7,3.7,5.0,1.1,96.0
I have no motivation left to continue.,High,5.7,7.5,3.1,3.8,0.7,99.0
Everything feels like too much to handle.,High,4.0,8.0,5.5,3.3,1.9,88.0
I have no motivation left to continue.,High,2.0,6.2,5.3,1.9,2.2,81.0
Work is draining all my energy and hope.,High,0.6,4.3,5.7,2.9,1.1,91.0
I can't take this pressure anymore.,High,3.5,4.0,5.2,1.2,1.8,84.0
Work is draining all my energy and hope.,High,4.2,4.9,4.0,4.0,0.7,93.0
I feel mentally exhausted and helpless.,High,4.6,4.5,4.3,3.2,1.6,81.0
I have no motivation left to continue.,High,5.8,5.7,3.3,5.7,3.5,74.0
I can’t find peace even for a moment.,High,0.8,3.6,3.1,3.2,3.4,85.0
I feel mentally exhausted and helpless.,High,3.9,4.2,3.3,3.1,3.5,97.0
My mind is full of worry and fear.,High,4.7,7.1,5.0,4.9,0.9,99.0
I feel like everything is falling apart.,High,5.8,8.9,3.0,2.4,3.3,98.0
Life feels like a constant struggle.,High,3.0,6.5,4.1,5.7,1.2,71.0
I can't take this pressure anymore.,High,0.9,7.0,5.1,1.9,3.0,73.0
My mind is full of worry and fear.,High,1.2,3.1,6.0,2.6,1.9,93.0
I cry almost every night due to stress.,High,3.2,8.5,5.8,5.6,1.2,78.0
Everything feels like too much to handle.,High,1.6,3.5,5.6,3.2,1.4,97.0
I can’t find peace even for a moment.,High,5.6,5.2,3.7,2.5,0.8,74.0
I feel mentally exhausted and helpless.,High,2.1,5.8,3.7,5.3,0.9,93.0
My heart is racing and I feel overwhelmed.,High,3.4,3.8,5.0,4.4,2.1,70.0
Life feels like a constant struggle.,High,5.7,4.8,5.6,3.8,2.5,93.0
I can't take this pressure anymore.,High,1.8,9.9,4.9,2.8,0.5,97.0
Nothing is going right in my life.,High,0.3,3.7,4.6,3.3,2.7,78.0
I cry almost every night due to stress.,High,1.4,9.1,5.1,3.4,0.9,72.0
I’m stressed and frustrated with everything.,High,4.2,7.4,3.8,4.4,2.8,76.0
I’m stressed and frustrated with everything.,High,3.8,3.8,6.0,4.9,3.1,72.0
I can’t find peace even for a moment.,High,1.1,5.1,4.0,3.3,3.5,74.0
Life feels like a constant struggle.,High,0.5,7.8,5.9,5.3,1.8,91.0
I feel like everything is falling apart.,High,1.7,8.7,4.8,2.6,2.8,89.0
I'm constantly anxious and scared of failing.,High,5.3,7.4,4.9,1.5,1.3,87.0
I cry almost every night due to stress.,High,1.9,8.0,4.9,4.8,0.6,87.0
Everything feels like too much to handle.,High,3.0,7.5,4.6,4.7,2.7,73.0
I cry almost every night due to stress.,High,4.1,5.1,4.4,3.7,3.4,82.0
I’m stressed and frustrated with everything.,High,3.1,5.7,5.6,4.6,2.3,92.0
Everything feels like too much to handle.,High,3.6,7.8,5.5,1.6,0.8,83.0
Nothing is going right in my life.,High,3.7,3.7,3.3,4.0,3.2,80.0
I have no motivation left to continue.,High,4.0,8.5,3.8,2.6,3.1,75.0
My heart is racing and I feel overwhelmed.,High,3.0,3.2,3.7,3.9,2.9,76.0
My mind is full of worry and fear.,High,4.3,4.6,4.7,3.9,3.3,92.0
I can’t find peace even for a moment.,High,4.4,9.0,5.8,4.6,3.1,97.0
Everything feels like too much to handle.,High,5.9,7.0,5.1,2.9,3.3,81.0
I can’t find peace even for a moment.,High,3.8,4.2,3.1,4.4,2.3,86.0
My heart is racing and I feel overwhelmed.,High,2.2,4.4,3.5,2.3,1.0,84.0
My heart is racing and I feel overwhelmed.,High,5.8,4.4,5.4,5.8,2.0,100.0
I feel like everything is falling apart.,High,0.1,3.6,6.0,4.6,3.1,93.0
Work is draining all my energy and hope.,High,5.4,7.0,3.1,5.5,1.0,83.0
My heart is racing and I feel overwhelmed.,High,4.3,4.5,4.6,3.5,2.4,97.0
I feel mentally exhausted and helpless.,High,2.6,3.1,4.4,4.5,0.8,90.0
Nothing is going right in my life.,High,5.8,5.9,6.0,2.9,3.1,72.0
I have no motivation left to continue.,High,5.6,9.2,3.4,5.1,1.2,99.0
Nothing is going right in my life.,High,0.6,8.8,4.3,4.4,2.1,96.0
I can’t find peace even for a moment.,High,4.5,5.9,4.7,2.1,1.8,72.0
My mind is full of worry and fear.,High,1.4,8.6,5.5,3.1,2.5,91.0
I feel like everything is falling apart.,High,3.8,9.1,5.5,1.3,3.1,97.0
"Too many expectations, I can't breathe.",High,5.3,6.3,5.9,3.1,3.0,80.0
My heart is racing and I feel overwhelmed.,High,5.3,8.5,3.2,5.4,3.5,83.0
"Too many expectations, I can't breathe.",High,3.5,7.0,3.6,1.7,3.3,74.0
"Too many expectations, I can't breathe.",High,0.8,4.9,4.8,1.5,1.6,70.0
I’m stressed and frustrated with everything.,High,2.0,3.9,3.1,2.4,2.0,84.0
Work is draining all my energy and hope.,High,0.1,7.9,5.8,2.4,1.0,73.0
My heart is racing and I feel overwhelmed.,High,0.5,9.9,4.0,1.5,1.5,84.0
I feel like everything is falling apart.,High,3.0,8.3,6.0,5.3,2.0,72.0
"Too many expectations, I can't breathe.",High,4.5,7.0,5.2,3.4,3.2,86.0
I have no motivation left to continue.,High,0.4,4.9,5.7,2.4,0.9,87.0
I cry almost every night due to stress.,High,3.2,6.7,3.2,1.4,2.7,75.0
I can’t find peace even for a moment.,High,3.7,5.9,4.9,3.7,0.7,98.0
Nothing is going right in my life.,High,1.1,7.5,5.3,5.7,1.1,73.0
I’m stressed and frustrated with everything.,High,3.9,3.7,4.6,5.1,1.3,74.0
I can't take this pressure anymore.,High,2.6,7.5,4.8,4.8,1.7,76.0
I have no motivation left to continue.,High,1.9,3.3,5.3,1.8,2.6,73.0
I can't take this pressure anymore.,High,0.9,6.2,4.7,3.7,1.6,79.0
Life feels like a constant struggle.,High,5.1,3.4,4.2,3.2,2.7,86.0
Life feels like a constant struggle.,High,3.7,6.0,3.5,1.7,2.3,73.0
I feel like everything is falling apart.,High,3.7,3.8,4.4,5.9,2.1,75.0
Everything feels like too much to handle.,High,4.2,8.0,5.5,3.7,3.2,83.0
"Too many expectations, I can't breathe.",High,5.9,6.1,3.8,1.7,3.3,96.0
I’m stressed and frustrated with everything.,High,2.0,3.8,3.3,4.7,1.3,75.0
I have no motivation left to continue.,High,4.7,5.0,4.1,4.2,1.1,84.0
Nothing is going right in my life.,High,1.2,4.0,5.7,1.3,1.1,77.0
Work is draining all my energy and hope.,High,4.0,4.6,5.7,3.5,2.6,99.0
Work is draining all my energy and hope.,High,4.9,5.9,6.0,4.6,1.1,73.0
"Too many expectations, I can't breathe.",High,3.5,3.7,3.2,5.1,3.4,86.0
"Too many expectations, I can't breathe.",High,4.8,4.4,5.6,4.4,0.7,94.0
I have no motivation left to continue.,High,1.5,7.1,5.9,4.9,3.4,80.0
My heart is racing and I feel overwhelmed.,High,5.3,6.5,3.8,5.6,2.0,99.0
I have no motivation left to continue.,High,4.8,7.5,5.0,2.7,3.4,78.0
I can’t find peace even for a moment.,High,0.0,4.7,3.8,4.4,3.2,87.0
I can’t find peace even for a moment.,High,4.2,3.8,3.1,2.4,1.8,97.0
I'm constantly anxious and scared of failing.,High,0.3,7.4,3.3,1.1,2.4,95.0
Nothing is going right in my life.,High,1.0,7.9,4.2,4.0,2.5,88.0
I feel mentally exhausted and helpless.,High,5.8,3.2,3.7,3.3,1.8,72.0
My mind is full of worry and fear.,High,5.3,7.4,3.5,3.6,2.0,96.0
"Too many expectations, I can't breathe.",High,3.6,8.6,5.3,1.4,3.4,87.0
Work is draining all my energy and hope.,High,0.5,5.1,5.9,4.3,3.1,70.0
I can't take this pressure anymore.,High,2.3,6.2,5.5,3.4,2.4,74.0
Life feels like a constant struggle.,High,4.0,8.9,4.0,1.9,2.5,93.0
I can't take this pressure anymore.,High,1.7,6.9,4.9,3.2,2.8,94.0
I can't take this pressure anymore.,High,0.8,3.4,5.7,3.1,3.2,96.0
Life feels like a constant struggle.,High,4.5,8.0,4.9,4.0,2.8,81.0
I cry almost every night due to stress.,High,2.6,5.3,3.8,5.1,2.4,90.0
I have no motivation left to continue.,High,5.7,5.3,5.8,4.7,3.4,99.0
Everything feels like too much to handle.,High,1.5,8.0,5.5,5.5,2.2,98.0
I feel mentally exhausted and helpless.,High,4.2,10.0,3.5,5.2,2.4,83.0
I cry almost every night due to stress.,High,2.1,9.8,5.3,1.7,2.0,88.0
Work is draining all my energy and hope.,High,0.6,6.5,3.6,4.9,2.1,90.0
My heart is racing and I feel overwhelmed.,High,1.5,7.6,4.3,5.1,3.4,95.0
Everything feels like too much to handle.,High,3.7,7.3,3.1,3.0,2.2,93.0
I cry almost every night due to stress.,High,1.5,6.0,5.5,5.8,1.5,97.0
My mind is full of worry and fear.,High,0.6,4.0,4.3,4.2,1.9,98.0
Everything feels like too much to handle.,High,1.7,6.7,4.4,3.8,1.8,85.0
I feel like everything is falling apart.,High,1.3,6.6,6.0,4.8,0.8,86.0
Work is draining all my energy and hope.,High,4.5,9.6,4.3,5.7,1.1,73.0
I cry almost every night due to stress.,High,4.0,4.2,4.8,1.6,0.8,97.0
I feel mentally exhausted and helpless.,High,4.4,3.7,5.3,3.7,1.2,87.0
Life feels like a constant struggle.,High,5.0,5.1,3.8,5.4,3.3,100.0
I can’t find peace even for a moment.,High,1.8,6.2,4.3,1.4,2.2,79.0
I cry almost every night due to stress.,High,4.8,7.8,4.1,3.9,1.5,76.0
"Too many expectations, I can't breathe.",High,1.9,9.9,4.7,4.6,2.6,100.0
I cry almost every night due to stress.,High,0.2,7.9,5.4,5.4,2.8,100.0
Work is draining all my energy and hope.,High,5.1,3.3,3.9,1.2,2.6,86.0
My mind is full of worry and fear.,High,5.8,3.2,3.1,1.2,2.8,86.0
I feel mentally exhausted and helpless.,High,2.5,4.8,5.4,4.0,1.3,86.0
Everything feels like too much to handle.,High,3.2,4.2,3.9,2.1,1.7,95.0
I’m stressed and frustrated with everything.,High,4.2,7.9,5.0,3.6,2.4,84.0
I have no motivation left to continue.,High,3.4,8.5,5.2,5.9,1.2,90.0
"Too many expectations, I can't breathe.",High,4.8,8.3,5.6,2.6,1.9,98.0
I feel like everything is falling apart.,High,5.0,5.5,5.5,4.7,0.5,83.0
I feel mentally exhausted and helpless.,High,2.6,9.6,3.9,4.0,2.0,96.0
I feel mentally exhausted and helpless.,High,1.0,8.3,3.3,4.5,3.1,77.0
I can’t find peace even for a moment.,High,0.3,4.1,4.0,4.7,0.8,92.0
I cry almost every night due to stress.,High,5.2,7.9,4.3,2.1,2.3,71.0
I feel like everything is falling apart.,High,0.5,6.9,5.6,2.7,1.9,74.0
Nothing is going right in my life.,High,4.3,4.1,3.7,3.8,3.1,74.0
Work is draining all my energy and hope.,High,2.1,4.7,3.8,3.4,2.8,75.0
I can’t find peace even for a moment.,High,1.0,6.5,3.7,2.8,3.2,85.0
Everything feels like too much to handle.,High,4.5,8.3,4.9,1.1,1.7,70.0
I can’t find peace even for a moment.,High,1.0,6.2,3.8,4.7,2.6,88.0
I'm constantly anxious and scared of failing.,High,2.1,3.8,4.3,2.8,0.8,72.0
I'm constantly anxious and scared of failing.,High,4.0,9.0,5.4,2.6,0.7,96.0
My mind is full of worry and fear.,High,5.1,5.0,5.2,5.5,2.0,86.0
I feel like everything is falling apart.,High,3.9,5.3,3.8,4.5,1.8,88.0
Work is draining all my energy and hope.,High,3.7,9.3,5.1,2.1,2.7,71.0
I can't take this pressure anymore.,High,2.7,7.4,4.4,3.2,2.7,99.0
My heart is racing and I feel overwhelmed.,High,3.1,6.4,5.6,4.7,1.7,82.0
I feel mentally exhausted and helpless.,High,4.8,6.5,5.6,3.0,0.5,93.0
Nothing is going right in my life.,High,5.1,8.1,3.7,2.7,1.5,82.0
I’m stressed and frustrated with everything.,High,3.9,5.5,4.1,4.8,2.5,78.0
My mind is full of worry and fear.,High,1.6,6.2,3.4,2.5,0.5,79.0
Nothing is going right in my life.,High,2.2,4.7,3.1,5.9,2.9,71.0
"Too many expectations, I can't breathe.",High,2.1,9.6,3.5,5.5,3.0,94.0
Nothing is going right in my life.,High,3.7,7.7,3.4,2.0,3.2,87.0
My heart is racing and I feel overwhelmed.,High,3.0,8.3,3.5,1.2,2.6,82.0
Everything feels like too much to handle.,High,2.9,3.2,4.2,4.6,3.0,76.0
My mind is full of worry and fear.,High,4.6,4.8,4.2,6.0,2.6,97.0
My mind is full of worry and fear.,High,5.3,9.3,3.8,1.7,1.2,81.0
I'm constantly anxious and scared of failing.,High,4.7,7.9,4.7,1.7,3.3,80.0
I can’t find peace even for a moment.,High,5.2,8.6,4.3,3.1,2.1,79.0
Life feels like a constant struggle.,High,0.3,5.3,5.4,5.2,2.4,74.0
I cry almost every night due to stress.,High,4.3,7.4,4.5,4.3,3.5,77.0
My mind is full of worry and fear.,High,1.4,7.3,5.1,4.6,1.7,94.0
"Too many expectations, I can't breathe.",High,1.6,3.8,4.9,4.7,0.9,76.0
Work is draining all my energy and hope.,High,4.8,9.6,4.8,5.0,3.0,94.0
I’m stressed and frustrated with everything.,High,3.6,7.6,4.6,4.7,2.4,75.0
I'm constantly anxious and scared of failing.,High,3.7,9.6,5.6,3.1,3.2,86.0
I can't take this pressure anymore.,High,3.1,9.9,5.6,5.7,2.5,78.0
I feel like everything is falling apart.,High,0.6,4.8,3.7,4.7,2.6,86.0
Life feels like a constant struggle.,High,5.1,7.8,3.0,3.9,2.1,80.0
I feel mentally exhausted and helpless.,High,0.6,7.7,3.5,3.8,1.9,80.0
My mind is full of worry and fear.,High,1.2,3.3,4.5,2.8,2.8,70.0
I cry almost every night due to stress.,High,3.7,9.9,3.9,3.0,2.7,97.0
I can't take this pressure anymore.,High,1.5,9.2,4.8,4.3,1.3,85.0
I can’t find peace even for a moment.,High,1.9,5.0,3.2,3.0,1.6,72.0
Life feels like a constant struggle.,High,5.4,6.7,5.0,4.2,2.1,73.0
Life feels like a constant struggle.,High,0.8,6.4,3.3,3.2,1.7,77.0
I'm constantly anxious and scared of failing.,High,0.1,6.8,5.5,3.2,1.5,77.0
Nothing is going right in my life.,High,1.8,9.5,3.9,4.2,1.0,86.0
I have no motivation left to continue.,High,5.8,7.6,4.3,2.1,2.1,86.0
Work is draining all my energy and hope.,High,5.7,4.3,4.5,3.4,2.0,86.0
Nothing is going right in my life.,High,4.9,3.2,5.3,5.7,2.8,91.0
I’m stressed and frustrated with everything.,High,3.3,5.5,5.6,5.0,1.8,72.0
My mind is full of worry and fear.,High,2.1,4.4,4.3,5.8,0.8,74.0
My mind is full of worry and fear.,High,6.0,7.2,5.9,2.4,2.0,82.0
I feel mentally exhausted and helpless.,High,0.4,9.5,4.9,3.2,1.2,70.0
I have no motivation left to continue.,High,1.7,7.2,4.2,4.5,3.3,71.0
I cry almost every night due to stress.,High,1.7,8.0,5.8,3.8,1.2,97.0
I can’t find peace even for a moment.,High,6.0,3.2,3.2,1.3,0.7,92.0
I feel like everything is falling apart.,High,4.1,8.8,5.7,1.9,2.3,73.0
I cry almost every night due to stress.,High,5.5,8.2,4.1,3.5,2.3,84.0
Nothing is going right in my life.,High,2.8,5.7,5.3,3.8,1.4,95.0
My mind is full of worry and fear.,High,0.1,3.3,3.2,5.7,1.1,74.0
I can't take this pressure anymore.,High,1.9,6.7,4.5,5.9,2.8,81.0
Life feels like a constant struggle.,High,4.9,7.0,3.5,1.4,2.8,92.0
"Too many expectations, I can't breathe.",High,4.2,3.8,3.7,4.3,1.2,84.0
My mind is full of worry and fear.,High,1.1,6.9,3.8,4.6,0.5,89.0
I have no motivation left to continue.,High,3.7,9.6,5.2,1.2,3.1,78.0
Work is draining all my energy and hope.,High,5.6,7.0,3.9,5.0,0.9,83.0
"Too many expectations, I can't breathe.",High,2.0,5.8,4.8,3.1,1.4,84.0
I have no motivation left to continue.,High,5.8,9.1,5.4,5.1,1.2,77.0
Everything feels like too much to handle.,High,4.3,4.4,4.5,5.1,3.3,70.0
My heart is racing and I feel overwhelmed.,High,4.0,9.5,4.6,1.1,0.8,77.0
Work is draining all my energy and hope.,High,4.1,7.7,3.5,1.9,1.6,71.0
My heart is racing and I feel overwhelmed.,High,3.4,7.3,4.7,1.2,1.3,86.0
My mind is full of worry and fear.,High,5.4,7.2,3.9,5.1,2.0,97.0
I have no motivation left to continue.,High,0.1,9.6,4.7,3.0,3.2,98.0
I’m stressed and frustrated with everything.,High,5.2,6.6,4.2,4.5,1.6,92.0
I have no motivation left to continue.,High,5.0,4.0,5.9,2.8,2.6,94.0
"Too many expectations, I can't breathe.",High,1.4,5.3,4.3,3.9,0.8,71.0
I’m stressed and frustrated with everything.,High,1.9,9.8,4.2,2.5,0.8,90.0
I cry almost every night due to stress.,High,0.7,4.7,6.0,4.4,1.1,75.0
Life feels like a constant struggle.,High,0.8,7.2,3.8,4.9,2.9,73.0
Life feels like a constant struggle.,High,2.6,8.6,3.7,5.0,3.4,73.0
I’m stressed and frustrated with everything.,High,2.2,3.6,5.8,3.5,3.2,84.0
I can’t find peace even for a moment.,High,5.3,3.3,5.3,3.7,1.7,76.0
Everything feels like too much to handle.,High,5.4,4.4,5.9,2.3,1.7,82.0
I have no motivation left to continue.,High,0.5,9.1,4.6,1.8,2.9,85.0
Life feels like a constant struggle.,High,1.3,7.1,3.2,1.5,2.2,91.0
I'm constantly anxious and scared of failing.,High,4.4,3.1,5.4,5.5,3.4,82.0
I feel like everything is falling apart.,High,4.1,8.7,3.9,2.4,1.7,86.0
Work is draining all my energy and hope.,High,2.5,5.8,4.1,2.8,1.7,70.0
I cry almost every night due to stress.,High,0.2,7.9,4.6,1.7,0.8,92.0
I feel mentally exhausted and helpless.,High,5.3,6.4,4.1,3.5,0.5,71.0
Nothing is going right in my life.,High,4.5,8.8,4.4,2.7,2.8,92.0
Work is draining all my energy and hope.,High,3.2,6.4,3.4,2.8,2.7,87.0
Life feels like a constant struggle.,High,3.7,9.2,4.5,3.7,0.5,95.0
Nothing is going right in my life.,High,0.2,5.0,3.2,4.8,2.1,100.0
Everything feels like too much to handle.,High,5.9,8.4,4.7,3.3,3.3,94.0
I can't take this pressure anymore.,High,1.2,6.6,5.5,2.8,3.3,72.0
I'm constantly anxious and scared of failing.,High,2.2,3.6,5.7,5.8,0.9,80.0
"Too many expectations, I can't breathe.",High,5.9,7.7,3.2,4.6,2.7,87.0
I can’t find peace even for a moment.,High,3.4,8.7,5.7,1.5,3.5,76.0
My heart is racing and I feel overwhelmed.,High,1.8,5.3,5.4,2.9,1.4,83.0
I cry almost every night due to stress.,High,0.9,7.8,5.1,2.7,1.8,74.0
I can’t find peace even for a moment.,High,1.8,8.7,5.1,1.8,1.6,97.0
Nothing is going right in my life.,High,2.6,9.7,5.5,2.1,1.2,100.0
Life feels like a constant struggle.,High,4.7,6.8,3.7,2.3,2.1,88.0
I can't take this pressure anymore.,High,2.3,3.4,5.1,3.3,2.5,81.0
Nothing is going right in my life.,High,4.6,5.5,3.1,3.1,0.6,85.0
I can’t find peace even for a moment.,High,4.4,4.4,5.1,2.6,1.7,78.0
Work is draining all my energy and hope.,High,4.1,5.7,4.6,4.2,1.2,82.0
I feel mentally exhausted and helpless.,High,5.1,4.6,4.6,4.8,0.6,92.0
I can’t find peace even for a moment.,High,2.2,8.8,3.5,3.0,1.9,88.0
Life feels like a constant struggle.,High,3.9,4.6,5.1,5.2,1.8,99.0
I'm constantly anxious and scared of failing.,High,6.0,8.8,5.9,2.9,1.1,87.0
I’m stressed and frustrated with everything.,High,5.5,8.7,5.2,2.7,1.7,78.0
My heart is racing and I feel overwhelmed.,High,4.1,5.7,5.0,4.1,1.4,74.0
I can't take this pressure anymore.,High,1.5,5.8,3.4,3.6,2.5,89.0
I can’t find peace even for a moment.,High,4.0,7.2,5.2,3.9,1.3,98.0
I feel mentally exhausted and helpless.,High,1.0,5.4,5.6,1.8,3.4,98.0
Life feels like a constant struggle.,High,1.7,4.7,4.5,5.5,1.3,100.0
I’m stressed and frustrated with everything.,High,4.9,8.8,4.7,5.4,1.9,82.0
"Too many expectations, I can't breathe.",High,4.9,6.8,3.2,1.3,1.0,90.0
I cry almost every night due to stress.,High,0.9,9.7,4.3,1.4,2.2,85.0
I feel mentally exhausted and helpless.,High,4.8,7.0,3.7,4.4,2.5,81.0
Everything feels like too much to handle.,High,1.6,5.6,3.3,4.0,1.0,71.0
I cry almost every night due to stress.,High,0.7,6.3,3.4,5.0,3.2,95.0
Work is draining all my energy and hope.,High,2.5,5.1,5.4,1.5,1.4,86.0
I’m stressed and frustrated with everything.,High,2.9,3.2,4.0,1.2,3.2,92.0
Nothing is going right in my life.,High,1.2,3.2,4.2,1.9,2.7,73.0
I'm constantly anxious and scared of failing.,High,3.7,8.1,4.1,2.7,2.3,84.0
"Too many expectations, I can't breathe.",High,0.2,3.9,4.4,3.3,0.9,78.0
My mind is full of worry and fear.,High,4.8,8.5,3.4,2.6,3.0,97.0
Life feels like a constant struggle.,High,4.8,5.8,4.6,4.9,2.1,95.0
I can't take this pressure anymore.,High,4.1,8.9,3.2,3.7,2.4,100.0
My heart is racing and I feel overwhelmed.,High,5.2,7.3,3.6,5.8,1.6,100.0
Life feels like a constant struggle.,High,1.6,9.3,3.7,3.6,1.3,95.0
I cry almost every night due to stress.,High,1.6,4.8,4.8,2.6,1.2,77.0
I feel mentally exhausted and helpless.,High,1.2,5.4,5.3,3.6,2.9,79.0
I can’t find peace even for a moment.,High,6.0,5.7,4.1,1.8,2.2,90.0
I have no motivation left to continue.,High,5.4,8.4,4.9,4.9,3.2,92.0
I cry almost every night due to stress.,High,4.7,5.1,3.5,1.7,1.3,87.0
I feel mentally exhausted and helpless.,High,4.8,6.9,3.6,2.2,3.4,100.0
I'm constantly anxious and scared of failing.,High,3.4,3.9,5.3,4.0,1.5,73.0
I can’t find peace even for a moment.,High,2.4,6.1,5.7,1.6,1.5,79.0
Work is draining all my energy and hope.,High,0.4,3.0,3.7,1.8,1.2,99.0
Life feels like a constant struggle.,High,5.1,6.9,5.9,1.0,0.6,94.0
I cry almost every night due to stress.,High,2.9,9.6,5.9,4.8,1.4,92.0
My heart is racing and I feel overwhelmed.,High,4.1,6.2,4.5,2.3,1.7,81.0
My heart is racing and I feel overwhelmed.,High,3.0,5.1,5.7,5.9,2.4,87.0
Nothing is going right in my life.,High,1.3,5.7,5.6,4.0,1.0,90.0
I can't take this pressure anymore.,High,2.5,6.1,5.4,2.6,1.7,91.0
Nothing is going right in my life.,High,5.2,4.4,5.1,1.7,0.6,86.0
My mind is full of worry and fear.,High,2.9,5.2,5.2,3.0,2.5,85.0
My heart is racing and I feel overwhelmed.,High,2.2,4.0,3.7,2.3,2.7,72.0
Everything feels like too much to handle.,High,1.9,3.6,4.3,2.6,2.0,86.0
I can’t find peace even for a moment.,High,4.7,4.3,5.0,1.6,1.8,95.0
Work is draining all my energy and hope.,High,5.7,7.5,5.3,5.3,2.5,75.0
I'm constantly anxious and scared of failing.,High,4.7,6.8,3.1,2.1,1.5,93.0
I can’t find peace even for a moment.,High,0.9,3.9,5.0,2.7,0.9,93.0
I have no motivation left to continue.,High,2.7,9.8,5.0,5.8,0.9,84.0
I feel mentally exhausted and helpless.,High,0.9,6.7,5.8,3.8,0.9,71.0
My heart is racing and I feel overwhelmed.,High,0.4,5.4,4.6,3.3,1.8,91.0
I can’t find peace even for a moment.,High,2.6,3.4,4.6,1.7,2.3,91.0
I have no motivation left to continue.,High,3.6,9.3,4.1,2.5,2.7,87.0
I’m stressed and frustrated with everything.,High,0.8,8.2,3.8,5.8,2.1,97.0
I feel mentally exhausted and helpless.,High,2.4,3.8,3.8,5.3,1.1,94.0
I have no motivation left to continue.,High,0.7,7.3,5.5,3.2,2.5,79.0
My mind is full of worry and fear.,High,0.0,4.1,3.2,3.8,0.6,87.0
I feel like everything is falling apart.,High,4.4,3.5,4.3,3.1,2.9,93.0
I feel like everything is falling apart.,High,1.2,3.6,4.3,1.5,2.4,81.0
Work is draining all my energy and hope.,High,2.5,4.7,4.0,3.0,0.5,75.0
I feel mentally exhausted and helpless.,High,1.5,7.5,3.4,3.2,1.9,74.0
I feel mentally exhausted and helpless.,High,5.8,5.9,5.6,2.9,2.8,77.0
I feel like everything is falling apart.,High,5.7,4.2,4.6,3.9,2.8,96.0
I'm constantly anxious and scared of failing.,High,1.2,7.2,4.6,3.9,1.6,100.0
Life feels like a constant struggle.,High,4.5,7.6,4.5,4.4,3.0,85.0
I'm constantly anxious and scared of failing.,High,5.2,3.7,5.5,4.4,1.7,77.0
"Too many expectations, I can't breathe.",High,5.4,4.9,3.4,5.5,3.2,85.0
I cry almost every night due to stress.,High,2.2,3.5,3.5,1.8,0.9,91.0
I can't take this pressure anymore.,High,3.7,8.8,4.1,2.4,1.7,93.0
I have no motivation left to continue.,High,4.8,6.3,5.4,5.4,0.8,85.0
I cry almost every night due to stress.,High,4.8,9.2,4.0,1.6,2.9,89.0
I have no motivation left to continue.,High,5.2,3.4,4.2,2.3,2.8,97.0
Life feels like a constant struggle.,High,5.3,4.7,4.2,4.1,1.0,78.0
I feel mentally exhausted and helpless.,High,3.5,6.4,4.0,3.0,0.5,78.0
I feel mentally exhausted and helpless.,High,2.9,8.4,5.0,4.4,1.8,82.0
Work is draining all my energy and hope.,High,4.2,6.0,4.2,1.8,2.0,82.0
I can’t find peace even for a moment.,High,1.6,9.9,3.5,3.5,2.1,79.0
I can’t find peace even for a moment.,High,0.6,8.5,3.9,3.8,2.6,74.0
I can’t find peace even for a moment.,High,0.5,6.0,3.7,3.0,0.8,76.0
I'm constantly anxious and scared of failing.,High,3.6,3.6,5.1,4.9,0.5,86.0
I feel mentally exhausted and helpless.,High,0.8,6.6,5.1,4.3,1.7,84.0
My mind is full of worry and fear.,High,2.3,6.1,5.8,1.6,2.7,75.0
Nothing is going right in my life.,High,3.3,7.7,4.0,3.0,2.5,98.0
I feel like everything is falling apart.,High,5.2,3.1,4.9,3.5,2.3,85.0
I feel like everything is falling apart.,High,3.0,8.9,5.2,5.2,3.0,96.0
I'm constantly anxious and scared of failing.,High,3.4,8.9,5.2,5.8,2.9,93.0
I feel like everything is falling apart.,High,5.1,7.5,4.9,4.0,2.5,83.0
I can't take this pressure anymore.,High,2.4,7.6,4.3,3.3,1.1,95.0
My mind is full of worry and fear.,High,4.0,3.7,4.4,4.2,2.8,81.0
Work is draining all my energy and hope.,High,2.7,3.0,4.8,3.5,1.1,73.0
Life feels like a constant struggle.,High,4.6,5.2,3.1,3.8,2.3,78.0
My mind is full of worry and fear.,High,5.3,9.2,3.6,5.6,2.1,97.0
I feel mentally exhausted and helpless.,High,2.7,8.8,3.9,3.9,1.5,80.0
"Too many expectations, I can't breathe.",High,0.8,7.6,3.1,4.2,3.5,84.0
Everything feels like too much to handle.,High,0.8,3.7,5.3,4.1,2.9,85.0
I have no motivation left to continue.,High,4.1,9.4,4.2,1.5,1.6,97.0
I can't take this pressure anymore.,High,2.2,3.2,4.6,2.8,2.0,70.0
Everything feels like too much to handle.,High,5.9,8.2,4.1,5.1,1.3,92.0
Life feels like a constant struggle.,High,4.5,7.4,3.1,1.9,1.5,85.0
I have no motivation left to continue.,High,5.5,7.7,4.9,1.1,3.2,80.0
I cry almost every night due to stress.,High,5.6,6.5,5.6,4.5,1.1,95.0
I feel like everything is falling apart.,High,1.0,6.7,3.2,4.0,2.1,77.0
I have no motivation left to continue.,High,0.3,6.5,3.6,2.2,3.4,93.0
Work is draining all my energy and hope.,High,5.5,6.5,3.4,3.9,1.2,90.0
I'm constantly anxious and scared of failing.,High,5.1,9.5,5.7,5.2,1.4,82.0
My mind is full of worry and fear.,High,1.5,5.1,5.7,1.3,1.8,82.0
I have no motivation left to continue.,High,5.7,7.6,4.2,4.8,1.0,71.0
I feel mentally exhausted and helpless.,High,4.7,5.0,5.0,3.5,1.8,95.0
Life feels like a constant struggle.,High,5.7,8.3,3.1,1.5,2.3,80.0
I cry almost every night due to stress.,High,1.3,6.2,4.6,2.3,1.6,95.0
I have no motivation left to continue.,High,5.6,3.6,3.6,5.7,1.6,83.0
I feel like everything is falling apart.,High,4.1,7.5,4.2,1.7,2.1,74.0
"Too many expectations, I can't breathe.",High,4.7,3.8,5.8,5.0,2.1,81.0
Nothing is going right in my life.,High,5.8,9.3,3.4,3.1,3.5,100.0
I cry almost every night due to stress.,High,3.8,3.4,5.6,4.6,2.6,89.0
I cry almost every night due to stress.,High,3.8,6.6,4.8,5.6,2.0,83.0
I can’t find peace even for a moment.,High,1.8,5.1,3.8,1.3,1.1,87.0
I have no motivation left to continue.,High,1.5,9.9,3.8,6.0,2.3,89.0
Work is draining all my energy and hope.,High,0.6,6.5,4.8,2.6,0.5,75.0
I'm constantly anxious and scared of failing.,High,2.7,6.2,4.9,1.5,3.1,77.0
I cry almost every night due to stress.,High,4.4,3.1,3.8,3.4,1.9,81.0
Nothing is going right in my life.,High,0.4,8.5,5.3,3.9,1.0,89.0
"Too many expectations, I can't breathe.",High,3.5,4.0,3.1,3.0,2.4,93.0
My heart is racing and I feel overwhelmed.,High,4.8,6.1,3.2,2.0,3.5,92.0
Work is draining all my energy and hope.,High,1.4,5.6,5.7,6.0,3.5,72.0
I'm constantly anxious and scared of failing.,High,1.9,8.8,3.2,2.2,2.9,79.0
Nothing is going right in my life.,High,4.6,3.5,5.4,1.4,0.9,92.0
I feel like everything is falling apart.,High,1.2,5.9,4.5,3.5,2.6,75.0
I feel mentally exhausted and helpless.,High,3.3,4.6,5.5,5.3,2.9,90.0
I feel mentally exhausted and helpless.,High,3.8,3.3,4.9,2.4,0.8,94.0
I feel mentally exhausted and helpless.,High,5.4,3.3,5.3,5.5,2.8,77.0
I cry almost every night due to stress.,High,5.2,7.3,5.8,2.5,1.7,70.0
Life feels like a constant struggle.,High,4.0,7.5,5.7,3.4,2.2,87.0
"Too many expectations, I can't breathe.",High,3.1,8.9,3.4,4.8,1.0,73.0
Work is draining all my energy and hope.,High,5.4,5.2,5.3,4.2,1.5,74.0
My heart is racing and I feel overwhelmed.,High,3.1,3.6,5.2,5.8,2.2,77.0
I can’t find peace even for a moment.,High,5.0,4.1,3.5,4.0,1.9,79.0
I can't take this pressure anymore.,High,1.9,8.9,5.4,4.3,2.9,86.0
My heart is racing and I feel overwhelmed.,High,3.4,6.8,5.8,4.0,0.8,77.0
I feel like everything is falling apart.,High,1.4,5.8,6.0,1.0,1.0,99.0
Nothing is going right in my life.,High,3.9,6.5,3.5,2.4,1.7,71.0
Everything feels like too much to handle.,High,2.8,9.6,4.3,3.9,2.3,85.0
My mind is full of worry and fear.,High,2.3,3.4,5.5,4.9,1.9,82.0
I'm constantly anxious and scared of failing.,High,0.5,6.5,5.1,5.4,2.6,100.0
I cry almost every night due to stress.,High,2.0,6.3,5.4,3.4,1.7,95.0
I have no motivation left to continue.,High,5.2,5.2,3.5,3.8,0.6,94.0
I feel mentally exhausted and helpless.,High,3.5,4.8,5.2,3.4,1.4,97.0
My mind is full of worry and fear.,High,2.3,8.0,6.0,2.9,1.0,85.0
I can't take this pressure anymore.,High,4.0,4.3,4.2,3.4,2.7,93.0
I’m stressed and frustrated with everything.,High,1.7,4.1,5.3,1.9,2.0,94.0
Everything feels like too much to handle.,High,1.3,3.2,6.0,4.3,1.9,71.0
Nothing is going right in my life.,High,2.4,8.7,4.2,5.3,1.9,97.0
I cry almost every night due to stress.,High,4.7,3.6,4.8,2.3,3.0,80.0
Everything feels like too much to handle.,High,3.1,7.4,5.2,3.5,1.4,79.0
My heart is racing and I feel overwhelmed.,High,4.9,7.6,5.5,4.3,2.6,91.0
Life feels like a constant struggle.,High,5.5,8.0,4.6,5.4,2.4,82.0
Work is draining all my energy and hope.,High,3.7,9.5,4.8,3.3,2.8,82.0
Nothing is going right in my life.,High,4.6,5.6,3.3,5.1,3.1,82.0
Work is draining all my energy and hope.,High,2.6,8.3,3.8,3.5,1.6,74.0
I’m stressed and frustrated with everything.,High,0.8,3.5,5.3,2.0,1.6,79.0
I cry almost every night due to stress.,High,2.9,5.5,5.2,4.5,3.2,93.0
"Too many expectations, I can't breathe.",High,2.7,8.8,5.0,3.0,2.0,73.0
I have no motivation left to continue.,High,2.6,3.1,5.8,3.0,2.4,74.0
I'm constantly anxious and scared of failing.,High,3.1,6.0,4.0,4.9,0.7,70.0
I’m stressed and frustrated with everything.,High,4.0,8.5,5.0,2.5,0.9,72.0
I feel like everything is falling apart.,High,3.6,6.5,3.5,5.5,2.1,77.0
I have no motivation left to continue.,High,5.1,5.3,5.1,4.0,2.5,98.0
I feel mentally exhausted and helpless.,High,5.9,8.5,3.2,1.5,2.7,94.0
Nothing is going right in my life.,High,0.3,8.3,5.6,1.5,0.9,72.0
Life feels like a constant struggle.,High,0.9,9.1,4.1,5.7,1.8,72.0
I cry almost every night due to stress.,High,3.4,8.1,4.1,1.7,2.2,100.0
I have no motivation left to continue.,High,0.5,8.7,4.9,3.0,2.3,95.0
Work is draining all my energy and hope.,High,5.9,3.2,5.8,4.7,0.6,93.0
Everything feels like too much to handle.,High,4.7,8.3,3.5,2.7,1.5,87.0
I have no motivation left to continue.,High,1.1,8.9,4.1,5.1,2.3,96.0
Work is draining all my energy and hope.,High,3.0,3.3,3.7,2.8,1.1,96.0
"Too many expectations, I can't breathe.",High,4.9,9.5,3.3,5.4,3.1,74.0
I can't take this pressure anymore.,High,0.4,8.4,3.7,5.5,0.8,92.0
My mind is full of worry and fear.,High,1.1,4.2,5.4,2.5,2.7,93.0
I cry almost every night due to stress.,High,0.9,5.3,4.7,3.1,2.3,82.0
I feel mentally exhausted and helpless.,High,4.8,9.8,3.7,4.0,1.4,70.0
Life feels like a constant struggle.,High,1.6,9.2,5.6,3.6,2.6,94.0
Everything feels like too much to handle.,High,1.2,4.0,4.8,2.1,1.4,93.0
Nothing is going right in my life.,High,1.3,3.3,5.2,2.1,2.6,94.0
Life feels like a constant struggle.,High,1.2,7.7,5.8,5.6,2.3,94.0
I can't take this pressure anymore.,High,3.3,9.8,3.6,2.8,0.7,97.0
"Too many expectations, I can't breathe.",High,2.1,3.4,4.6,3.7,2.8,88.0
I'm constantly anxious and scared of failing.,High,1.7,7.6,3.6,1.3,3.3,83.0
I have no motivation left to continue.,High,3.8,7.8,3.6,2.3,2.6,94.0
I can't take this pressure anymore.,High,4.7,10.0,4.4,2.2,1.4,78.0
I feel like everything is falling apart.,High,2.0,9.0,4.7,4.0,2.5,86.0
Everything feels like too much to handle.,High,0.5,9.8,3.8,4.9,1.0,89.0
I can't take this pressure anymore.,High,0.4,3.9,5.5,1.2,2.5,89.0
Everything feels like too much to handle.,High,2.4,8.2,4.7,5.7,2.9,92.0
"Too many expectations, I can't breathe.",High,1.5,6.2,4.9,3.2,1.7,80.0
Work is draining all my energy and hope.,High,1.5,7.8,3.4,3.1,1.5,100.0
Everything feels like too much to handle.,High,3.8,8.0,5.2,1.2,2.9,88.0
My heart is racing and I feel overwhelmed.,High,0.8,5.3,3.4,1.3,1.1,73.0
Life feels like a constant struggle.,High,5.7,4.9,3.2,3.2,3.3,77.0
I can't take this pressure anymore.,High,3.2,6.7,4.5,1.7,1.4,88.0
Life feels like a constant struggle.,High,3.8,7.9,5.2,1.7,3.4,79.0
Nothing is going right in my life.,High,4.5,4.0,4.2,5.1,3.4,80.0
My heart is racing and I feel overwhelmed.,High,4.7,5.6,3.2,2.8,3.2,82.0
I can’t find peace even for a moment.,High,3.6,6.6,3.1,5.0,2.7,93.0
"Too many expectations, I can't breathe.",High,4.4,5.7,4.3,5.0,3.3,90.0
I have no motivation left to continue.,High,1.3,9.9,5.8,4.5,1.7,87.0
My mind is full of worry and fear.,High,1.7,6.7,4.8,2.7,1.0,96.0
I’m stressed and frustrated with everything.,High,1.9,6.2,4.7,5.3,1.9,72.0
"Too many expectations, I can't breathe.",High,0.9,8.1,3.7,1.6,0.9,83.0
Nothing is going right in my life.,High,4.0,8.4,3.8,3.5,2.7,100.0
I cry almost every night due to stress.,High,2.7,4.3,5.2,4.4,3.2,87.0
I can’t find peace even for a moment.,High,5.1,7.7,5.7,3.1,3.3,98.0
Work is draining all my energy and hope.,High,4.2,9.5,3.5,3.2,1.9,100.0
My heart is racing and I feel overwhelmed.,High,2.8,9.1,5.8,1.5,3.4,93.0
My heart is racing and I feel overwhelmed.,High,2.3,3.6,5.5,4.8,0.8,94.0
I can’t find peace even for a moment.,High,5.5,9.7,4.8,5.4,2.9,84.0
I can't take this pressure anymore.,High,2.6,7.1,5.7,5.0,3.0,80.0
I have no motivation left to continue.,High,5.4,4.0,3.1,2.4,3.5,78.0
Nothing is going right in my life.,High,4.1,4.6,3.5,4.2,2.0,97.0
I’m stressed and frustrated with everything.,High,0.0,3.7,4.9,3.2,3.2,100.0
Work is draining all my energy and hope.,High,0.2,9.5,4.8,5.8,1.7,99.0
Everything feels like too much to handle.,High,0.8,6.8,5.9,5.2,3.2,70.0
I feel like everything is falling apart.,High,1.5,5.3,4.8,2.9,1.5,82.0
"Too many expectations, I can't breathe.",High,2.8,9.4,5.9,4.3,2.0,83.0
"Too many expectations, I can't breathe.",High,3.2,9.2,5.5,4.5,1.1,88.0
My heart is racing and I feel overwhelmed.,High,1.2,9.0,6.0,2.1,2.0,70.0
I feel like everything is falling apart.,High,1.2,9.1,4.2,3.5,1.6,82.0
I feel like everything is falling apart.,High,5.4,6.5,4.5,1.5,2.9,97.0
I feel mentally exhausted and helpless.,High,3.7,7.4,5.9,4.2,0.6,92.0
Everything feels like too much to handle.,High,1.2,5.3,5.3,1.0,2.1,70.0
"Too many expectations, I can't breathe.",High,2.9,7.2,3.2,5.3,1.7,96.0
Life feels like a constant struggle.,High,1.4,3.8,4.7,3.9,2.8,73.0
I feel mentally exhausted and helpless.,High,3.7,3.6,5.8,2.4,1.8,96.0
I have no motivation left to continue.,High,3.1,7.4,5.2,1.0,2.7,71.0
I cry almost every night due to stress.,High,5.4,8.2,6.0,4.6,2.4,85.0
My heart is racing and I feel overwhelmed.,High,1.6,9.8,5.1,4.8,2.9,99.0
I feel like everything is falling apart.,High,0.5,8.3,5.4,2.5,2.0,73.0
I'm constantly anxious and scared of failing.,High,6.0,6.0,4.8,5.8,1.5,93.0
I have no motivation left to continue.,High,5.3,8.7,5.6,3.9,0.5,100.0
I can't take this pressure anymore.,High,4.2,4.4,3.7,2.2,1.2,81.0
Work is draining all my energy and hope.,High,3.2,7.7,3.4,5.7,3.3,72.0
I feel like everything is falling apart.,High,2.7,7.8,4.4,2.4,0.9,73.0
My heart is racing and I feel overwhelmed.,High,4.8,6.0,5.6,5.6,1.5,83.0
"Too many expectations, I can't breathe.",High,2.9,3.9,3.6,2.9,2.8,92.0
I have no motivation left to continue.,High,2.5,5.2,4.0,2.3,3.3,81.0
I can't take this pressure anymore.,High,0.7,7.9,5.2,3.5,0.5,93.0
I can’t find peace even for a moment.,High,1.3,8.4,3.1,1.4,3.0,100.0
Nothing is going right in my life.,High,3.7,5.0,4.4,2.8,2.2,92.0
"Too many expectations, I can't breathe.",High,0.7,8.8,3.9,2.1,2.6,97.0
I have no motivation left to continue.,High,6.0,6.3,5.1,1.7,2.3,100.0
I have no motivation left to continue.,High,1.0,6.9,4.7,1.9,0.7,90.0
I feel mentally exhausted and helpless.,High,5.1,5.4,3.1,5.9,0.6,81.0
Work is draining all my energy and hope.,High,2.3,9.5,3.9,1.4,1.2,78.0
I feel like everything is falling apart.,High,4.5,6.6,4.8,1.0,3.5,95.0
Nothing is going right in my life.,High,5.4,3.1,3.6,5.3,2.4,100.0
I have no motivation left to continue.,High,5.9,3.2,3.1,3.3,3.3,96.0
I feel mentally exhausted and helpless.,High,5.9,6.0,3.5,2.1,2.4,86.0
My mind is full of worry and fear.,High,2.4,3.2,3.2,4.0,0.9,78.0
My mind is full of worry and fear.,High,4.9,5.8,3.3,2.9,2.7,74.0
I feel mentally exhausted and helpless.,High,1.1,8.8,5.2,3.5,3.1,72.0
Life feels like a constant struggle.,High,0.2,7.2,4.6,2.9,1.6,90.0
I can’t find peace even for a moment.,High,1.3,9.0,4.4,4.4,1.5,94.0
I can’t find peace even for a moment.,High,5.6,3.0,3.9,2.4,1.4,91.0
I cry almost every night due to stress.,High,0.8,8.9,4.7,5.7,2.5,94.0
"Too many expectations, I can't breathe.",High,0.6,8.7,4.7,1.9,0.9,98.0
I have no motivation left to continue.,High,0.6,9.7,3.5,4.3,1.4,99.0
I'm constantly anxious and scared of failing.,High,3.0,5.9,4.6,3.8,1.5,91.0
I can't take this pressure anymore.,High,5.0,5.5,3.7,5.6,1.3,71.0
I have no motivation left to continue.,High,0.9,10.0,5.6,2.5,0.8,98.0
My heart is racing and I feel overwhelmed.,High,2.1,7.6,5.8,3.1,3.1,75.0
My mind is full of worry and fear.,High,4.8,7.0,3.3,3.4,1.7,84.0
"Too many expectations, I can't breathe.",High,3.0,9.9,5.9,3.9,1.1,73.0
I feel mentally exhausted and helpless.,High,0.9,4.2,4.3,1.2,2.9,80.0
I'm constantly anxious and scared of failing.,High,4.1,3.2,5.5,4.5,2.8,80.0
Everything feels like too much to handle.,High,1.2,3.7,5.3,2.3,1.7,83.0
I feel mentally exhausted and helpless.,High,2.9,6.0,3.4,4.7,0.9,86.0
I can’t find peace even for a moment.,High,2.7,7.0,6.0,2.8,1.4,87.0
I can’t find peace even for a moment.,High,3.8,6.8,5.2,1.6,2.2,98.0
I can’t find peace even for a moment.,High,0.0,3.4,5.6,4.3,2.8,86.0
Life feels like a constant struggle.,High,5.6,4.0,4.4,2.3,1.4,89.0
Nothing is going right in my life.,High,3.6,7.4,4.7,1.7,2.5,92.0
I cry almost every night due to stress.,High,5.5,8.1,4.9,5.4,3.3,88.0
I feel like everything is falling apart.,High,0.7,6.3,5.7,2.8,1.8,77.0
Work is draining all my energy and hope.,High,1.4,3.9,4.3,2.3,3.5,79.0
My mind is full of worry and fear.,High,5.6,7.1,4.1,5.8,2.5,81.0
I cry almost every night due to stress.,High,5.3,6.8,3.7,1.3,1.3,94.0
I have no motivation left to continue.,High,5.7,5.1,5.2,1.3,0.5,92.0
I'm constantly anxious and scared of failing.,High,3.8,9.1,4.5,1.0,1.5,72.0
My heart is racing and I feel overwhelmed.,High,2.6,7.7,5.0,2.1,3.2,96.0
Nothing is going right in my life.,High,3.0,8.7,5.0,3.2,2.5,74.0
My heart is racing and I feel overwhelmed.,High,4.7,3.5,3.8,3.9,0.6,82.0
I can’t find peace even for a moment.,High,5.9,3.8,4.0,3.7,2.4,94.0
My mind is full of worry and fear.,High,2.2,6.4,4.8,5.6,2.7,89.0
I'm constantly anxious and scared of failing.,High,2.7,8.7,3.4,4.8,2.2,73.0
I cry almost every night due to stress.,High,5.9,9.0,4.0,2.5,2.3,75.0
"Too many expectations, I can't breathe.",High,4.7,7.6,3.8,4.5,2.4,88.0
I’m stressed and frustrated with everything.,High,2.6,5.9,4.2,5.5,3.5,77.0
I feel mentally exhausted and helpless.,High,5.6,3.7,5.8,1.4,1.9,76.0
I can’t find peace even for a moment.,High,4.9,4.6,4.8,5.8,2.8,78.0
I'm constantly anxious and scared of failing.,High,4.6,5.8,3.2,5.5,2.7,82.0
Nothing is going right in my life.,High,0.5,3.6,4.9,2.8,1.6,100.0
I have no motivation left to continue.,High,1.1,3.2,3.0,4.0,2.4,80.0
Life feels like a constant struggle.,High,1.1,9.2,5.4,5.1,2.0,87.0
I can’t find peace even for a moment.,High,1.8,8.2,3.0,4.1,2.9,87.0
I'm constantly anxious and scared of failing.,High,5.4,7.3,3.5,4.4,1.8,100.0
I have no motivation left to continue.,High,5.5,5.7,3.2,5.3,2.2,72.0
I cry almost every night due to stress.,High,5.8,4.0,5.7,5.1,3.3,84.0
Work is draining all my energy and hope.,High,3.3,7.0,4.7,5.2,1.4,74.0
I feel mentally exhausted and helpless.,High,3.7,4.1,5.6,4.9,0.8,87.0
"Too many expectations, I can't breathe.",High,0.4,5.0,5.7,5.2,3.4,77.0
Work is draining all my energy and hope.,High,6.0,7.8,4.3,4.8,2.8,74.0
Life feels like a constant struggle.,High,5.1,4.6,6.0,1.3,3.3,89.0
My mind is full of worry and fear.,High,4.1,3.2,5.6,4.1,3.0,70.0
My heart is racing and I feel overwhelmed.,High,1.0,6.3,3.3,6.0,2.3,97.0
I can't take this pressure anymore.,High,0.9,6.4,3.5,4.8,3.3,92.0
My heart is racing and I feel overwhelmed.,High,4.3,3.3,5.3,5.4,2.6,94.0
Life feels like a constant struggle.,High,4.0,7.3,4.1,2.3,1.6,87.0
My heart is racing and I feel overwhelmed.,High,6.0,7.6,5.6,3.7,2.5,100.0
Nothing is going right in my life.,High,2.0,3.3,5.0,3.0,2.7,78.0
"Too many expectations, I can't breathe.",High,5.3,4.4,4.8,4.8,2.1,99.0
"Too many expectations, I can't breathe.",High,0.4,5.1,4.5,1.9,1.1,77.0
My mind is full of worry and fear.,High,5.4,3.6,4.3,1.8,1.7,78.0
I'm constantly anxious and scared of failing.,High,2.2,7.9,5.9,3.5,1.7,90.0
Life feels like a constant struggle.,High,1.8,9.4,5.3,2.4,1.3,100.0
I can’t find peace even for a moment.,High,2.8,5.4,4.2,5.3,2.3,73.0
I can't take this pressure anymore.,High,3.2,7.7,4.8,5.3,1.6,94.0
Work is draining all my energy and hope.,High,5.0,6.9,3.8,3.0,0.9,75.0
Work is draining all my energy and hope.,High,5.1,6.1,4.5,4.9,0.7,82.0
I feel like everything is falling apart.,High,1.8,8.3,3.4,2.8,3.4,77.0
Work is draining all my energy and hope.,High,0.9,3.5,5.1,2.6,2.4,92.0
My mind is full of worry and fear.,High,0.1,8.3,3.1,2.7,1.3,76.0
My heart is racing and I feel overwhelmed.,High,4.6,6.0,5.5,5.4,2.1,87.0
I feel mentally exhausted and helpless.,High,5.9,9.6,4.4,5.3,2.6,73.0
I have no motivation left to continue.,High,2.2,6.7,5.7,3.5,0.7,97.0
I’m stressed and frustrated with everything.,High,0.8,6.5,5.6,2.5,2.2,90.0
Nothing is going right in my life.,High,3.6,7.3,3.4,1.3,2.7,96.0
Work is draining all my energy and hope.,High,1.4,9.4,3.3,3.5,2.7,79.0
Everything feels like too much to handle.,High,2.1,7.4,4.0,4.2,2.1,79.0
My heart is racing and I feel overwhelmed.,High,0.9,3.5,4.5,1.9,2.9,73.0
Everything feels like too much to handle.,High,2.1,9.7,4.8,2.8,2.7,86.0
Nothing is going right in my life.,High,2.2,6.2,5.7,4.7,3.0,84.0
"Too many expectations, I can't breathe.",High,0.7,8.5,4.6,3.8,1.2,74.0
Everything feels like too much to handle.,High,5.3,3.4,5.2,4.3,2.5,82.0
Life feels like a constant struggle.,High,5.5,4.6,3.5,5.7,1.5,83.0
"Too many expectations, I can't breathe.",High,4.9,8.3,5.7,4.6,2.7,100.0
Everything feels like too much to handle.,High,2.9,5.7,4.0,2.7,2.6,70.0
Nothing is going right in my life.,High,0.0,4.7,5.5,4.5,1.1,94.0
I’m stressed and frustrated with everything.,High,0.7,4.1,3.2,1.7,1.7,78.0
"Too many expectations, I can't breathe.",High,0.6,8.4,4.4,3.4,0.6,98.0
My heart is racing and I feel overwhelmed.,High,2.8,4.8,3.7,2.0,2.0,77.0
I can’t find peace even for a moment.,High,1.6,3.9,3.6,2.7,1.9,90.0
Everything feels like too much to handle.,High,2.8,9.9,3.2,5.7,1.3,74.0
I can't take this pressure anymore.,High,5.6,5.9,4.5,6.0,0.9,70.0
I’m stressed and frustrated with everything.,High,0.3,7.2,5.6,1.5,1.5,72.0
Everything feels like too much to handle.,High,5.9,5.6,4.6,1.8,0.8,72.0
Work is draining all my energy and hope.,High,1.0,5.1,3.1,4.0,1.5,82.0
I have no motivation left to continue.,High,4.3,4.6,3.4,4.7,1.5,89.0
I'm constantly anxious and scared of failing.,High,3.8,4.9,5.9,3.7,3.0,73.0
Life feels like a constant struggle.,High,0.8,5.3,3.7,3.6,2.0,97.0
Work is draining all my energy and hope.,High,1.8,4.2,4.4,6.0,0.7,94.0
I have no motivation left to continue.,High,4.9,6.1,3.3,5.8,1.4,78.0
Life feels like a constant struggle.,High,3.4,3.1,4.3,3.1,1.3,89.0
Everything feels like too much to handle.,High,0.6,8.3,3.2,3.0,0.6,93.0
I can't take this pressure anymore.,High,4.9,4.3,4.6,3.2,2.5,76.0
Life feels like a constant struggle.,High,3.4,8.1,5.9,2.2,1.8,94.0
I have no motivation left to continue.,High,0.3,4.4,3.8,5.6,0.8,92.0
I can't take this pressure anymore.,High,3.7,7.0,5.5,2.1,1.8,73.0
Everything feels like too much to handle.,High,5.4,5.9,4.6,4.7,1.1,70.0
"Too many expectations, I can't breathe.",High,5.8,7.9,5.1,4.7,3.0,95.0
My mind is full of worry and fear.,High,4.3,6.6,5.3,5.9,1.4,79.0
"Too many expectations, I can't breathe.",High,5.3,7.0,4.1,1.9,0.5,84.0
Life feels like a constant struggle.,High,5.0,8.8,5.2,3.4,2.4,99.0
I can't take this pressure anymore.,High,2.9,3.4,6.0,2.8,3.0,95.0
I cry almost every night due to stress.,High,5.2,9.8,3.7,3.1,1.0,72.0
Work is draining all my energy and hope.,High,5.0,4.9,4.0,4.1,2.9,87.0
I cry almost every night due to stress.,High,2.7,4.0,3.1,5.2,0.9,70.0
I'm constantly anxious and scared of failing.,High,4.0,5.8,4.1,4.2,3.2,89.0
I feel mentally exhausted and helpless.,High,3.2,5.0,4.6,3.4,1.1,79.0
Nothing is going right in my life.,High,5.5,4.7,3.3,4.5,0.7,79.0
My heart is racing and I feel overwhelmed.,High,4.8,6.0,4.5,4.3,3.1,85.0
Everything feels like too much to handle.,High,1.9,9.1,3.9,2.7,2.5,87.0
I feel like everything is falling apart.,High,0.9,4.2,5.7,4.7,0.8,71.0
I can’t find peace even for a moment.,High,2.5,3.2,3.7,2.7,1.9,76.0
I cry almost every night due to stress.,High,3.3,6.5,4.5,3.0,3.3,88.0
My heart is racing and I feel overwhelmed.,High,0.9,7.0,5.3,2.2,2.3,73.0
My heart is racing and I feel overwhelmed.,High,4.2,4.8,5.9,5.9,1.0,72.0
Everything feels like too much to handle.,High,3.5,6.2,5.4,2.3,0.8,83.0
I’m stressed and frustrated with everything.,High,5.2,5.1,4.2,1.2,0.9,82.0
Work is draining all my energy and hope.,High,3.0,5.9,3.5,2.9,2.5,79.0
I’m stressed and frustrated with everything.,High,0.3,6.0,3.9,4.0,3.2,76.0
Work is draining all my energy and hope.,High,2.4,3.3,3.5,3.5,1.4,71.0
My heart is racing and I feel overwhelmed.,High,2.4,4.4,3.6,4.6,2.2,89.0
My heart is racing and I feel overwhelmed.,High,0.9,6.3,3.7,4.2,0.5,76.0
"Too many expectations, I can't breathe.",High,2.0,7.4,5.9,3.9,3.0,89.0
Work is draining all my energy and hope.,High,4.2,6.2,3.3,5.7,2.4,82.0
Life feels like a constant struggle.,High,0.3,6.1,4.7,2.7,1.7,93.0
I’m stressed and frustrated with everything.,High,4.4,5.8,3.3,2.5,1.8,77.0
Work is draining all my energy and hope.,High,1.7,5.2,3.5,3.0,1.8,88.0
Life feels like a constant struggle.,High,3.5,5.0,5.3,2.9,0.6,83.0
Everything feels like too much to handle.,High,4.0,8.2,3.4,5.7,1.4,83.0
I can’t find peace even for a moment.,High,2.9,5.2,4.7,5.1,2.1,80.0
I have no motivation left to continue.,High,3.0,8.3,5.2,1.5,2.7,84.0
I cry almost every night due to stress.,High,0.8,7.8,3.6,2.2,2.5,74.0
Nothing is going right in my life.,High,5.2,5.6,4.6,5.0,2.4,99.0
I feel like everything is falling apart.,High,1.3,6.8,3.0,1.9,1.8,71.0
I can't take this pressure anymore.,High,4.4,8.1,3.5,2.7,2.4,80.0
I'm constantly anxious and scared of failing.,High,4.7,9.3,4.7,1.7,3.2,100.0
"Too many expectations, I can't breathe.",High,1.5,8.9,3.5,4.8,1.6,91.0
I cry almost every night due to stress.,High,1.8,6.8,3.6,2.1,2.5,80.0
I feel mentally exhausted and helpless.,High,2.4,4.7,3.5,5.2,1.4,76.0
"Too many expectations, I can't breathe.",High,0.0,3.7,5.4,2.1,1.5,97.0
Life feels like a constant struggle.,High,0.3,3.0,4.8,1.4,3.0,70.0
I feel like everything is falling apart.,High,4.3,4.7,5.6,3.8,2.6,84.0
I feel mentally exhausted and helpless.,High,2.6,4.3,5.5,3.4,1.2,92.0
I’m stressed and frustrated with everything.,High,5.4,5.9,4.5,1.9,3.2,81.0
My heart is racing and I feel overwhelmed.,High,0.5,7.2,5.1,2.1,3.4,73.0
I feel like everything is falling apart.,High,0.0,9.5,5.1,2.4,3.0,74.0
I'm constantly anxious and scared of failing.,High,5.1,8.8,5.0,1.7,0.9,73.0
I feel like everything is falling apart.,High,1.8,4.1,3.7,3.4,2.3,96.0
I'm constantly anxious and scared of failing.,High,1.0,7.5,3.7,5.7,2.9,99.0
Everything feels like too much to handle.,High,5.7,3.2,4.4,5.1,3.3,83.0
I can't take this pressure anymore.,High,0.6,4.1,4.3,2.5,1.3,97.0
I have no motivation left to continue.,High,1.4,8.4,5.3,4.5,2.5,81.0
Nothing is going right in my life.,High,2.0,8.0,3.7,4.0,3.3,79.0
I’m stressed and frustrated with everything.,High,5.1,4.1,5.9,1.8,1.6,82.0
Everything feels like too much to handle.,High,2.0,6.9,5.8,4.1,2.4,85.0
Life feels like a constant struggle.,High,0.0,6.3,5.5,2.4,1.4,88.0
Life feels like a constant struggle.,High,0.5,5.4,4.3,1.5,0.8,73.0
I have no motivation left to continue.,High,3.1,8.9,3.8,5.3,3.0,89.0
I can’t find peace even for a moment.,High,2.0,9.8,4.3,4.1,1.9,78.0
I can’t find peace even for a moment.,High,4.0,6.9,4.8,4.1,2.0,97.0
I feel like everything is falling apart.,High,5.3,7.6,4.3,4.8,2.9,83.0
I'm constantly anxious and scared of failing.,High,4.9,4.4,5.2,3.1,1.9,75.0
I feel mentally exhausted and helpless.,High,4.9,4.2,5.6,4.8,3.1,91.0
I'm constantly anxious and scared of failing.,High,4.5,3.3,4.6,4.7,1.8,79.0
I have no motivation left to continue.,High,4.6,3.0,5.6,3.0,3.3,79.0
Work is draining all my energy and hope.,High,5.3,5.4,3.3,3.4,3.5,91.0
"Too many expectations, I can't breathe.",High,1.2,5.7,4.9,3.2,2.5,70.0
I'm constantly anxious and scared of failing.,High,2.4,4.0,5.5,2.2,1.0,99.0
Work is draining all my energy and hope.,High,2.5,5.7,3.2,4.8,1.5,80.0
I’m stressed and frustrated with everything.,High,1.6,5.9,3.4,1.5,2.0,72.0
I can't take this pressure anymore.,High,1.9,6.6,5.9,5.5,2.8,74.0
I cry almost every night due to stress.,High,1.4,3.9,4.5,2.3,2.5,96.0
I feel like everything is falling apart.,High,4.5,4.2,3.8,3.1,1.6,84.0
I feel like everything is falling apart.,High,1.5,9.5,4.7,1.8,1.8,92.0
I'm constantly anxious and scared of failing.,High,0.7,9.2,3.2,3.2,3.0,73.0
I have no motivation left to continue.,High,1.5,4.6,4.0,3.6,2.6,79.0
Life feels like a constant struggle.,High,1.1,9.1,5.1,1.4,2.8,92.0
I feel mentally exhausted and helpless.,High,1.2,4.6,5.8,2.4,3.1,90.0
My heart is racing and I feel overwhelmed.,High,5.8,3.4,4.2,1.6,1.3,80.0
Life feels like a constant struggle.,High,3.0,5.6,5.9,4.9,1.1,95.0
My heart is racing and I feel overwhelmed.,High,2.2,8.6,3.8,2.5,0.9,71.0
"Too many expectations, I can't breathe.",High,0.1,3.5,5.3,5.8,0.9,91.0
I can’t find peace even for a moment.,High,3.0,7.6,3.1,4.5,0.6,74.0
I can't take this pressure anymore.,High,1.7,6.2,4.3,1.8,2.3,96.0
Everything feels like too much to handle.,High,4.9,4.1,3.2,3.1,2.1,89.0
I feel like everything is falling apart.,High,0.9,3.7,3.1,6.0,3.1,82.0
I feel like everything is falling apart.,High,1.9,9.2,3.8,1.8,2.7,98.0
I'm constantly anxious and scared of failing.,High,5.6,6.1,5.0,3.0,0.6,70.0
I feel mentally exhausted and helpless.,High,0.7,6.9,5.9,4.8,2.2,99.0
"Too many expectations, I can't breathe.",High,4.2,8.2,4.7,5.7,3.3,97.0
I feel like everything is falling apart.,High,2.1,7.9,5.2,1.2,1.6,100.0
I cry almost every night due to stress.,High,1.7,9.7,5.8,2.9,1.7,94.0
Work is draining all my energy and hope.,High,2.8,9.2,5.3,2.0,1.3,93.0
Nothing is going right in my life.,High,5.3,8.6,3.1,4.9,2.0,76.0
"Too many expectations, I can't breathe.",High,2.7,3.5,3.5,3.9,1.3,94.0
I have no motivation left to continue.,High,3.2,5.7,3.2,4.7,2.9,86.0
I have no motivation left to continue.,High,2.0,5.1,4.3,2.9,2.0,93.0
Life feels like a constant struggle.,High,4.4,4.0,3.2,5.9,1.1,86.0
Life feels like a constant struggle.,High,0.5,8.5,4.3,1.7,3.1,100.0
Work is draining all my energy and hope.,High,4.3,3.6,5.8,4.3,1.5,97.0
I'm constantly anxious and scared of failing.,High,1.0,9.8,3.5,3.1,3.2,81.0
Life feels like a constant struggle.,High,4.4,6.7,4.5,2.7,2.5,72.0
Life feels like a constant struggle.,High,3.6,9.6,4.8,3.7,2.3,97.0
I'm constantly anxious and scared of failing.,High,5.0,4.5,4.8,2.9,0.5,99.0
Everything feels like too much to handle.,High,4.1,4.5,3.8,1.5,0.5,84.0
I'm constantly anxious and scared of failing.,High,0.6,9.1,4.4,1.7,2.4,84.0
My mind is full of worry and fear.,High,2.5,5.6,5.0,1.1,1.2,81.0
I feel like everything is falling apart.,High,5.3,6.1,3.0,2.2,1.4,77.0
Everything feels like too much to handle.,High,1.8,4.2,4.1,1.9,2.8,80.0
I cry almost every night due to stress.,High,3.6,4.2,3.6,1.1,2.1,96.0
I can’t find peace even for a moment.,High,2.9,8.9,3.3,1.9,3.0,89.0
I can't take this pressure anymore.,High,1.2,7.4,4.6,4.5,2.2,88.0
My heart is racing and I feel overwhelmed.,High,4.5,6.0,3.2,5.2,0.9,100.0
I have no motivation left to continue.,High,2.8,9.6,4.7,4.2,3.3,76.0
Nothing is going right in my life.,High,3.1,7.4,4.2,2.4,3.2,78.0
I can’t find peace even for a moment.,High,0.7,8.1,4.9,1.7,1.3,72.0
I have no motivation left to continue.,High,2.3,3.8,4.9,3.6,1.8,80.0
I can't take this pressure anymore.,High,5.2,6.4,3.0,2.6,2.9,87.0
I feel like everything is falling apart.,High,2.8,6.9,5.7,2.0,0.7,77.0
Life feels like a constant struggle.,High,3.9,8.6,4.1,2.1,2.3,76.0
Everything feels like too much to handle.,High,5.3,7.5,3.1,4.9,3.0,82.0
Nothing is going right in my life.,High,1.0,5.9,3.9,4.5,0.7,99.0
Work is draining all my energy and hope.,High,2.4,9.1,5.8,5.1,3.0,80.0
My mind is full of worry and fear.,High,0.9,8.8,3.1,1.5,2.3,74.0
I have no motivation left to continue.,High,3.8,3.6,4.0,4.8,1.6,94.0
I can’t find peace even for a moment.,High,4.5,5.2,4.2,3.4,0.5,81.0
I'm constantly anxious and scared of failing.,High,5.8,9.2,5.1,2.0,0.6,86.0
Life feels like a constant struggle.,High,1.4,6.9,4.9,2.5,2.6,79.0
Life feels like a constant struggle.,High,5.3,7.7,5.7,3.4,2.3,74.0
I can’t find peace even for a moment.,High,0.3,8.4,5.0,2.4,0.7,74.0
I feel mentally exhausted and helpless.,High,0.5,6.8,4.2,1.9,2.3,79.0
Work is draining all my energy and hope.,High,0.6,3.3,5.3,4.3,3.0,98.0
I have no motivation left to continue.,High,3.1,3.5,3.6,1.2,0.7,73.0
Work is draining all my energy and hope.,High,1.1,3.6,3.3,1.9,1.2,95.0
My mind is full of worry and fear.,High,1.9,3.1,3.4,5.9,1.3,99.0
I cry almost every night due to stress.,High,1.0,7.2,4.9,3.9,3.0,100.0
Everything feels like too much to handle.,High,1.9,8.2,3.1,4.3,1.2,84.0
I'm constantly anxious and scared of failing.,High,5.8,8.7,4.2,5.3,2.5,80.0
I feel mentally exhausted and helpless.,High,0.0,5.9,3.5,4.6,1.1,73.0
I can’t find peace even for a moment.,High,4.5,6.1,5.9,1.6,3.4,90.0
I can’t find peace even for a moment.,High,2.4,4.3,5.1,3.4,1.3,88.0
I'm constantly anxious and scared of failing.,High,4.9,8.4,4.1,4.1,2.5,86.0
I’m stressed and frustrated with everything.,High,6.0,9.6,4.5,1.9,1.2,94.0
Everything feels like too much to handle.,High,3.6,3.8,3.7,4.7,1.8,90.0
My mind is full of worry and fear.,High,5.8,8.1,3.3,4.9,1.7,83.0
I’m stressed and frustrated with everything.,High,1.5,6.2,5.3,5.1,1.2,82.0
I'm constantly anxious and scared of failing.,High,4.8,5.0,5.8,5.6,0.7,76.0
I feel like everything is falling apart.,High,4.3,3.9,5.3,2.2,2.3,80.0
My mind is full of worry and fear.,High,1.2,4.4,4.9,1.4,3.2,94.0
I can’t find peace even for a moment.,High,0.6,7.0,5.1,1.1,2.0,97.0
I feel like everything is falling apart.,High,2.7,6.2,3.7,3.5,2.9,74.0
Everything feels like too much to handle.,High,2.2,6.9,3.3,1.6,2.3,85.0
I can’t find peace even for a moment.,High,0.7,9.7,4.4,3.9,1.8,90.0
I can't take this pressure anymore.,High,1.4,7.2,4.6,3.4,1.7,78.0
I'm constantly anxious and scared of failing.,High,3.5,3.5,5.1,2.7,1.9,89.0
I feel like everything is falling apart.,High,5.5,6.5,5.2,5.9,2.2,88.0
"Too many expectations, I can't breathe.",High,5.5,8.3,4.3,4.4,2.1,97.0
Everything feels like too much to handle.,High,0.4,8.5,3.6,4.7,0.7,89.0
Work is draining all my energy and hope.,High,4.0,7.1,5.3,3.6,3.0,81.0
I’m stressed and frustrated with everything.,High,3.5,5.0,4.6,2.4,2.3,90.0
I’m stressed and frustrated with everything.,High,2.8,5.9,5.2,3.1,2.4,70.0
I can’t find peace even for a moment.,High,0.1,3.3,4.2,4.0,2.0,79.0
I feel like everything is falling apart.,High,2.3,9.1,5.8,4.7,1.0,72.0
I can't take this pressure anymore.,High,2.0,8.3,3.9,2.3,2.0,83.0
Nothing is going right in my life.,High,6.0,8.0,3.2,1.9,1.5,97.0
Life feels like a constant struggle.,High,2.7,5.1,3.3,4.7,2.2,81.0
Nothing is going right in my life.,High,5.8,8.6,3.9,4.4,2.0,80.0
"Too many expectations, I can't breathe.",High,0.6,8.5,5.0,4.0,2.4,86.0
I'm constantly anxious and scared of failing.,High,0.1,5.0,4.7,2.5,2.8,71.0
I feel mentally exhausted and helpless.,High,3.9,4.3,5.9,4.6,1.1,96.0
I feel like everything is falling apart.,High,3.0,7.0,3.1,1.6,2.8,70.0
Life feels like a constant struggle.,High,2.2,5.4,5.3,3.4,1.2,99.0
Life feels like a constant struggle.,High,2.5,9.5,3.5,5.4,1.3,86.0
I feel like everything is falling apart.,High,5.4,6.7,3.1,3.3,3.3,85.0
Work is draining all my energy and hope.,High,2.8,6.2,4.6,5.5,2.9,99.0
My heart is racing and I feel overwhelmed.,High,0.6,6.5,5.0,4.2,2.5,85.0
I cry almost every night due to stress.,High,3.7,4.4,4.7,2.9,1.6,74.0
My heart is racing and I feel overwhelmed.,High,4.2,3.4,3.2,4.0,0.6,80.0
I can't take this pressure anymore.,High,4.7,4.5,3.2,3.2,0.7,76.0
I feel like everything is falling apart.,High,0.6,6.9,4.8,4.7,3.2,92.0
"Too many expectations, I can't breathe.",High,2.7,4.5,5.3,2.9,0.9,80.0
I'm constantly anxious and scared of failing.,High,5.4,3.2,5.9,4.0,3.1,83.0
Work is draining all my energy and hope.,High,3.1,5.7,3.1,4.7,2.5,98.0
I have no motivation left to continue.,High,0.6,7.6,4.1,3.3,2.3,98.0
I can't take this pressure anymore.,High,4.7,9.6,3.3,5.2,2.6,91.0
My heart is racing and I feel overwhelmed.,High,2.0,7.4,4.4,2.5,2.4,97.0
My mind is full of worry and fear.,High,3.5,8.0,3.2,5.4,2.2,99.0
Work is draining all my energy and hope.,High,4.0,6.3,3.2,4.8,2.1,73.0
"Too many expectations, I can't breathe.",High,4.6,5.7,4.0,5.8,2.1,95.0
"Too many expectations, I can't breathe.",High,4.4,8.0,5.6,1.2,0.9,81.0
My heart is racing and I feel overwhelmed.,High,1.0,3.8,4.9,4.1,1.0,94.0
I can’t find peace even for a moment.,High,0.6,9.0,3.6,4.7,2.4,94.0
I can’t find peace even for a moment.,High,3.1,4.9,5.7,2.6,1.6,85.0
I’m stressed and frustrated with everything.,High,3.4,8.9,4.2,4.9,3.4,91.0
I can’t find peace even for a moment.,High,2.6,6.4,3.3,5.5,1.3,82.0
My heart is racing and I feel overwhelmed.,High,2.6,3.6,5.2,5.7,2.0,82.0
Life feels like a constant struggle.,High,5.9,3.5,5.5,3.2,1.3,88.0
I can't take this pressure anymore.,High,2.8,9.9,3.0,1.0,2.8,91.0
"Too many expectations, I can't breathe.",High,5.5,8.5,3.4,5.8,0.7,92.0
I feel mentally exhausted and helpless.,High,2.9,6.2,4.9,5.3,3.3,82.0
I can't take this pressure anymore.,High,2.8,3.3,5.5,1.1,1.7,77.0
I’m stressed and frustrated with everything.,High,4.6,3.7,4.4,4.6,1.5,77.0
Work is draining all my energy and hope.,High,5.2,7.7,3.6,4.6,2.7,85.0
My heart is racing and I feel overwhelmed.,High,0.7,6.7,5.5,3.2,2.0,95.0
My mind is full of worry and fear.,High,3.6,4.6,5.5,2.1,3.3,83.0
Nothing is going right in my life.,High,4.5,8.0,4.5,1.5,0.6,77.0
I'm constantly anxious and scared of failing.,High,4.5,6.9,3.6,2.3,1.0,81.0
Nothing is going right in my life.,High,2.6,9.3,3.2,5.6,3.0,75.0
I can't take this pressure anymore.,High,2.8,8.8,3.4,3.2,0.6,94.0
I feel like everything is falling apart.,High,0.8,6.3,4.2,5.5,0.7,75.0
Everything feels like too much to handle.,High,1.6,8.8,5.2,5.9,0.7,74.0
Everything feels like too much to handle.,High,3.0,6.0,3.2,5.6,0.8,98.0
I cry almost every night due to stress.,High,5.1,7.8,5.4,5.3,3.1,85.0
My heart is racing and I feel overwhelmed.,High,2.9,6.9,4.8,3.2,1.6,97.0
Work is draining all my energy and hope.,High,5.2,9.9,4.8,3.9,3.1,79.0
Nothing is going right in my life.,High,4.4,3.2,4.5,5.7,0.6,83.0
I can't take this pressure anymore.,High,5.8,9.0,5.9,2.7,0.8,87.0
"Too many expectations, I can't breathe.",High,5.6,7.3,5.4,4.3,1.0,75.0
I cry almost every night due to stress.,High,1.3,5.5,4.4,4.5,0.8,79.0
Life feels like a constant struggle.,High,4.2,5.3,3.4,1.2,2.2,95.0
Everything feels like too much to handle.,High,5.1,4.4,3.1,4.5,1.4,96.0
I cry almost every night due to stress.,High,2.3,7.4,4.2,1.3,3.0,92.0
Nothing is going right in my life.,High,5.0,6.0,5.5,5.2,1.8,70.0
Life feels like a constant struggle.,High,5.2,6.3,4.9,1.2,1.3,82.0
My heart is racing and I feel overwhelmed.,High,3.2,8.2,5.4,5.9,3.3,82.0
My mind is full of worry and fear.,High,2.4,7.6,3.5,1.3,1.3,100.0
I’m stressed and frustrated with everything.,High,1.8,9.2,4.6,3.7,2.6,98.0
My heart is racing and I feel overwhelmed.,High,2.0,7.3,3.8,2.8,3.2,79.0
I have no motivation left to continue.,High,0.8,3.7,5.8,1.0,1.3,87.0
I'm constantly anxious and scared of failing.,High,5.7,5.5,3.5,5.5,2.9,98.0
Life feels like a constant struggle.,High,1.3,8.7,4.1,1.2,3.3,80.0
I can’t find peace even for a moment.,High,2.7,5.6,5.4,3.0,1.2,98.0
I have no motivation left to continue.,High,0.8,9.1,5.6,3.6,1.8,76.0
"Too many expectations, I can't breathe.",High,4.4,6.4,4.0,6.0,0.8,88.0
I can’t find peace even for a moment.,High,5.2,4.5,5.5,1.9,1.4,77.0
I can't take this pressure anymore.,High,3.8,4.0,4.3,1.4,2.0,89.0
I feel mentally exhausted and helpless.,High,1.4,3.2,5.4,4.4,1.3,89.0
My heart is racing and I feel overwhelmed.,High,4.0,8.4,3.7,5.3,2.7,93.0
I have no motivation left to continue.,High,3.1,5.6,4.2,2.9,3.1,70.0
Work is draining all my energy and hope.,High,0.1,9.6,4.8,3.4,2.3,81.0
I feel like everything is falling apart.,High,1.4,9.9,5.5,5.3,2.8,100.0
I feel like everything is falling apart.,High,3.9,7.4,5.7,1.2,2.3,91.0
I feel mentally exhausted and helpless.,High,0.9,4.4,4.3,3.2,2.5,74.0
Nothing is going right in my life.,High,1.3,4.5,5.8,3.5,1.0,85.0
I have no motivation left to continue.,High,4.7,8.9,5.9,1.7,2.2,74.0
Life feels like a constant struggle.,High,0.6,9.8,4.9,4.1,2.1,76.0
I can't take this pressure anymore.,High,4.9,5.4,3.9,2.0,3.2,95.0
Work is draining all my energy and hope.,High,5.6,5.7,5.3,2.0,1.0,70.0
Life feels like a constant struggle.,High,4.5,8.3,4.1,4.3,1.0,82.0
Work is draining all my energy and hope.,High,4.5,3.2,3.7,2.4,1.2,72.0
I have no motivation left to continue.,High,5.1,5.6,3.7,1.5,1.8,93.0
I’m stressed and frustrated with everything.,High,2.3,9.1,4.1,1.3,1.9,80.0
Nothing is going right in my life.,High,0.3,9.5,5.2,3.0,2.8,86.0
My mind is full of worry and fear.,High,0.5,8.3,4.3,2.0,1.4,100.0
Nothing is going right in my life.,High,4.7,7.9,4.1,5.3,2.0,80.0
I'm constantly anxious and scared of failing.,High,3.0,5.6,4.9,5.1,0.5,84.0
Nothing is going right in my life.,High,1.5,5.9,3.8,3.0,2.1,85.0
Nothing is going right in my life.,High,1.1,9.4,4.2,3.2,3.0,84.0
I’m stressed and frustrated with everything.,High,1.5,3.8,3.5,2.8,1.4,93.0
Life feels like a constant struggle.,High,3.0,4.9,4.2,1.3,3.3,78.0
Life feels like a constant struggle.,High,2.2,4.7,4.0,5.0,0.6,85.0
Nothing is going right in my life.,High,3.2,5.7,5.2,1.7,2.8,86.0
Nothing is going right in my life.,High,0.8,7.3,5.8,2.6,1.5,70.0
Life feels like a constant struggle.,High,5.7,6.3,4.5,5.2,2.2,100.0
I can't take this pressure anymore.,High,2.7,4.7,3.6,4.6,1.9,84.0
I'm constantly anxious and scared of failing.,High,5.3,6.3,5.5,1.9,0.9,88.0
I can't take this pressure anymore.,High,0.4,8.9,5.5,1.2,1.7,97.0
I'm constantly anxious and scared of failing.,High,5.3,10.0,5.2,3.0,1.5,99.0
Everything feels like too much to handle.,High,5.3,6.0,4.0,2.9,3.3,78.0
I’m stressed and frustrated with everything.,High,2.9,6.2,5.5,3.3,2.7,87.0
I’m stressed and frustrated with everything.,High,0.2,9.8,4.3,1.3,1.0,76.0
My heart is racing and I feel overwhelmed.,High,5.2,3.1,5.8,1.3,1.4,84.0
My heart is racing and I feel overwhelmed.,High,0.6,4.4,5.8,5.3,1.4,84.0
I'm constantly anxious and scared of failing.,High,4.9,4.2,5.8,3.0,3.1,82.0
"Too many expectations, I can't breathe.",High,4.7,8.6,5.8,5.0,1.9,92.0
Everything feels like too much to handle.,High,0.8,6.8,5.1,3.2,1.0,97.0
"Too many expectations, I can't breathe.",High,3.6,9.4,4.9,6.0,1.5,77.0
I can’t find peace even for a moment.,High,2.4,4.0,4.7,3.9,1.6,71.0
Work is draining all my energy and hope.,High,5.9,4.3,3.5,5.2,2.5,96.0
I feel mentally exhausted and helpless.,High,4.7,9.9,5.4,1.7,2.0,99.0
Work is draining all my energy and hope.,High,2.3,6.5,5.7,2.7,2.4,95.0
Work is draining all my energy and hope.,High,2.1,6.4,4.8,2.6,1.3,97.0
I'm constantly anxious and scared of failing.,High,5.6,7.1,4.6,1.9,3.5,87.0
I feel like everything is falling apart.,High,5.8,9.7,3.6,1.5,2.1,75.0
Everything feels like too much to handle.,High,5.6,7.8,5.0,3.8,1.4,95.0
I feel like everything is falling apart.,High,0.1,4.1,6.0,3.8,2.8,79.0
My mind is full of worry and fear.,High,4.5,9.8,5.7,5.5,2.6,94.0
Life feels like a constant struggle.,High,1.4,8.1,5.6,3.0,3.4,75.0
I have no motivation left to continue.,High,1.3,8.8,4.7,3.0,1.1,82.0
My heart is racing and I feel overwhelmed.,High,2.4,5.9,4.0,3.6,2.3,95.0
I’m stressed and frustrated with everything.,High,2.3,7.9,5.2,4.8,0.7,76.0
I feel mentally exhausted and helpless.,High,4.8,7.2,5.5,3.8,1.4,96.0
I feel like everything is falling apart.,High,4.3,7.9,3.3,1.5,0.8,93.0
I feel mentally exhausted and helpless.,High,1.4,3.8,4.7,3.0,1.5,94.0
I have no motivation left to continue.,High,0.4,6.0,4.5,5.4,3.1,82.0
I have no motivation left to continue.,High,2.3,8.1,5.5,5.4,1.4,93.0
Nothing is going right in my life.,High,1.0,3.6,5.4,5.1,2.4,70.0
I feel like everything is falling apart.,High,5.4,9.3,3.8,2.8,0.9,71.0
I'm constantly anxious and scared of failing.,High,5.3,10.0,5.0,4.6,3.0,72.0
Nothing is going right in my life.,High,4.6,9.4,4.3,4.5,0.8,75.0
I'm constantly anxious and scared of failing.,High,5.7,4.1,4.7,3.4,2.7,85.0
I feel like everything is falling apart.,High,3.0,9.9,5.4,4.0,0.8,78.0
I feel mentally exhausted and helpless.,High,4.0,3.7,3.1,4.8,0.6,94.0
I can't take this pressure anymore.,High,5.7,9.9,4.3,5.4,2.1,78.0
My heart is racing and I feel overwhelmed.,High,2.9,7.6,6.0,2.0,2.2,91.0
"Too many expectations, I can't breathe.",High,2.9,5.8,5.4,1.2,0.5,80.0
I feel mentally exhausted and helpless.,High,3.9,8.9,4.4,2.7,2.5,100.0
My heart is racing and I feel overwhelmed.,High,4.0,4.3,4.6,5.0,2.1,85.0
I have no motivation left to continue.,High,3.6,6.5,3.6,3.0,2.6,96.0
Everything feels like too much to handle.,High,0.7,6.1,4.9,2.1,1.7,91.0
I feel like everything is falling apart.,High,3.9,4.5,3.4,4.4,0.8,78.0
Work is draining all my energy and hope.,High,1.3,6.4,4.1,5.1,2.2,85.0
Everything feels like too much to handle.,High,2.6,3.1,3.1,4.8,0.7,82.0
I have no motivation left to continue.,High,5.8,8.4,5.3,5.6,1.2,70.0
I feel mentally exhausted and helpless.,High,1.2,9.6,5.9,1.6,0.6,76.0
Life feels like a constant struggle.,High,5.7,7.1,4.0,5.9,0.5,100.0
I have no motivation left to continue.,High,5.8,7.1,4.2,1.9,0.5,81.0
I can't take this pressure anymore.,High,4.0,4.0,3.7,1.7,1.0,84.0
My mind is full of worry and fear.,High,4.0,8.8,3.1,5.4,1.2,88.0
Life feels like a constant struggle.,High,1.3,3.8,4.5,5.0,1.9,98.0
I'm constantly anxious and scared of failing.,High,4.7,9.5,3.3,3.4,3.1,88.0
Everything feels like too much to handle.,High,5.6,4.7,6.0,3.3,2.5,71.0
My mind is full of worry and fear.,High,3.8,7.6,6.0,2.5,2.2,84.0
Life feels like a constant struggle.,High,5.1,8.9,5.1,3.7,1.3,78.0
"Too many expectations, I can't breathe.",High,0.8,4.9,5.2,1.3,3.3,75.0
I can’t find peace even for a moment.,High,1.0,3.8,4.5,1.1,3.1,80.0
I feel mentally exhausted and helpless.,High,1.7,6.5,3.2,5.6,1.7,99.0
Life feels like a constant struggle.,High,4.8,5.1,5.6,1.1,2.5,90.0
I cry almost every night due to stress.,High,3.4,8.8,4.8,4.9,2.4,70.0
Everything feels like too much to handle.,High,0.4,3.4,4.3,3.0,1.2,70.0
Everything feels like too much to handle.,High,5.9,6.8,3.1,2.9,2.6,74.0
I feel like everything is falling apart.,High,5.7,3.0,3.3,4.7,0.8,83.0
My heart is racing and I feel overwhelmed.,High,0.9,7.8,3.3,5.5,1.7,77.0
I’m stressed and frustrated with everything.,High,4.7,7.0,4.8,5.8,1.5,70.0
"Too many expectations, I can't breathe.",High,1.2,7.4,4.9,2.7,1.8,91.0
Everything feels like too much to handle.,High,1.5,6.7,5.2,4.1,1.8,78.0
I can’t find peace even for a moment.,High,2.0,3.6,5.9,2.9,2.9,93.0
I can't take this pressure anymore.,High,0.9,9.1,4.1,4.3,2.5,89.0
I can't take this pressure anymore.,High,3.8,8.4,3.6,1.9,1.4,97.0
I can’t find peace even for a moment.,High,2.7,5.9,4.4,3.9,1.2,83.0
My heart is racing and I feel overwhelmed.,High,4.5,6.0,4.6,3.3,2.7,100.0
Work is draining all my energy and hope.,High,1.5,9.5,6.0,1.6,2.5,72.0
My mind is full of worry and fear.,High,0.3,6.6,3.1,2.4,0.7,86.0
I'm constantly anxious and scared of failing.,High,3.7,4.8,3.4,1.7,1.7,87.0
I cry almost every night due to stress.,High,3.9,6.1,4.8,3.2,1.8,95.0
My heart is racing and I feel overwhelmed.,High,2.6,7.9,3.2,1.5,1.6,77.0
Nothing is going right in my life.,High,3.5,4.8,3.4,1.5,1.0,94.0
My mind is full of worry and fear.,High,1.8,5.2,4.0,3.6,2.1,96.0
I feel like everything is falling apart.,High,3.9,3.2,4.1,3.9,1.7,91.0
My mind is full of worry and fear.,High,2.5,9.9,4.2,5.1,0.9,84.0
I cry almost every night due to stress.,High,0.9,7.3,5.0,3.7,2.8,89.0
I feel like everything is falling apart.,High,2.1,9.4,4.5,1.6,0.9,82.0
I'm constantly anxious and scared of failing.,High,3.8,9.7,5.0,3.8,2.8,92.0
"Too many expectations, I can't breathe.",High,1.5,7.4,5.0,4.2,1.6,85.0
I can’t find peace even for a moment.,High,0.3,4.6,6.0,1.7,1.0,79.0
Everything feels like too much to handle.,High,4.4,9.9,3.5,5.7,1.0,72.0
Nothing is going right in my life.,High,1.0,8.2,4.5,2.3,0.6,76.0
Everything feels like too much to handle.,High,2.3,9.9,5.9,4.4,0.5,75.0
I feel like everything is falling apart.,High,0.1,4.3,3.7,1.6,1.2,95.0
Life feels like a constant struggle.,High,4.4,7.8,3.7,4.8,2.7,78.0
I can’t find peace even for a moment.,High,1.0,7.9,5.9,3.4,2.5,91.0
Everything feels like too much to handle.,High,4.1,4.4,3.9,1.6,0.5,72.0
I have no motivation left to continue.,High,2.9,7.8,5.7,3.3,0.5,78.0
Nothing is going right in my life.,High,4.9,9.7,4.8,1.5,1.0,81.0
"Too many expectations, I can't breathe.",High,3.1,8.4,3.5,4.4,0.9,80.0
Everything feels like too much to handle.,High,0.5,6.6,4.8,3.7,0.8,86.0
"Too many expectations, I can't breathe.",High,2.6,8.6,4.5,2.9,0.9,97.0
Nothing is going right in my life.,High,0.4,3.5,3.7,1.8,1.9,75.0
I feel mentally exhausted and helpless.,High,4.4,6.2,4.5,1.7,2.3,88.0
My heart is racing and I feel overwhelmed.,High,5.7,9.8,5.0,3.7,3.3,77.0
I'm constantly anxious and scared of failing.,High,4.4,6.4,4.1,2.4,2.4,89.0
I have no motivation left to continue.,High,2.7,5.9,4.7,1.2,2.4,95.0
Nothing is going right in my life.,High,4.5,8.5,3.8,4.5,1.3,78.0
I’m stressed and frustrated with everything.,High,1.1,5.9,4.7,1.1,2.7,99.0
I feel mentally exhausted and helpless.,High,3.4,4.0,4.9,1.7,0.6,79.0
"Too many expectations, I can't breathe.",High,5.5,7.0,5.2,4.4,2.4,100.0
I can't take this pressure anymore.,High,5.7,5.3,6.0,5.8,1.4,88.0
I'm constantly anxious and scared of failing.,High,4.3,7.5,5.9,5.0,1.1,99.0
I'm constantly anxious and scared of failing.,High,2.3,3.9,5.4,2.4,1.9,71.0
My heart is racing and I feel overwhelmed.,High,2.8,7.6,4.4,6.0,3.0,75.0
I can’t find peace even for a moment.,High,1.8,4.1,5.2,4.4,1.0,83.0
Everything feels like too much to handle.,High,3.4,7.2,3.8,5.6,0.8,85.0
I'm constantly anxious and scared of failing.,High,1.6,3.8,5.4,4.3,3.1,79.0
I can’t find peace even for a moment.,High,0.0,5.4,4.4,4.2,2.0,82.0
Everything feels like too much to handle.,High,0.9,4.2,5.9,2.5,2.8,70.0
I can't take this pressure anymore.,High,0.6,6.5,5.7,1.5,1.5,77.0
"Too many expectations, I can't breathe.",High,4.8,8.8,3.8,4.2,2.4,82.0
I feel like everything is falling apart.,High,3.2,8.6,3.9,5.6,1.4,99.0
I can't take this pressure anymore.,High,4.3,7.4,5.0,1.9,3.3,72.0
I’m stressed and frustrated with everything.,High,4.5,5.1,4.4,2.8,2.0,86.0
I have no motivation left to continue.,High,0.4,3.9,5.3,4.4,0.9,86.0
I'm constantly anxious and scared of failing.,High,2.0,6.6,3.5,2.7,2.6,90.0
I can't take this pressure anymore.,High,0.1,7.6,3.2,4.7,3.4,98.0
Work is draining all my energy and hope.,High,5.7,4.1,3.6,3.3,1.7,97.0
I’m stressed and frustrated with everything.,High,2.3,9.8,3.1,4.2,2.0,93.0
I cry almost every night due to stress.,High,5.7,4.6,4.9,4.5,2.5,87.0
"Too many expectations, I can't breathe.",High,1.7,6.4,3.9,5.3,0.7,93.0
"Too many expectations, I can't breathe.",High,4.4,5.0,5.9,5.1,0.9,85.0
I'm constantly anxious and scared of failing.,High,3.9,6.5,5.7,5.5,1.9,95.0
"Too many expectations, I can't breathe.",High,0.0,9.8,5.1,2.4,1.5,93.0
I can’t find peace even for a moment.,High,2.0,6.3,5.1,3.6,3.1,71.0
Work is draining all my energy and hope.,High,1.8,3.6,4.9,3.0,3.5,91.0
I can’t find peace even for a moment.,High,4.3,4.7,3.1,1.7,1.9,88.0
Nothing is going right in my life.,High,5.9,4.0,5.5,4.5,1.2,83.0
Everything feels like too much to handle.,High,2.1,6.0,3.0,2.8,1.9,84.0
I cry almost every night due to stress.,High,4.7,4.8,5.3,1.7,2.4,88.0
"Too many expectations, I can't breathe.",High,4.3,5.1,5.6,2.0,0.6,87.0
I’m stressed and frustrated with everything.,High,2.4,7.7,4.0,2.0,1.6,72.0
I can't take this pressure anymore.,High,1.7,4.6,4.0,3.5,1.4,89.0
Everything feels like too much to handle.,High,2.6,3.9,5.9,1.8,1.4,87.0
Everything feels like too much to handle.,High,2.9,6.3,4.4,3.7,1.1,89.0
I feel like everything is falling apart.,High,1.9,4.4,5.5,1.7,1.2,80.0
I can't take this pressure anymore.,High,5.2,3.4,5.4,2.3,2.0,70.0
Life feels like a constant struggle.,High,5.7,3.5,5.7,4.8,1.8,81.0
I cry almost every night due to stress.,High,2.4,7.2,5.5,4.4,1.1,78.0
I feel like everything is falling apart.,High,2.4,5.6,3.0,5.9,3.3,82.0
I cry almost every night due to stress.,High,3.9,3.1,5.9,4.5,1.2,73.0
I feel like everything is falling apart.,High,4.6,5.8,4.5,2.2,1.0,75.0
Life feels like a constant struggle.,High,4.5,6.4,5.5,5.9,1.8,70.0
I feel mentally exhausted and helpless.,High,2.7,8.9,5.8,2.0,2.5,98.0
Life feels like a constant struggle.,High,0.9,6.2,3.1,5.8,1.1,97.0
My mind is full of worry and fear.,High,1.9,5.4,3.7,1.5,2.2,79.0
I feel mentally exhausted and helpless.,High,5.9,8.0,4.0,5.7,0.5,99.0
I feel like everything is falling apart.,High,2.1,6.5,4.7,5.3,1.9,78.0
I cry almost every night due to stress.,High,1.6,6.8,5.3,1.6,3.1,91.0
I can’t find peace even for a moment.,High,1.1,5.9,3.4,4.1,2.3,95.0
I'm constantly anxious and scared of failing.,High,1.3,7.0,5.6,5.5,2.9,95.0
I can't take this pressure anymore.,High,5.2,3.6,3.6,3.2,2.5,77.0
Life feels like a constant struggle.,High,1.6,8.9,3.4,4.2,1.4,88.0
I cry almost every night due to stress.,High,2.8,9.0,5.5,4.1,1.6,85.0
I can’t find peace even for a moment.,High,2.9,7.6,3.7,4.5,2.6,97.0
I can’t find peace even for a moment.,High,4.7,4.9,3.4,1.7,0.9,76.0
I can't take this pressure anymore.,High,0.1,3.0,4.2,4.3,3.1,81.0
I can't take this pressure anymore.,High,3.3,5.0,3.5,3.5,2.1,88.0
Life feels like a constant struggle.,High,3.7,4.9,3.2,1.5,0.6,75.0
I'm constantly anxious and scared of failing.,High,3.0,3.4,5.9,1.2,2.9,79.0
I feel mentally exhausted and helpless.,High,1.0,4.0,5.1,1.9,2.1,99.0
Work is draining all my energy and hope.,High,1.9,3.7,3.6,2.0,0.9,87.0
My heart is racing and I feel overwhelmed.,High,1.7,8.1,3.8,1.3,1.7,86.0
I feel mentally exhausted and helpless.,High,0.7,4.1,3.9,3.6,2.8,94.0
I'm constantly anxious and scared of failing.,High,2.0,6.6,4.0,3.8,1.3,70.0
Nothing is going right in my life.,High,0.4,6.9,4.7,2.2,1.5,72.0
My heart is racing and I feel overwhelmed.,High,2.0,8.2,3.9,4.8,1.7,85.0
I’m stressed and frustrated with everything.,High,1.8,4.5,5.4,3.3,2.6,94.0
Work is draining all my energy and hope.,High,3.6,3.5,3.3,5.3,2.6,81.0
Everything feels like too much to handle.,High,0.4,3.4,4.8,2.0,3.4,78.0
"Too many expectations, I can't breathe.",High,0.7,3.4,3.9,2.7,0.8,98.0
I can’t find peace even for a moment.,High,5.8,8.0,5.3,1.1,2.6,92.0
I'm constantly anxious and scared of failing.,High,5.3,3.2,3.1,3.7,1.2,94.0
Work is draining all my energy and hope.,High,4.8,8.7,4.5,5.5,2.8,82.0
I can't take this pressure anymore.,High,0.8,4.0,3.3,1.9,1.6,83.0
My heart is racing and I feel overwhelmed.,High,2.6,6.2,4.6,4.5,3.5,77.0
I’m stressed and frustrated with everything.,High,1.1,9.2,4.9,4.6,0.9,96.0
"Too many expectations, I can't breathe.",High,1.7,7.8,5.0,5.3,2.3,80.0
My mind is full of worry and fear.,High,2.5,8.5,4.7,2.6,0.7,100.0
I feel mentally exhausted and helpless.,High,2.8,9.7,5.9,5.5,2.5,100.0
I feel like everything is falling apart.,High,0.3,6.4,3.7,4.9,2.4,82.0
Life feels like a constant struggle.,High,6.0,7.4,4.2,4.2,1.6,91.0
I can't take this pressure anymore.,High,3.4,3.4,5.6,4.1,1.0,90.0
"Too many expectations, I can't breathe.",High,4.9,7.2,3.9,2.4,2.3,86.0
Life feels like a constant struggle.,High,3.6,4.5,3.3,3.5,3.2,71.0
Everything feels like too much to handle.,High,4.7,4.1,4.7,2.8,2.6,73.0
I feel mentally exhausted and helpless.,High,3.8,4.9,5.6,4.4,2.6,78.0
I'm constantly anxious and scared of failing.,High,0.4,3.4,5.8,4.3,2.7,73.0
I feel like everything is falling apart.,High,5.7,6.4,5.8,2.8,1.2,85.0
I can’t find peace even for a moment.,High,4.7,4.1,3.1,4.6,1.3,89.0
I’m stressed and frustrated with everything.,High,2.1,9.0,4.3,5.2,3.5,92.0
I have no motivation left to continue.,High,5.9,8.8,5.1,1.4,0.8,100.0
My mind is full of worry and fear.,High,1.6,3.8,4.0,3.4,2.2,86.0
Everything feels like too much to handle.,High,0.8,5.4,4.4,4.9,1.3,94.0
I cry almost every night due to stress.,High,1.3,4.3,3.7,5.3,2.7,88.0
I cry almost every night due to stress.,High,5.8,8.9,4.4,3.1,1.6,94.0
I feel mentally exhausted and helpless.,High,4.8,4.5,5.4,4.0,2.5,81.0
Nothing is going right in my life.,High,5.2,8.9,5.1,5.3,3.0,94.0
Life feels like a constant struggle.,High,0.0,6.2,3.8,3.0,1.9,93.0
Life feels like a constant struggle.,High,2.2,8.2,4.7,5.3,1.3,78.0
Work is draining all my energy and hope.,High,0.3,7.3,4.4,2.0,1.2,76.0
Life feels like a constant struggle.,High,5.5,6.9,4.8,1.1,0.6,93.0
I cry almost every night due to stress.,High,3.1,7.5,4.3,3.7,2.2,70.0
I'm constantly anxious and scared of failing.,High,3.8,7.3,3.2,3.1,0.5,86.0
I have no motivation left to continue.,High,0.6,7.2,3.2,1.5,3.0,93.0
Everything feels like too much to handle.,High,1.2,9.9,3.7,1.3,2.0,74.0
My mind is full of worry and fear.,High,0.4,5.6,3.4,5.2,0.9,97.0
I feel mentally exhausted and helpless.,High,3.9,7.6,5.6,5.7,0.5,88.0
I feel like everything is falling apart.,High,6.0,4.7,3.5,4.7,1.1,92.0
I’m stressed and frustrated with everything.,High,2.4,3.7,5.0,5.7,1.9,74.0
Everything feels like too much to handle.,High,5.0,5.6,4.2,4.6,1.8,75.0
"Too many expectations, I can't breathe.",High,5.5,4.9,5.8,3.4,1.8,90.0
I can’t find peace even for a moment.,High,0.8,8.4,3.6,5.9,2.6,74.0
I feel mentally exhausted and helpless.,High,3.3,9.4,5.3,4.5,3.2,70.0
Some days are tough but I push myself.,Medium,2.5,5.5,8.4,3.6,1.9,42.0
I feel pressure but I'm trying to stay strong.,Medium,7.9,6.1,6.3,3.7,0.8,58.0
Things are stressing me out a bit.,Medium,6.7,8.1,7.6,1.5,1.3,63.0
"Not the best day, but not the worst either.",Medium,6.7,8.9,7.0,1.5,2.4,42.0
Things are stressing me out a bit.,Medium,6.2,8.0,5.5,2.8,0.8,51.0
I'm dealing with some emotional pressure.,Medium,1.2,4.5,5.5,5.4,2.6,61.0
I feel a little stressed but I'm coping.,Medium,2.7,9.9,8.5,1.3,3.2,48.0
"Not the best day, but not the worst either.",Medium,7.1,3.2,6.8,5.7,1.5,62.0
Today has its ups and downs.,Medium,7.9,7.1,4.2,2.0,2.1,50.0
Trying to balance everything is tiring.,Medium,6.6,3.3,7.5,5.6,2.3,65.0
I feel anxious but still somewhat okay.,Medium,2.8,4.2,8.5,5.4,3.2,58.0
Today has its ups and downs.,Medium,5.1,4.5,7.9,4.0,1.9,62.0
Things are stressing me out a bit.,Medium,5.9,7.4,4.8,4.2,1.5,64.0
I feel a little stressed but I'm coping.,Medium,3.4,6.6,6.0,2.9,0.9,55.0
I could use some rest from the workload.,Medium,3.4,5.3,8.0,4.8,3.2,56.0
I feel a little stressed but I'm coping.,Medium,7.0,4.6,8.0,2.2,0.6,54.0
Some days are tough but I push myself.,Medium,2.5,5.8,8.3,1.0,3.2,49.0
I feel a little stressed but I'm coping.,Medium,1.8,3.8,7.4,5.0,2.7,63.0
I feel anxious but still somewhat okay.,Medium,5.4,4.6,4.4,2.4,3.0,40.0
I’m worried about deadlines but managing.,Medium,1.4,6.3,6.9,4.1,0.5,51.0
Things are stressing me out a bit.,Medium,2.1,8.9,6.1,5.3,1.3,61.0
My stress level is moderate today.,Medium,2.7,9.6,5.5,5.7,3.0,54.0
I’m worried about deadlines but managing.,Medium,6.2,7.3,4.2,2.4,2.8,60.0
I'm dealing with some emotional pressure.,Medium,7.1,5.8,8.9,3.3,1.1,61.0
Today has its ups and downs.,Medium,1.0,6.3,7.8,5.4,1.8,63.0
I feel anxious but still somewhat okay.,Medium,5.8,4.3,8.6,3.7,3.0,59.0
I feel a little stressed but I'm coping.,Medium,2.2,5.1,7.4,5.7,2.5,45.0
Today has its ups and downs.,Medium,3.0,9.3,4.5,3.3,3.0,57.0
Trying to balance everything is tiring.,Medium,3.5,9.1,4.4,3.4,1.8,62.0
I need a break but I’ll keep going.,Medium,2.5,4.1,5.6,4.0,1.7,66.0
I could use some rest from the workload.,Medium,3.8,4.5,5.6,1.2,2.2,64.0
I'm dealing with some emotional pressure.,Medium,5.6,4.7,4.0,1.8,1.5,69.0
I feel a little stressed but I'm coping.,Medium,2.9,8.1,8.6,2.8,1.5,40.0
I’m worried about deadlines but managing.,Medium,6.8,6.5,4.2,2.8,2.9,45.0
Some days are tough but I push myself.,Medium,1.2,3.5,5.9,5.8,1.5,60.0
I need a break but I’ll keep going.,Medium,1.7,9.5,7.9,2.5,3.0,62.0
I feel pressure but I'm trying to stay strong.,Medium,4.2,6.8,8.4,5.7,2.7,52.0
My stress level is moderate today.,Medium,6.7,4.8,5.8,4.7,3.2,43.0
Things are stressing me out a bit.,Medium,3.3,7.4,5.7,4.8,1.0,65.0
My stress level is moderate today.,Medium,5.1,6.0,5.0,2.0,2.7,54.0
I’m worried about deadlines but managing.,Medium,5.7,7.9,5.5,1.2,1.7,60.0
I feel anxious but still somewhat okay.,Medium,5.1,4.1,4.9,1.2,2.4,42.0
I need a break but I’ll keep going.,Medium,1.8,3.7,4.1,2.8,3.2,50.0
"Not the best day, but not the worst either.",Medium,7.4,3.9,5.9,3.6,2.6,42.0
My stress level is moderate today.,Medium,2.0,9.8,7.2,2.7,2.3,62.0
A few things are bothering me today.,Medium,6.0,6.3,4.5,2.4,3.5,62.0
A few things are bothering me today.,Medium,4.6,8.1,6.4,4.5,1.8,43.0
Some days are tough but I push myself.,Medium,1.4,7.9,7.3,5.8,1.7,49.0
I feel anxious but still somewhat okay.,Medium,5.3,9.1,6.5,2.3,3.3,58.0
Some days are tough but I push myself.,Medium,7.8,5.5,7.4,5.9,0.8,68.0
Trying to stay positive despite difficulties.,Medium,6.4,5.0,6.0,5.4,1.2,68.0
I’m worried about deadlines but managing.,Medium,6.4,8.7,5.1,2.5,3.4,57.0
Trying to balance everything is tiring.,Medium,1.5,8.8,5.3,4.4,1.3,67.0
I could use some rest from the workload.,Medium,6.0,6.3,4.1,3.7,2.5,45.0
"Not the best day, but not the worst either.",Medium,6.6,9.0,7.5,2.7,1.5,59.0
I'm dealing with some emotional pressure.,Medium,4.1,7.3,7.6,5.0,1.3,40.0
My stress level is moderate today.,Medium,5.8,6.0,8.9,5.4,2.5,68.0
I could use some rest from the workload.,Medium,7.7,4.7,4.2,2.5,3.5,48.0
I feel anxious but still somewhat okay.,Medium,6.5,8.1,8.1,4.0,2.4,67.0
Trying to stay positive despite difficulties.,Medium,5.2,7.4,6.3,3.1,0.8,57.0
I feel anxious but still somewhat okay.,Medium,5.1,6.7,7.5,3.6,2.4,61.0
Trying to stay positive despite difficulties.,Medium,3.1,4.7,4.9,4.2,1.9,62.0
I could use some rest from the workload.,Medium,6.9,4.0,6.0,2.2,2.6,49.0
My stress level is moderate today.,Medium,3.5,8.9,5.4,1.6,2.9,45.0
Today has its ups and downs.,Medium,5.6,7.3,8.7,2.8,2.5,53.0
I could use some rest from the workload.,Medium,4.8,9.3,9.0,5.9,2.1,59.0
I'm dealing with some emotional pressure.,Medium,4.3,7.3,7.7,4.7,2.0,40.0
Some days are tough but I push myself.,Medium,3.5,5.5,6.1,4.1,2.9,60.0
I’m worried about deadlines but managing.,Medium,5.1,4.6,7.6,1.2,1.5,46.0
I'm dealing with some emotional pressure.,Medium,4.6,9.5,7.9,2.4,1.6,49.0
Trying to stay positive despite difficulties.,Medium,4.0,8.0,5.2,5.8,2.5,43.0
Trying to balance everything is tiring.,Medium,5.5,6.3,4.1,3.1,3.4,51.0
I'm dealing with some emotional pressure.,Medium,6.9,5.8,8.6,5.2,2.0,42.0
I could use some rest from the workload.,Medium,6.2,9.1,7.7,5.8,3.2,61.0
I’m worried about deadlines but managing.,Medium,5.1,3.2,8.6,2.1,2.9,60.0
"Not the best day, but not the worst either.",Medium,2.3,5.9,5.6,2.9,1.0,55.0
My stress level is moderate today.,Medium,1.4,3.8,6.0,3.0,0.7,69.0
I need a break but I’ll keep going.,Medium,6.5,6.0,8.9,1.6,1.1,65.0
"Not the best day, but not the worst either.",Medium,1.5,4.0,6.2,5.1,2.4,54.0
Trying to balance everything is tiring.,Medium,5.4,4.4,8.7,5.2,1.8,59.0
My stress level is moderate today.,Medium,3.1,5.7,6.9,5.7,1.2,59.0
Things are stressing me out a bit.,Medium,2.4,7.3,6.5,5.5,2.0,54.0
I'm dealing with some emotional pressure.,Medium,2.0,5.0,7.1,2.3,1.8,46.0
I feel a little stressed but I'm coping.,Medium,6.7,4.3,5.0,2.6,1.3,49.0
Some days are tough but I push myself.,Medium,7.3,6.7,5.9,2.2,2.4,58.0
Trying to balance everything is tiring.,Medium,6.0,4.8,4.3,5.1,1.9,47.0
I feel anxious but still somewhat okay.,Medium,3.4,6.0,8.8,1.7,1.0,45.0
I need a break but I’ll keep going.,Medium,6.0,3.0,4.3,3.6,1.7,50.0
Trying to stay positive despite difficulties.,Medium,4.9,7.9,4.2,3.3,0.9,54.0
"Not the best day, but not the worst either.",Medium,5.7,6.7,8.1,4.7,2.7,57.0
"Not the best day, but not the worst either.",Medium,8.0,3.2,7.5,5.9,1.0,48.0
I could use some rest from the workload.,Medium,1.4,8.7,5.0,6.0,3.2,51.0
I’m worried about deadlines but managing.,Medium,3.1,6.7,6.5,2.6,2.2,68.0
I feel anxious but still somewhat okay.,Medium,1.4,3.7,7.5,3.1,2.5,49.0
I could use some rest from the workload.,Medium,5.4,5.4,5.9,3.0,2.5,60.0
My stress level is moderate today.,Medium,5.6,4.4,8.0,4.7,0.8,48.0
Today has its ups and downs.,Medium,6.8,7.0,7.5,1.8,0.8,64.0
I’m worried about deadlines but managing.,Medium,3.6,8.6,6.5,3.4,1.9,68.0
Some days are tough but I push myself.,Medium,3.4,5.3,5.6,5.6,3.4,54.0
I feel a little stressed but I'm coping.,Medium,4.6,6.9,8.5,3.9,1.8,60.0
I'm dealing with some emotional pressure.,Medium,3.5,7.0,4.2,3.1,1.7,55.0
Some days are tough but I push myself.,Medium,2.8,7.7,4.7,5.2,2.0,63.0
I could use some rest from the workload.,Medium,5.6,7.6,4.6,1.8,2.2,67.0
I feel pressure but I'm trying to stay strong.,Medium,4.0,4.5,8.7,5.7,0.8,62.0
Trying to balance everything is tiring.,Medium,7.3,7.7,8.5,1.6,2.6,56.0
Today has its ups and downs.,Medium,5.2,7.2,5.5,3.8,3.4,62.0
Some days are tough but I push myself.,Medium,2.7,3.3,4.2,2.1,1.3,49.0
I could use some rest from the workload.,Medium,1.7,6.1,6.6,4.0,1.9,43.0
I'm dealing with some emotional pressure.,Medium,7.2,7.3,6.3,5.7,1.4,61.0
I need a break but I’ll keep going.,Medium,6.0,3.9,5.7,1.4,2.5,45.0
Trying to stay positive despite difficulties.,Medium,2.2,3.5,7.0,4.5,2.1,59.0
I feel pressure but I'm trying to stay strong.,Medium,4.6,4.0,7.2,1.9,2.8,58.0
Trying to stay positive despite difficulties.,Medium,6.8,7.5,4.3,1.1,2.8,51.0
I need a break but I’ll keep going.,Medium,5.7,7.9,7.4,4.6,1.8,67.0
I could use some rest from the workload.,Medium,3.0,5.0,5.3,2.4,3.1,69.0
My stress level is moderate today.,Medium,5.3,3.2,5.2,2.1,2.9,43.0
A few things are bothering me today.,Medium,3.6,8.4,8.3,4.5,1.1,47.0
I could use some rest from the workload.,Medium,5.0,5.9,7.1,5.3,2.5,68.0
I need a break but I’ll keep going.,Medium,7.7,5.1,7.0,4.0,2.2,53.0
I could use some rest from the workload.,Medium,1.3,8.1,8.0,4.7,2.9,49.0
I'm dealing with some emotional pressure.,Medium,3.4,3.3,5.9,2.2,1.8,50.0
Today has its ups and downs.,Medium,2.9,6.6,4.9,3.6,2.9,65.0
I feel pressure but I'm trying to stay strong.,Medium,5.6,3.9,4.9,4.7,1.0,53.0
Today has its ups and downs.,Medium,7.7,4.7,5.6,3.6,0.9,61.0
I could use some rest from the workload.,Medium,2.4,8.7,6.6,4.1,3.4,53.0
Today has its ups and downs.,Medium,7.6,4.9,8.6,1.1,1.5,45.0
"Not the best day, but not the worst either.",Medium,6.2,4.8,7.4,4.0,2.5,67.0
Some days are tough but I push myself.,Medium,2.7,7.7,4.5,6.0,1.4,50.0
I feel pressure but I'm trying to stay strong.,Medium,1.3,5.0,5.3,5.9,1.8,48.0
I feel pressure but I'm trying to stay strong.,Medium,1.2,7.3,7.3,4.0,3.3,41.0
I feel anxious but still somewhat okay.,Medium,7.6,5.7,8.3,1.6,2.4,45.0
Trying to balance everything is tiring.,Medium,4.2,5.3,5.2,5.7,1.9,65.0
I feel pressure but I'm trying to stay strong.,Medium,7.2,8.7,8.6,1.3,1.1,61.0
I feel a little stressed but I'm coping.,Medium,1.5,3.1,7.5,5.9,1.7,62.0
Things are stressing me out a bit.,Medium,1.6,4.7,7.4,1.1,1.9,51.0
Some days are tough but I push myself.,Medium,4.7,4.4,4.4,3.5,2.1,53.0
I’m worried about deadlines but managing.,Medium,6.7,5.1,8.7,4.3,2.1,65.0
Some days are tough but I push myself.,Medium,5.7,3.4,6.0,5.4,1.2,54.0
Trying to balance everything is tiring.,Medium,2.2,3.4,6.3,3.6,0.6,40.0
Some days are tough but I push myself.,Medium,6.6,7.3,6.0,1.1,3.0,53.0
Things are stressing me out a bit.,Medium,4.1,7.1,8.9,4.2,1.4,51.0
I need a break but I’ll keep going.,Medium,2.8,7.9,4.4,1.3,2.3,59.0
I feel pressure but I'm trying to stay strong.,Medium,1.1,3.4,8.5,2.3,3.4,49.0
I feel a little stressed but I'm coping.,Medium,5.3,9.5,6.4,1.1,1.2,63.0
Today has its ups and downs.,Medium,2.1,3.3,4.9,1.1,0.8,62.0
Trying to stay positive despite difficulties.,Medium,6.6,4.5,5.2,1.2,2.1,65.0
I'm dealing with some emotional pressure.,Medium,7.4,5.1,6.8,2.9,0.9,65.0
I feel anxious but still somewhat okay.,Medium,3.4,6.6,4.6,2.5,1.6,59.0
Trying to stay positive despite difficulties.,Medium,6.2,7.5,5.5,1.8,2.5,68.0
A few things are bothering me today.,Medium,2.3,6.9,6.7,5.6,2.6,66.0
Trying to balance everything is tiring.,Medium,7.1,7.1,6.1,1.2,1.0,64.0
My stress level is moderate today.,Medium,2.7,7.7,6.5,3.0,1.3,67.0
Today has its ups and downs.,Medium,1.3,9.3,6.5,2.7,1.0,55.0
Today has its ups and downs.,Medium,2.8,9.0,6.4,3.7,1.4,59.0
Trying to stay positive despite difficulties.,Medium,5.1,4.7,5.9,2.5,1.9,40.0
I'm dealing with some emotional pressure.,Medium,5.7,7.0,4.6,3.3,0.6,66.0
I could use some rest from the workload.,Medium,3.6,6.6,8.0,1.2,2.8,54.0
I feel anxious but still somewhat okay.,Medium,7.6,4.8,8.7,2.6,0.6,61.0
Trying to stay positive despite difficulties.,Medium,6.6,4.2,8.1,3.2,2.0,51.0
Trying to stay positive despite difficulties.,Medium,6.3,8.6,7.9,5.8,1.2,47.0
I’m worried about deadlines but managing.,Medium,6.1,10.0,5.4,4.2,1.2,53.0
I feel pressure but I'm trying to stay strong.,Medium,5.7,8.7,6.8,4.7,1.8,55.0
"Not the best day, but not the worst either.",Medium,3.2,9.3,7.7,4.7,1.1,66.0
I feel a little stressed but I'm coping.,Medium,6.1,4.8,4.8,4.7,2.4,47.0
My stress level is moderate today.,Medium,3.1,4.7,6.0,5.4,0.6,53.0
I'm dealing with some emotional pressure.,Medium,5.2,7.0,5.6,4.6,1.5,62.0
Trying to stay positive despite difficulties.,Medium,7.2,5.6,5.7,1.0,1.7,44.0
I feel anxious but still somewhat okay.,Medium,6.1,9.2,6.9,5.2,2.2,55.0
Some days are tough but I push myself.,Medium,3.3,9.5,6.4,5.1,2.4,60.0
"Not the best day, but not the worst either.",Medium,3.2,8.5,7.1,5.1,2.5,61.0
I’m worried about deadlines but managing.,Medium,5.7,4.1,4.9,5.6,1.4,41.0
A few things are bothering me today.,Medium,3.1,9.3,8.8,1.4,3.4,45.0
I feel anxious but still somewhat okay.,Medium,7.7,3.7,7.9,4.2,2.1,61.0
"Not the best day, but not the worst either.",Medium,6.3,3.1,6.6,6.0,1.1,44.0
"Not the best day, but not the worst either.",Medium,4.0,3.5,8.5,1.4,3.3,53.0
My stress level is moderate today.,Medium,2.2,5.5,6.8,1.5,1.1,43.0
I feel a little stressed but I'm coping.,Medium,1.9,8.3,8.6,3.4,1.8,48.0
Trying to balance everything is tiring.,Medium,5.6,6.6,8.1,1.2,1.3,64.0
My stress level is moderate today.,Medium,6.7,8.5,6.8,4.3,3.0,57.0
I feel anxious but still somewhat okay.,Medium,1.2,4.2,7.4,3.7,2.7,53.0
Some days are tough but I push myself.,Medium,2.9,9.2,4.3,2.0,0.5,40.0
I need a break but I’ll keep going.,Medium,1.9,3.6,5.4,3.5,2.6,49.0
I feel anxious but still somewhat okay.,Medium,1.2,5.2,7.9,1.2,1.9,46.0
I need a break but I’ll keep going.,Medium,2.3,3.8,5.4,5.7,1.5,41.0
I feel pressure but I'm trying to stay strong.,Medium,1.3,9.6,8.9,5.9,2.6,64.0
Trying to balance everything is tiring.,Medium,5.3,3.7,7.3,2.3,3.0,64.0
I feel pressure but I'm trying to stay strong.,Medium,4.6,8.8,8.5,2.9,2.8,55.0
I feel pressure but I'm trying to stay strong.,Medium,6.2,6.8,4.7,5.5,2.5,51.0
Today has its ups and downs.,Medium,2.1,5.2,6.3,2.4,2.7,59.0
Some days are tough but I push myself.,Medium,2.1,7.5,5.3,3.4,2.7,59.0
I feel pressure but I'm trying to stay strong.,Medium,4.4,4.8,4.3,1.6,2.5,62.0
Trying to balance everything is tiring.,Medium,7.8,8.1,4.7,1.5,2.1,69.0
I'm dealing with some emotional pressure.,Medium,2.6,4.2,6.5,2.7,2.4,51.0
I’m worried about deadlines but managing.,Medium,1.3,6.7,5.3,3.0,2.8,69.0
Trying to stay positive despite difficulties.,Medium,2.2,4.1,5.9,2.7,1.3,47.0
I’m worried about deadlines but managing.,Medium,1.1,6.7,4.8,5.4,2.3,62.0
I'm dealing with some emotional pressure.,Medium,1.4,7.7,6.6,4.2,2.8,66.0
I need a break but I’ll keep going.,Medium,8.0,8.9,7.8,4.8,0.8,41.0
I’m worried about deadlines but managing.,Medium,6.4,7.2,4.9,4.0,2.0,49.0
I feel pressure but I'm trying to stay strong.,Medium,6.1,5.6,7.2,4.3,2.1,45.0
I'm dealing with some emotional pressure.,Medium,3.3,4.7,7.0,1.6,2.4,42.0
Trying to balance everything is tiring.,Medium,1.3,6.0,7.1,2.4,2.5,45.0
My stress level is moderate today.,Medium,6.4,9.1,6.3,5.6,1.2,60.0
A few things are bothering me today.,Medium,6.4,8.8,4.0,4.0,0.8,43.0
I feel anxious but still somewhat okay.,Medium,1.2,9.5,7.0,5.2,2.7,53.0
I feel anxious but still somewhat okay.,Medium,6.9,6.0,8.6,4.4,1.5,51.0
Trying to balance everything is tiring.,Medium,3.7,4.4,6.2,5.3,1.8,69.0
I could use some rest from the workload.,Medium,2.4,4.9,4.1,3.3,0.6,49.0
Things are stressing me out a bit.,Medium,5.0,3.9,6.8,2.7,1.2,41.0
Some days are tough but I push myself.,Medium,4.7,7.3,4.9,1.9,2.4,65.0
I need a break but I’ll keep going.,Medium,4.7,9.4,5.1,1.9,1.7,47.0
Trying to balance everything is tiring.,Medium,6.2,3.3,4.8,1.2,3.3,61.0
I feel pressure but I'm trying to stay strong.,Medium,1.8,7.4,5.6,4.2,0.9,54.0
I could use some rest from the workload.,Medium,1.2,5.6,6.1,4.9,1.4,66.0
Things are stressing me out a bit.,Medium,1.3,3.1,4.5,5.1,0.8,63.0
I need a break but I’ll keep going.,Medium,2.0,6.7,5.2,3.4,1.4,69.0
Trying to stay positive despite difficulties.,Medium,3.2,8.9,4.1,2.8,2.0,58.0
Trying to balance everything is tiring.,Medium,2.1,3.8,7.5,3.4,0.5,68.0
I need a break but I’ll keep going.,Medium,7.7,8.5,8.0,5.1,3.5,61.0
Some days are tough but I push myself.,Medium,4.7,4.7,8.7,5.1,2.2,58.0
I feel pressure but I'm trying to stay strong.,Medium,2.6,4.2,6.1,3.9,2.2,48.0
Things are stressing me out a bit.,Medium,4.4,9.9,5.9,2.6,1.6,66.0
Today has its ups and downs.,Medium,5.3,9.7,6.5,3.7,0.8,46.0
I feel anxious but still somewhat okay.,Medium,3.1,9.0,8.4,3.0,1.0,59.0
I'm dealing with some emotional pressure.,Medium,7.2,7.3,7.3,3.4,1.1,45.0
A few things are bothering me today.,Medium,1.8,8.0,5.9,1.1,3.2,61.0
My stress level is moderate today.,Medium,2.5,5.0,4.9,5.3,2.9,62.0
Today has its ups and downs.,Medium,6.8,8.3,6.4,1.2,1.0,68.0
Today has its ups and downs.,Medium,5.7,6.6,4.7,5.5,1.6,60.0
I feel pressure but I'm trying to stay strong.,Medium,1.6,3.8,7.1,1.6,3.5,53.0
Today has its ups and downs.,Medium,5.3,4.0,8.7,4.0,3.5,61.0
A few things are bothering me today.,Medium,1.4,6.8,7.8,1.8,2.7,64.0
I’m worried about deadlines but managing.,Medium,6.5,9.4,4.3,4.7,3.3,56.0
Things are stressing me out a bit.,Medium,4.8,7.4,7.7,1.4,2.8,55.0
"Not the best day, but not the worst either.",Medium,1.1,9.1,6.3,2.7,1.8,65.0
A few things are bothering me today.,Medium,4.2,3.4,4.6,4.8,0.7,60.0
I feel pressure but I'm trying to stay strong.,Medium,7.3,7.3,4.3,2.6,2.0,49.0
I’m worried about deadlines but managing.,Medium,7.5,3.5,4.5,3.8,3.1,68.0
Trying to balance everything is tiring.,Medium,4.6,9.5,8.3,3.3,2.2,56.0
Things are stressing me out a bit.,Medium,7.7,5.1,4.9,4.2,0.5,54.0
Today has its ups and downs.,Medium,7.3,6.3,8.2,4.0,3.4,52.0
I'm dealing with some emotional pressure.,Medium,1.7,8.8,6.7,5.9,3.1,54.0
I’m worried about deadlines but managing.,Medium,5.3,9.4,4.7,4.0,0.6,66.0
Some days are tough but I push myself.,Medium,2.3,3.3,4.7,4.7,1.9,61.0
I feel a little stressed but I'm coping.,Medium,6.2,5.7,7.4,2.1,3.5,60.0
My stress level is moderate today.,Medium,3.6,6.2,7.9,2.9,2.0,50.0
Today has its ups and downs.,Medium,6.6,9.1,6.8,5.8,1.9,45.0
Today has its ups and downs.,Medium,3.4,4.4,8.8,4.1,1.9,57.0
I'm dealing with some emotional pressure.,Medium,1.6,7.9,7.0,4.4,3.1,65.0
Things are stressing me out a bit.,Medium,8.0,7.7,6.1,1.8,1.9,48.0
I need a break but I’ll keep going.,Medium,1.9,4.1,6.8,3.3,1.3,46.0
I feel a little stressed but I'm coping.,Medium,1.2,8.6,5.8,5.3,2.6,68.0
Things are stressing me out a bit.,Medium,5.6,9.9,7.5,5.6,2.3,52.0
My stress level is moderate today.,Medium,3.9,5.8,7.8,1.7,2.0,60.0
Trying to stay positive despite difficulties.,Medium,5.6,9.6,7.6,3.9,2.6,66.0
Today has its ups and downs.,Medium,3.8,7.4,4.7,2.1,1.4,52.0
Things are stressing me out a bit.,Medium,7.3,7.1,5.5,2.3,1.7,52.0
I feel anxious but still somewhat okay.,Medium,6.9,9.4,7.6,4.7,3.2,55.0
I'm dealing with some emotional pressure.,Medium,6.9,7.9,6.4,4.2,3.1,67.0
Trying to balance everything is tiring.,Medium,5.9,4.4,4.4,5.6,1.4,61.0
Some days are tough but I push myself.,Medium,3.5,8.4,6.9,5.9,2.8,65.0
I’m worried about deadlines but managing.,Medium,3.5,8.9,8.3,2.6,3.0,66.0
Some days are tough but I push myself.,Medium,7.1,8.6,6.7,2.3,3.3,58.0
I'm dealing with some emotional pressure.,Medium,4.7,4.2,7.8,5.5,0.8,41.0
"Not the best day, but not the worst either.",Medium,1.7,6.9,7.6,5.0,1.5,48.0
Today has its ups and downs.,Medium,4.7,9.8,7.8,4.1,1.5,66.0
I feel anxious but still somewhat okay.,Medium,3.9,6.1,8.4,1.8,2.3,54.0
Trying to stay positive despite difficulties.,Medium,7.4,4.1,5.3,2.9,1.5,59.0
I feel a little stressed but I'm coping.,Medium,2.4,3.5,5.3,5.2,0.9,46.0
I feel pressure but I'm trying to stay strong.,Medium,6.4,4.0,6.5,5.0,2.5,61.0
I'm dealing with some emotional pressure.,Medium,6.5,5.8,9.0,3.1,0.8,63.0
I could use some rest from the workload.,Medium,5.1,8.0,7.8,3.4,1.0,62.0
I feel pressure but I'm trying to stay strong.,Medium,1.7,7.9,7.5,4.8,3.3,41.0
Trying to balance everything is tiring.,Medium,3.1,8.1,7.4,1.9,2.2,58.0
I feel a little stressed but I'm coping.,Medium,6.3,5.8,7.5,2.6,2.2,58.0
I feel a little stressed but I'm coping.,Medium,5.5,7.1,9.0,2.1,0.6,58.0
Some days are tough but I push myself.,Medium,1.0,9.1,4.3,1.7,0.9,64.0
I'm dealing with some emotional pressure.,Medium,1.6,8.6,8.6,3.1,2.2,50.0
I’m worried about deadlines but managing.,Medium,6.7,3.3,8.4,1.4,2.4,49.0
Some days are tough but I push myself.,Medium,2.7,6.0,8.0,4.9,0.8,45.0
I'm dealing with some emotional pressure.,Medium,6.3,4.4,5.4,4.6,3.2,55.0
I feel a little stressed but I'm coping.,Medium,2.2,7.0,8.4,1.5,1.0,55.0
Things are stressing me out a bit.,Medium,7.3,4.4,6.2,5.2,1.0,50.0
Today has its ups and downs.,Medium,3.8,4.1,7.7,4.4,1.6,49.0
I feel anxious but still somewhat okay.,Medium,1.4,6.9,8.6,5.2,3.3,63.0
Trying to balance everything is tiring.,Medium,3.5,5.0,6.2,2.8,1.5,43.0
I feel a little stressed but I'm coping.,Medium,7.4,9.1,5.4,2.5,2.6,63.0
Things are stressing me out a bit.,Medium,3.5,5.9,6.8,2.1,2.6,50.0
I feel a little stressed but I'm coping.,Medium,7.6,9.8,8.5,1.3,3.4,47.0
Some days are tough but I push myself.,Medium,2.7,4.1,6.9,5.1,2.8,48.0
Today has its ups and downs.,Medium,7.7,4.7,6.6,3.0,2.2,43.0
Trying to stay positive despite difficulties.,Medium,5.7,7.4,5.2,1.7,1.9,62.0
A few things are bothering me today.,Medium,5.6,9.3,7.0,2.4,1.7,67.0
I feel anxious but still somewhat okay.,Medium,3.9,5.1,6.9,5.1,1.8,54.0
My stress level is moderate today.,Medium,5.3,7.3,6.5,4.7,0.8,57.0
I’m worried about deadlines but managing.,Medium,7.9,9.1,6.6,3.2,3.2,50.0
A few things are bothering me today.,Medium,5.2,4.5,5.9,2.0,2.2,40.0
Today has its ups and downs.,Medium,3.4,9.0,4.7,1.4,0.6,62.0
Trying to stay positive despite difficulties.,Medium,4.6,8.1,7.6,4.0,0.7,61.0
I could use some rest from the workload.,Medium,4.2,5.2,4.5,5.6,2.6,63.0
I need a break but I’ll keep going.,Medium,2.4,3.6,6.2,5.4,2.7,45.0
Today has its ups and downs.,Medium,5.4,4.3,5.0,4.5,0.8,54.0
I feel a little stressed but I'm coping.,Medium,2.2,7.5,5.7,3.1,2.0,61.0
Trying to stay positive despite difficulties.,Medium,7.1,6.5,5.6,2.9,2.2,44.0
My stress level is moderate today.,Medium,3.7,3.3,8.2,4.4,1.4,54.0
I'm dealing with some emotional pressure.,Medium,2.9,7.4,8.0,4.5,1.8,57.0
I feel pressure but I'm trying to stay strong.,Medium,5.6,9.5,8.1,4.9,0.7,54.0
Today has its ups and downs.,Medium,4.5,9.9,6.6,5.2,1.4,62.0
A few things are bothering me today.,Medium,3.1,4.8,9.0,4.2,1.9,42.0
A few things are bothering me today.,Medium,7.5,9.3,4.9,5.5,2.9,68.0
I feel a little stressed but I'm coping.,Medium,1.0,9.2,5.8,1.9,0.6,68.0
I feel pressure but I'm trying to stay strong.,Medium,5.4,5.1,5.9,2.6,0.9,69.0
I feel a little stressed but I'm coping.,Medium,1.8,5.2,6.6,4.0,1.4,53.0
Things are stressing me out a bit.,Medium,4.0,3.7,8.6,2.1,1.7,58.0
I feel anxious but still somewhat okay.,Medium,7.5,5.2,5.3,1.7,3.2,69.0
Trying to stay positive despite difficulties.,Medium,1.4,6.9,8.7,2.1,2.8,57.0
I feel anxious but still somewhat okay.,Medium,2.0,5.0,7.0,3.4,2.5,52.0
Some days are tough but I push myself.,Medium,2.7,3.9,6.3,1.1,2.8,61.0
I could use some rest from the workload.,Medium,4.5,9.3,6.3,5.1,2.1,51.0
Trying to stay positive despite difficulties.,Medium,5.9,5.5,7.9,1.6,2.1,60.0
My stress level is moderate today.,Medium,4.6,5.3,7.7,1.3,1.7,58.0
I feel pressure but I'm trying to stay strong.,Medium,6.7,6.1,8.7,5.3,2.7,47.0
Today has its ups and downs.,Medium,7.3,3.5,8.3,2.5,2.7,51.0
"Not the best day, but not the worst either.",Medium,3.8,6.2,7.7,5.8,0.7,65.0
I feel a little stressed but I'm coping.,Medium,2.7,3.6,7.1,1.7,0.9,48.0
Trying to balance everything is tiring.,Medium,2.2,8.2,6.5,4.7,0.9,50.0
I feel pressure but I'm trying to stay strong.,Medium,1.6,3.8,6.6,5.1,2.7,55.0
Today has its ups and downs.,Medium,5.1,3.8,8.7,5.3,2.1,44.0
My stress level is moderate today.,Medium,4.7,6.2,5.1,2.0,2.8,57.0
I feel anxious but still somewhat okay.,Medium,7.6,5.5,4.5,5.2,3.4,45.0
Today has its ups and downs.,Medium,3.0,5.5,5.1,4.9,3.5,63.0
I feel anxious but still somewhat okay.,Medium,4.2,5.0,7.8,5.9,2.0,65.0
Trying to balance everything is tiring.,Medium,3.9,3.8,7.0,1.9,2.9,59.0
Trying to balance everything is tiring.,Medium,3.7,5.7,7.2,4.4,2.9,61.0
A few things are bothering me today.,Medium,1.6,4.0,4.1,1.1,2.6,52.0
My stress level is moderate today.,Medium,1.2,6.5,7.0,2.5,3.1,54.0
Some days are tough but I push myself.,Medium,5.1,5.4,4.6,3.0,0.8,62.0
I could use some rest from the workload.,Medium,6.1,3.4,4.5,1.6,3.0,56.0
Trying to balance everything is tiring.,Medium,1.5,8.4,8.1,1.4,3.1,67.0
I feel a little stressed but I'm coping.,Medium,2.1,6.6,7.0,4.4,2.1,43.0
My stress level is moderate today.,Medium,5.9,9.2,4.1,5.8,1.4,52.0
I feel a little stressed but I'm coping.,Medium,4.3,4.9,5.2,1.6,3.2,56.0
A few things are bothering me today.,Medium,5.4,8.2,7.5,1.3,3.2,44.0
A few things are bothering me today.,Medium,5.0,3.1,6.0,4.3,3.0,57.0
I could use some rest from the workload.,Medium,4.6,3.5,7.9,6.0,0.6,40.0
I feel a little stressed but I'm coping.,Medium,2.2,4.7,5.6,1.0,2.6,44.0
"Not the best day, but not the worst either.",Medium,6.2,5.5,7.9,5.3,2.6,69.0
Trying to balance everything is tiring.,Medium,2.4,9.2,8.6,3.4,1.3,46.0
Trying to stay positive despite difficulties.,Medium,7.0,3.8,6.7,4.0,2.3,45.0
I need a break but I’ll keep going.,Medium,4.8,8.4,6.6,3.4,1.0,61.0
I’m worried about deadlines but managing.,Medium,2.4,5.0,7.9,4.4,2.9,46.0
"Not the best day, but not the worst either.",Medium,4.1,7.6,8.5,3.2,1.4,48.0
I need a break but I’ll keep going.,Medium,4.3,3.2,8.6,2.2,2.3,46.0
I feel a little stressed but I'm coping.,Medium,2.0,3.1,6.9,5.8,2.2,53.0
Trying to stay positive despite difficulties.,Medium,7.1,7.4,5.9,2.5,1.4,67.0
I feel a little stressed but I'm coping.,Medium,4.9,7.9,5.1,5.2,3.3,47.0
I feel pressure but I'm trying to stay strong.,Medium,7.4,5.2,4.3,3.5,1.5,42.0
Trying to balance everything is tiring.,Medium,7.4,9.9,6.7,4.5,0.7,56.0
Trying to stay positive despite difficulties.,Medium,1.2,6.9,5.6,5.3,1.4,50.0
I'm dealing with some emotional pressure.,Medium,4.9,3.7,4.2,2.5,1.6,43.0
I'm dealing with some emotional pressure.,Medium,6.8,4.1,6.0,5.0,2.1,65.0
Things are stressing me out a bit.,Medium,2.8,8.0,7.7,5.3,1.6,66.0
A few things are bothering me today.,Medium,5.4,8.1,6.2,5.6,1.1,48.0
Trying to balance everything is tiring.,Medium,3.7,9.1,5.9,1.6,1.1,52.0
I feel pressure but I'm trying to stay strong.,Medium,7.9,3.9,6.7,4.0,2.7,58.0
A few things are bothering me today.,Medium,4.5,4.4,6.3,4.7,2.7,69.0
I'm dealing with some emotional pressure.,Medium,3.0,6.5,8.0,3.9,1.9,49.0
Some days are tough but I push myself.,Medium,7.6,5.6,8.2,4.0,0.8,50.0
I’m worried about deadlines but managing.,Medium,5.8,9.0,5.3,3.0,2.7,50.0
"Not the best day, but not the worst either.",Medium,4.8,3.6,6.8,2.2,0.7,41.0
I could use some rest from the workload.,Medium,7.3,5.2,4.4,2.9,3.0,67.0
Trying to balance everything is tiring.,Medium,5.9,6.6,4.5,4.4,1.1,59.0
I feel pressure but I'm trying to stay strong.,Medium,1.7,6.1,7.5,4.0,1.9,67.0
I'm dealing with some emotional pressure.,Medium,7.4,3.1,5.2,3.2,1.4,40.0
I could use some rest from the workload.,Medium,3.0,7.8,5.7,1.2,0.9,57.0
Trying to balance everything is tiring.,Medium,3.6,6.6,5.7,3.2,3.1,60.0
I'm dealing with some emotional pressure.,Medium,4.3,7.8,6.9,2.6,2.0,67.0
My stress level is moderate today.,Medium,6.5,3.6,4.7,1.3,1.9,64.0
Things are stressing me out a bit.,Medium,3.5,8.3,8.1,1.9,2.6,64.0
I feel a little stressed but I'm coping.,Medium,4.8,4.0,8.2,5.4,1.6,64.0
"Not the best day, but not the worst either.",Medium,6.6,8.9,5.1,2.6,0.6,50.0
"Not the best day, but not the worst either.",Medium,1.7,7.5,4.1,3.8,2.2,41.0
Some days are tough but I push myself.,Medium,5.4,4.4,4.8,3.1,3.3,50.0
Trying to balance everything is tiring.,Medium,7.6,5.3,4.4,4.4,1.1,64.0
Some days are tough but I push myself.,Medium,1.8,7.8,4.3,3.0,0.9,67.0
I could use some rest from the workload.,Medium,3.7,9.5,6.0,4.2,2.0,67.0
I could use some rest from the workload.,Medium,3.9,8.9,7.6,2.0,2.2,48.0
I feel pressure but I'm trying to stay strong.,Medium,5.2,5.7,8.2,3.7,0.6,66.0
Some days are tough but I push myself.,Medium,3.3,4.1,7.0,2.0,1.4,62.0
I'm dealing with some emotional pressure.,Medium,2.9,8.4,8.4,5.4,1.1,45.0
I need a break but I’ll keep going.,Medium,8.0,8.1,8.1,5.4,0.9,48.0
Today has its ups and downs.,Medium,1.3,3.3,6.9,5.4,2.1,54.0
Some days are tough but I push myself.,Medium,3.8,6.9,7.1,1.7,0.9,55.0
My stress level is moderate today.,Medium,1.1,6.4,6.1,5.2,3.2,52.0
"Not the best day, but not the worst either.",Medium,6.4,5.4,7.9,4.8,3.0,68.0
I feel anxious but still somewhat okay.,Medium,5.9,5.8,4.9,4.5,1.2,66.0
Trying to balance everything is tiring.,Medium,5.0,8.7,7.3,1.7,2.0,47.0
My stress level is moderate today.,Medium,2.9,9.1,5.1,3.8,1.5,62.0
I feel a little stressed but I'm coping.,Medium,1.4,8.5,7.8,2.2,2.5,44.0
Things are stressing me out a bit.,Medium,4.2,4.6,8.9,4.6,3.3,51.0
Some days are tough but I push myself.,Medium,5.6,5.4,8.4,2.6,0.7,48.0
Some days are tough but I push myself.,Medium,2.3,4.5,7.1,5.0,2.3,52.0
I feel anxious but still somewhat okay.,Medium,6.9,4.0,8.9,3.8,1.4,66.0
"Not the best day, but not the worst either.",Medium,2.8,9.5,8.0,5.8,3.2,68.0
I feel anxious but still somewhat okay.,Medium,3.2,9.8,4.8,4.9,2.1,65.0
I feel pressure but I'm trying to stay strong.,Medium,3.2,3.2,7.3,5.0,2.5,53.0
Today has its ups and downs.,Medium,5.2,6.1,7.4,4.6,1.4,46.0
My stress level is moderate today.,Medium,5.0,4.8,4.2,2.2,1.0,51.0
My stress level is moderate today.,Medium,4.1,7.4,4.7,3.8,0.7,53.0
I could use some rest from the workload.,Medium,7.8,8.6,5.9,4.8,0.8,62.0
Trying to balance everything is tiring.,Medium,1.9,3.6,8.3,2.7,1.6,53.0
Today has its ups and downs.,Medium,7.6,5.8,8.3,3.8,0.8,42.0
My stress level is moderate today.,Medium,4.1,9.4,4.6,5.2,0.6,55.0
I’m worried about deadlines but managing.,Medium,1.8,8.0,7.6,4.2,1.4,49.0
I feel pressure but I'm trying to stay strong.,Medium,3.7,7.8,8.6,3.0,0.7,41.0
I’m worried about deadlines but managing.,Medium,6.8,4.7,4.8,2.2,1.3,42.0
I need a break but I’ll keep going.,Medium,5.1,8.2,5.9,4.1,2.5,56.0
Today has its ups and downs.,Medium,1.3,4.1,5.1,2.0,0.5,49.0
Trying to stay positive despite difficulties.,Medium,3.2,5.7,7.8,2.5,1.5,68.0
I feel pressure but I'm trying to stay strong.,Medium,2.9,3.9,5.2,4.6,2.1,44.0
I feel anxious but still somewhat okay.,Medium,6.8,5.0,7.5,5.5,3.0,41.0
I need a break but I’ll keep going.,Medium,5.5,7.8,5.9,4.1,2.8,68.0
A few things are bothering me today.,Medium,1.7,8.3,5.9,4.4,3.4,62.0
My stress level is moderate today.,Medium,3.7,3.8,7.9,1.5,3.3,67.0
I feel a little stressed but I'm coping.,Medium,7.7,4.0,5.5,2.6,3.1,50.0
Trying to balance everything is tiring.,Medium,5.8,3.7,5.5,5.0,2.0,47.0
I feel pressure but I'm trying to stay strong.,Medium,1.7,9.0,5.0,4.0,1.4,65.0
Trying to stay positive despite difficulties.,Medium,3.3,8.1,6.4,1.8,1.5,61.0
I feel pressure but I'm trying to stay strong.,Medium,6.2,4.1,8.9,3.1,1.3,51.0
I feel a little stressed but I'm coping.,Medium,1.3,3.2,7.0,3.5,2.4,64.0
Trying to stay positive despite difficulties.,Medium,5.0,4.7,6.2,5.6,2.9,46.0
Things are stressing me out a bit.,Medium,2.4,4.8,8.0,1.9,2.4,59.0
Trying to balance everything is tiring.,Medium,4.3,8.0,8.6,4.0,1.7,57.0
Today has its ups and downs.,Medium,7.9,8.2,6.2,3.8,1.5,46.0
Trying to balance everything is tiring.,Medium,6.3,7.4,7.6,5.7,1.5,48.0
I could use some rest from the workload.,Medium,1.7,6.6,4.9,5.6,2.9,62.0
"Not the best day, but not the worst either.",Medium,6.7,6.5,7.1,1.3,0.7,55.0
I feel a little stressed but I'm coping.,Medium,3.6,8.1,8.6,3.6,1.7,67.0
I feel anxious but still somewhat okay.,Medium,7.3,10.0,4.5,2.1,2.0,56.0
Trying to balance everything is tiring.,Medium,6.2,4.9,7.9,1.0,1.4,46.0
I need a break but I’ll keep going.,Medium,1.2,6.2,4.8,3.9,0.6,46.0
I could use some rest from the workload.,Medium,5.8,3.2,7.9,2.6,2.3,51.0
Things are stressing me out a bit.,Medium,2.1,5.4,7.6,1.4,2.7,60.0
I'm dealing with some emotional pressure.,Medium,5.5,5.1,4.7,1.7,2.5,61.0
Trying to balance everything is tiring.,Medium,5.4,9.5,7.1,1.3,2.2,52.0
I’m worried about deadlines but managing.,Medium,5.8,9.2,7.3,3.8,1.9,48.0
I could use some rest from the workload.,Medium,4.8,7.6,6.2,2.0,1.0,43.0
Trying to balance everything is tiring.,Medium,4.3,8.0,6.9,2.8,2.2,61.0
I’m worried about deadlines but managing.,Medium,4.7,7.2,5.9,3.3,3.3,60.0
I feel anxious but still somewhat okay.,Medium,4.5,3.4,6.4,5.4,2.7,54.0
I feel a little stressed but I'm coping.,Medium,2.3,4.3,7.5,2.5,3.3,69.0
Trying to balance everything is tiring.,Medium,3.0,4.4,8.5,4.4,3.4,49.0
I feel anxious but still somewhat okay.,Medium,7.1,8.0,4.4,5.2,1.6,65.0
My stress level is moderate today.,Medium,3.6,7.5,8.6,5.9,0.8,65.0
I’m worried about deadlines but managing.,Medium,6.1,5.8,6.7,2.7,1.5,54.0
I’m worried about deadlines but managing.,Medium,5.6,4.7,6.1,3.2,2.1,67.0
Today has its ups and downs.,Medium,4.1,4.0,6.8,5.9,1.6,64.0
Some days are tough but I push myself.,Medium,5.5,4.1,4.5,5.5,1.2,41.0
"Not the best day, but not the worst either.",Medium,5.3,4.5,8.8,5.6,2.8,45.0
Things are stressing me out a bit.,Medium,4.8,8.3,6.7,2.4,2.2,67.0
I feel anxious but still somewhat okay.,Medium,6.9,8.5,4.3,1.2,2.9,69.0
My stress level is moderate today.,Medium,4.5,5.4,5.7,3.3,2.7,60.0
I feel anxious but still somewhat okay.,Medium,1.3,9.2,7.6,1.6,0.6,52.0
I feel anxious but still somewhat okay.,Medium,1.0,3.6,7.4,3.8,3.1,61.0
I could use some rest from the workload.,Medium,3.5,4.9,4.2,1.8,3.4,54.0
Today has its ups and downs.,Medium,7.6,5.0,8.6,6.0,2.8,44.0
I feel pressure but I'm trying to stay strong.,Medium,4.7,3.8,4.5,2.3,2.8,60.0
A few things are bothering me today.,Medium,5.0,4.4,5.8,2.3,2.8,67.0
I could use some rest from the workload.,Medium,4.5,8.7,5.3,2.0,3.5,69.0
Trying to balance everything is tiring.,Medium,4.7,7.8,8.4,3.7,3.3,49.0
I’m worried about deadlines but managing.,Medium,6.0,8.3,8.5,5.3,3.4,59.0
I need a break but I’ll keep going.,Medium,5.9,4.7,8.5,4.7,2.0,54.0
My stress level is moderate today.,Medium,3.4,8.3,6.9,2.4,3.3,44.0
Trying to balance everything is tiring.,Medium,6.5,3.5,4.1,1.3,2.0,45.0
My stress level is moderate today.,Medium,7.3,3.1,6.6,2.9,0.9,58.0
Trying to balance everything is tiring.,Medium,1.3,5.7,7.6,5.6,2.3,62.0
A few things are bothering me today.,Medium,1.2,3.7,5.5,4.1,0.5,42.0
I'm dealing with some emotional pressure.,Medium,4.4,4.7,6.3,3.0,0.9,53.0
Trying to stay positive despite difficulties.,Medium,4.2,7.8,7.9,3.9,1.4,63.0
I could use some rest from the workload.,Medium,4.5,5.8,5.5,3.5,2.8,65.0
I could use some rest from the workload.,Medium,2.8,3.7,4.7,2.8,2.8,44.0
Some days are tough but I push myself.,Medium,2.2,3.5,6.9,5.4,2.3,57.0
I feel pressure but I'm trying to stay strong.,Medium,2.9,8.6,6.9,5.7,2.8,56.0
Some days are tough but I push myself.,Medium,2.1,4.4,5.1,2.0,2.4,58.0
I’m worried about deadlines but managing.,Medium,4.8,3.9,6.1,4.9,2.2,50.0
Things are stressing me out a bit.,Medium,7.9,8.4,5.8,1.3,1.4,49.0
Today has its ups and downs.,Medium,6.5,3.2,8.3,4.5,2.4,56.0
I need a break but I’ll keep going.,Medium,3.7,7.2,8.2,1.2,1.8,48.0
I’m worried about deadlines but managing.,Medium,6.2,5.5,8.4,2.0,1.0,63.0
Trying to balance everything is tiring.,Medium,7.0,3.9,8.2,1.9,0.8,45.0
I feel anxious but still somewhat okay.,Medium,7.5,3.3,8.5,1.6,1.1,60.0
I feel a little stressed but I'm coping.,Medium,2.9,6.9,4.7,2.3,3.1,62.0
My stress level is moderate today.,Medium,3.0,4.9,4.1,4.2,3.2,69.0
I feel anxious but still somewhat okay.,Medium,7.0,5.1,6.2,1.8,1.5,40.0
Trying to stay positive despite difficulties.,Medium,8.0,4.9,6.7,5.0,0.8,47.0
I’m worried about deadlines but managing.,Medium,4.3,4.2,8.6,5.6,2.1,57.0
Today has its ups and downs.,Medium,2.7,9.3,8.9,5.1,0.9,56.0
"Not the best day, but not the worst either.",Medium,4.8,6.1,7.4,2.6,0.7,69.0
Trying to stay positive despite difficulties.,Medium,1.1,4.4,7.5,2.1,3.4,43.0
Some days are tough but I push myself.,Medium,7.3,6.4,7.1,1.1,1.2,65.0
I'm dealing with some emotional pressure.,Medium,2.8,8.1,8.9,4.7,1.0,64.0
Things are stressing me out a bit.,Medium,5.3,7.8,7.8,3.8,2.8,57.0
Today has its ups and downs.,Medium,5.8,5.7,5.2,2.7,3.0,49.0
Some days are tough but I push myself.,Medium,4.2,6.6,5.1,2.3,1.8,65.0
"Not the best day, but not the worst either.",Medium,2.5,4.1,6.6,2.1,1.8,55.0
Today has its ups and downs.,Medium,4.8,4.2,8.1,2.2,1.0,41.0
My stress level is moderate today.,Medium,6.3,6.4,8.9,5.5,1.7,41.0
Today has its ups and downs.,Medium,7.8,8.2,6.4,6.0,2.1,61.0
I need a break but I’ll keep going.,Medium,5.8,7.8,4.8,2.6,1.5,44.0
I could use some rest from the workload.,Medium,5.6,4.0,6.5,5.8,2.4,69.0
I could use some rest from the workload.,Medium,1.0,7.9,8.5,2.2,3.3,50.0
I’m worried about deadlines but managing.,Medium,7.0,6.7,7.3,3.8,0.8,49.0
I feel pressure but I'm trying to stay strong.,Medium,2.0,6.7,4.4,4.5,2.3,47.0
I’m worried about deadlines but managing.,Medium,6.7,9.8,4.4,1.8,1.3,69.0
I'm dealing with some emotional pressure.,Medium,2.1,8.9,4.3,1.2,2.0,57.0
I could use some rest from the workload.,Medium,1.4,6.3,8.3,5.3,1.9,43.0
I'm dealing with some emotional pressure.,Medium,6.2,9.2,5.5,1.1,3.1,69.0
I'm dealing with some emotional pressure.,Medium,4.0,9.8,6.2,2.7,1.5,60.0
A few things are bothering me today.,Medium,4.9,9.9,8.1,5.1,1.6,56.0
I’m worried about deadlines but managing.,Medium,5.3,8.0,6.7,4.3,1.6,60.0
Trying to stay positive despite difficulties.,Medium,3.8,4.8,8.2,5.9,3.4,49.0
Things are stressing me out a bit.,Medium,2.4,8.6,5.3,1.4,0.9,62.0
A few things are bothering me today.,Medium,1.1,8.6,6.8,4.1,0.8,66.0
I feel pressure but I'm trying to stay strong.,Medium,5.9,5.0,8.4,5.7,1.0,55.0
Things are stressing me out a bit.,Medium,1.5,7.3,8.6,1.3,3.1,47.0
I feel anxious but still somewhat okay.,Medium,3.2,5.6,6.1,1.5,3.3,43.0
Things are stressing me out a bit.,Medium,1.9,8.7,4.4,4.9,1.3,42.0
I need a break but I’ll keep going.,Medium,4.8,3.6,6.1,3.2,1.8,67.0
My stress level is moderate today.,Medium,5.1,3.2,6.1,2.9,2.8,52.0
Some days are tough but I push myself.,Medium,5.4,5.3,8.2,2.8,1.3,43.0
I’m worried about deadlines but managing.,Medium,4.1,4.2,4.3,4.4,2.2,48.0
I feel a little stressed but I'm coping.,Medium,2.0,4.1,4.6,4.9,0.7,53.0
My stress level is moderate today.,Medium,2.7,4.0,9.0,3.6,2.8,62.0
Things are stressing me out a bit.,Medium,2.9,9.4,7.4,3.5,2.1,45.0
Trying to stay positive despite difficulties.,Medium,1.1,8.2,4.2,1.0,2.3,64.0
Things are stressing me out a bit.,Medium,7.6,9.0,4.4,5.6,2.9,68.0
I need a break but I’ll keep going.,Medium,2.6,6.5,5.9,1.4,2.4,62.0
Things are stressing me out a bit.,Medium,3.8,7.8,5.2,5.7,0.9,54.0
A few things are bothering me today.,Medium,3.4,6.8,4.2,4.5,0.8,67.0
I’m worried about deadlines but managing.,Medium,3.0,5.1,7.8,4.3,3.2,66.0
"Not the best day, but not the worst either.",Medium,7.0,5.4,7.5,5.2,2.2,51.0
I feel pressure but I'm trying to stay strong.,Medium,2.5,3.1,8.0,3.8,3.1,45.0
A few things are bothering me today.,Medium,2.9,3.1,4.9,3.1,1.9,48.0
I feel a little stressed but I'm coping.,Medium,7.2,5.1,5.3,3.7,1.8,49.0
Some days are tough but I push myself.,Medium,6.4,6.2,6.8,1.0,0.6,42.0
I feel a little stressed but I'm coping.,Medium,7.5,7.1,6.0,5.2,2.9,60.0
Today has its ups and downs.,Medium,3.9,4.0,4.5,5.6,2.0,55.0
"Not the best day, but not the worst either.",Medium,4.5,4.0,8.4,3.5,1.7,61.0
Trying to stay positive despite difficulties.,Medium,3.1,4.4,5.8,3.6,3.1,51.0
Some days are tough but I push myself.,Medium,3.1,7.5,7.9,5.4,2.1,66.0
I feel pressure but I'm trying to stay strong.,Medium,3.8,5.8,4.6,5.6,2.3,57.0
I feel pressure but I'm trying to stay strong.,Medium,1.6,5.4,6.5,5.7,2.9,54.0
Some days are tough but I push myself.,Medium,7.1,8.2,7.9,5.5,3.2,52.0
I feel anxious but still somewhat okay.,Medium,1.2,4.2,7.9,4.0,2.2,68.0
A few things are bothering me today.,Medium,6.3,9.3,4.5,3.4,2.8,65.0
I could use some rest from the workload.,Medium,1.7,4.3,8.9,5.8,0.9,47.0
Some days are tough but I push myself.,Medium,3.2,7.0,7.0,1.6,1.0,43.0
Trying to stay positive despite difficulties.,Medium,2.0,7.4,8.0,5.6,1.4,54.0
Today has its ups and downs.,Medium,5.7,9.8,8.5,5.6,1.6,58.0
I feel pressure but I'm trying to stay strong.,Medium,2.7,3.7,6.1,3.7,2.2,43.0
I feel pressure but I'm trying to stay strong.,Medium,2.8,5.7,5.9,2.3,2.4,62.0
Some days are tough but I push myself.,Medium,6.6,9.0,5.3,3.2,0.8,59.0
Things are stressing me out a bit.,Medium,6.1,4.8,7.1,3.9,0.7,67.0
Trying to stay positive despite difficulties.,Medium,7.5,9.4,4.5,2.0,2.7,53.0
A few things are bothering me today.,Medium,3.1,5.1,6.6,5.8,1.7,61.0
I feel a little stressed but I'm coping.,Medium,6.9,6.7,6.6,4.7,1.9,56.0
I feel pressure but I'm trying to stay strong.,Medium,7.8,9.2,4.5,1.7,3.4,42.0
Trying to balance everything is tiring.,Medium,5.1,8.5,6.2,4.9,2.3,47.0
I need a break but I’ll keep going.,Medium,2.9,4.5,7.5,1.5,2.0,57.0
Things are stressing me out a bit.,Medium,6.7,6.2,6.0,6.0,2.2,51.0
I’m worried about deadlines but managing.,Medium,4.6,8.8,4.3,5.3,1.0,41.0
Some days are tough but I push myself.,Medium,2.4,3.6,8.9,3.0,1.9,48.0
I could use some rest from the workload.,Medium,1.1,5.0,9.0,1.3,2.0,51.0
Trying to balance everything is tiring.,Medium,6.2,5.7,8.4,1.2,2.7,50.0
Today has its ups and downs.,Medium,2.0,3.2,5.1,2.8,0.7,46.0
I could use some rest from the workload.,Medium,2.3,9.2,5.8,1.2,3.3,68.0
Trying to stay positive despite difficulties.,Medium,5.5,6.1,5.0,5.1,1.1,51.0
My stress level is moderate today.,Medium,5.4,8.5,7.4,2.8,2.8,69.0
I need a break but I’ll keep going.,Medium,4.6,6.1,5.5,5.4,1.0,60.0
Some days are tough but I push myself.,Medium,2.3,5.7,7.4,4.9,3.1,65.0
I feel a little stressed but I'm coping.,Medium,7.6,4.0,5.2,3.9,1.9,61.0
Some days are tough but I push myself.,Medium,1.8,5.3,5.7,5.2,2.8,48.0
I feel a little stressed but I'm coping.,Medium,4.7,3.3,6.0,3.6,0.9,59.0
"Not the best day, but not the worst either.",Medium,2.7,3.6,7.3,2.6,3.5,63.0
My stress level is moderate today.,Medium,6.2,6.0,7.5,4.1,1.6,55.0
I could use some rest from the workload.,Medium,1.2,6.3,6.8,2.1,2.7,41.0
Trying to stay positive despite difficulties.,Medium,7.7,4.7,6.1,1.1,0.9,55.0
A few things are bothering me today.,Medium,5.2,8.3,7.3,4.6,2.7,68.0
My stress level is moderate today.,Medium,6.3,9.3,6.2,5.5,3.3,48.0
I need a break but I’ll keep going.,Medium,1.7,7.8,5.0,4.8,3.3,40.0
I feel anxious but still somewhat okay.,Medium,6.9,4.5,7.1,2.4,1.1,67.0
I’m worried about deadlines but managing.,Medium,2.0,5.2,8.3,5.9,2.8,59.0
I feel a little stressed but I'm coping.,Medium,4.6,7.7,5.9,3.3,2.9,67.0
Trying to balance everything is tiring.,Medium,6.2,4.1,5.2,2.0,0.5,52.0
Trying to stay positive despite difficulties.,Medium,1.7,5.3,6.4,2.7,2.5,52.0
I feel pressure but I'm trying to stay strong.,Medium,7.5,9.0,8.5,2.8,1.7,42.0
I feel anxious but still somewhat okay.,Medium,6.7,9.4,5.8,3.6,1.5,45.0
I’m worried about deadlines but managing.,Medium,4.4,8.2,5.5,1.1,2.7,62.0
I need a break but I’ll keep going.,Medium,6.4,5.4,4.2,4.4,0.8,68.0
Trying to stay positive despite difficulties.,Medium,5.8,6.5,8.1,3.3,1.6,45.0
Some days are tough but I push myself.,Medium,3.0,4.9,7.7,3.5,0.6,59.0
I’m worried about deadlines but managing.,Medium,7.8,9.3,7.2,2.6,2.2,67.0
"Not the best day, but not the worst either.",Medium,5.5,5.6,6.3,1.0,2.3,69.0
Trying to stay positive despite difficulties.,Medium,5.8,4.5,6.1,2.4,3.4,40.0
I'm dealing with some emotional pressure.,Medium,1.8,5.1,7.2,3.5,3.4,53.0
A few things are bothering me today.,Medium,4.4,9.0,5.9,3.5,1.1,61.0
I’m worried about deadlines but managing.,Medium,4.8,7.2,4.5,4.6,3.0,62.0
I'm dealing with some emotional pressure.,Medium,5.3,6.3,6.5,2.7,3.4,67.0
I feel anxious but still somewhat okay.,Medium,6.2,5.9,5.1,5.0,2.6,67.0
I’m worried about deadlines but managing.,Medium,3.9,5.6,4.5,3.5,1.7,59.0
A few things are bothering me today.,Medium,3.5,5.8,5.2,1.5,1.0,53.0
Trying to balance everything is tiring.,Medium,5.4,4.0,5.6,3.7,3.4,59.0
I need a break but I’ll keep going.,Medium,6.9,5.8,8.7,1.6,3.2,54.0
"Not the best day, but not the worst either.",Medium,4.1,4.5,7.3,4.7,1.1,42.0
I need a break but I’ll keep going.,Medium,7.6,6.0,6.5,4.6,1.2,57.0
I’m worried about deadlines but managing.,Medium,5.0,6.3,8.8,1.2,0.9,56.0
Today has its ups and downs.,Medium,5.5,5.4,8.4,2.1,1.3,66.0
Some days are tough but I push myself.,Medium,5.2,3.8,6.5,4.6,2.9,40.0
I need a break but I’ll keep going.,Medium,3.9,5.2,8.4,3.9,2.8,68.0
My stress level is moderate today.,Medium,5.0,6.5,6.2,5.2,3.0,56.0
My stress level is moderate today.,Medium,1.2,9.2,4.3,3.5,1.5,49.0
I need a break but I’ll keep going.,Medium,3.5,8.9,8.0,1.6,2.3,55.0
My stress level is moderate today.,Medium,2.0,9.4,8.4,1.1,0.7,46.0
Things are stressing me out a bit.,Medium,6.8,6.3,5.4,2.7,1.2,56.0
A few things are bothering me today.,Medium,5.7,8.0,7.2,5.9,2.0,54.0
"Not the best day, but not the worst either.",Medium,7.6,8.3,7.7,2.6,0.9,61.0
Some days are tough but I push myself.,Medium,1.0,5.4,7.8,3.7,1.5,42.0
Things are stressing me out a bit.,Medium,3.5,3.6,9.0,2.7,1.4,47.0
I need a break but I’ll keep going.,Medium,1.9,7.7,8.9,5.9,1.1,55.0
I need a break but I’ll keep going.,Medium,2.3,5.4,8.0,2.4,1.4,41.0
I'm dealing with some emotional pressure.,Medium,5.3,7.8,8.2,2.8,3.2,63.0
Trying to balance everything is tiring.,Medium,7.5,5.6,7.7,3.6,2.3,67.0
I feel anxious but still somewhat okay.,Medium,2.5,7.5,7.4,1.4,1.4,69.0
I’m worried about deadlines but managing.,Medium,1.5,7.2,7.8,2.9,2.9,45.0
I’m worried about deadlines but managing.,Medium,3.1,4.2,4.4,4.0,1.8,53.0
Some days are tough but I push myself.,Medium,7.2,3.7,7.6,1.1,0.9,61.0
Today has its ups and downs.,Medium,5.6,9.7,8.6,4.7,1.9,42.0
"Not the best day, but not the worst either.",Medium,7.2,9.8,4.8,4.7,1.1,58.0
I feel a little stressed but I'm coping.,Medium,4.0,3.4,5.1,2.0,1.3,47.0
Today has its ups and downs.,Medium,6.7,4.3,7.1,3.4,1.0,63.0
"Not the best day, but not the worst either.",Medium,4.0,8.3,8.2,5.3,1.5,69.0
A few things are bothering me today.,Medium,5.9,4.5,7.7,3.9,1.7,50.0
I could use some rest from the workload.,Medium,6.5,4.5,7.4,1.2,2.2,67.0
I’m worried about deadlines but managing.,Medium,5.2,4.9,6.3,2.9,1.1,52.0
Today has its ups and downs.,Medium,5.7,4.4,4.0,4.6,1.1,58.0
I feel pressure but I'm trying to stay strong.,Medium,1.6,9.6,7.1,1.1,1.1,68.0
Some days are tough but I push myself.,Medium,2.8,4.8,4.5,1.2,2.5,41.0
Trying to balance everything is tiring.,Medium,4.5,6.0,8.4,2.2,1.3,60.0
I feel anxious but still somewhat okay.,Medium,6.7,7.4,4.1,1.7,2.0,50.0
A few things are bothering me today.,Medium,5.5,6.2,5.5,4.1,2.8,46.0
I need a break but I’ll keep going.,Medium,1.8,5.3,8.6,4.4,0.9,60.0
Trying to balance everything is tiring.,Medium,7.0,3.7,6.7,5.7,2.9,45.0
My stress level is moderate today.,Medium,6.4,8.8,7.0,1.5,0.6,63.0
I feel a little stressed but I'm coping.,Medium,3.3,7.3,6.0,1.4,2.2,68.0
I could use some rest from the workload.,Medium,3.7,3.8,6.0,5.0,3.0,59.0
I feel anxious but still somewhat okay.,Medium,3.5,6.4,8.2,4.3,0.6,50.0
Trying to balance everything is tiring.,Medium,6.3,8.9,8.8,3.3,3.1,55.0
I need a break but I’ll keep going.,Medium,2.7,3.2,7.5,2.0,2.4,63.0
My stress level is moderate today.,Medium,3.6,9.3,4.1,4.5,0.9,67.0
I'm dealing with some emotional pressure.,Medium,5.7,6.0,4.5,3.0,3.2,66.0
I could use some rest from the workload.,Medium,5.3,9.8,6.8,4.3,2.6,55.0
I feel a little stressed but I'm coping.,Medium,3.9,9.5,7.6,2.5,2.0,68.0
A few things are bothering me today.,Medium,2.5,4.0,6.4,3.0,2.5,46.0
I'm dealing with some emotional pressure.,Medium,4.8,3.8,7.4,5.1,2.0,43.0
I feel pressure but I'm trying to stay strong.,Medium,6.1,5.2,7.9,4.8,1.5,47.0
Trying to stay positive despite difficulties.,Medium,1.8,9.9,4.9,3.2,1.0,40.0
A few things are bothering me today.,Medium,1.6,5.5,8.4,3.5,2.2,57.0
A few things are bothering me today.,Medium,4.9,8.1,6.6,5.0,1.1,61.0
I feel pressure but I'm trying to stay strong.,Medium,6.6,9.9,5.0,3.9,1.6,45.0
My stress level is moderate today.,Medium,1.1,7.6,5.8,5.1,2.5,45.0
I feel anxious but still somewhat okay.,Medium,2.6,7.4,7.3,2.4,1.6,51.0
My stress level is moderate today.,Medium,4.1,5.7,5.2,3.6,3.5,57.0
I feel a little stressed but I'm coping.,Medium,5.9,9.0,5.9,5.9,2.3,44.0
A few things are bothering me today.,Medium,7.7,8.5,6.4,5.7,0.8,46.0
Some days are tough but I push myself.,Medium,7.7,6.8,7.1,2.6,2.9,57.0
A few things are bothering me today.,Medium,2.7,3.6,5.9,4.6,1.5,41.0
I’m worried about deadlines but managing.,Medium,6.8,8.8,5.1,5.0,2.3,67.0
Trying to balance everything is tiring.,Medium,3.4,4.8,4.8,3.8,1.8,44.0
Trying to stay positive despite difficulties.,Medium,1.8,4.0,4.8,3.0,1.9,56.0
A few things are bothering me today.,Medium,7.1,5.3,6.5,3.2,2.6,57.0
I need a break but I’ll keep going.,Medium,1.7,8.4,8.2,5.6,2.7,55.0
Some days are tough but I push myself.,Medium,4.8,7.9,8.5,2.5,1.8,69.0
I feel anxious but still somewhat okay.,Medium,3.8,3.8,4.3,1.0,0.7,61.0
I’m worried about deadlines but managing.,Medium,2.3,5.9,4.3,1.5,1.0,68.0
I need a break but I’ll keep going.,Medium,2.5,6.9,7.1,2.7,1.9,58.0
I feel a little stressed but I'm coping.,Medium,7.9,7.6,4.9,1.4,1.1,53.0
I could use some rest from the workload.,Medium,6.4,8.1,8.3,5.8,0.9,62.0
I could use some rest from the workload.,Medium,7.9,9.2,4.7,3.1,2.8,60.0
I feel anxious but still somewhat okay.,Medium,6.7,5.0,6.5,5.8,3.1,51.0
Things are stressing me out a bit.,Medium,6.7,6.1,6.7,2.7,0.6,61.0
I feel pressure but I'm trying to stay strong.,Medium,2.7,9.5,4.6,4.2,3.2,69.0
I’m worried about deadlines but managing.,Medium,2.0,4.0,4.4,4.8,2.2,55.0
I feel a little stressed but I'm coping.,Medium,5.1,7.5,8.6,3.9,1.8,59.0
I could use some rest from the workload.,Medium,7.2,6.6,6.6,5.1,2.1,68.0
Trying to stay positive despite difficulties.,Medium,7.6,5.5,5.0,3.2,3.0,41.0
Some days are tough but I push myself.,Medium,7.6,4.6,9.0,2.5,0.7,56.0
Things are stressing me out a bit.,Medium,2.7,6.4,7.0,2.4,1.1,46.0
Trying to stay positive despite difficulties.,Medium,5.6,6.1,8.5,2.2,1.8,65.0
I need a break but I’ll keep going.,Medium,5.6,7.4,7.3,1.2,2.5,41.0
A few things are bothering me today.,Medium,3.4,9.7,7.3,4.0,3.2,51.0
I’m worried about deadlines but managing.,Medium,4.7,3.9,8.7,2.4,2.4,63.0
I feel pressure but I'm trying to stay strong.,Medium,5.1,3.7,7.8,4.7,1.0,63.0
Trying to stay positive despite difficulties.,Medium,5.4,7.2,8.2,1.8,1.8,51.0
I’m worried about deadlines but managing.,Medium,7.2,9.8,4.8,4.9,1.4,58.0
I need a break but I’ll keep going.,Medium,5.9,8.6,9.0,5.5,2.5,49.0
I’m worried about deadlines but managing.,Medium,2.7,8.9,6.9,4.4,0.6,43.0
I could use some rest from the workload.,Medium,5.1,7.5,6.0,4.3,3.0,44.0
I feel a little stressed but I'm coping.,Medium,1.4,6.0,4.6,5.3,0.6,41.0
I’m worried about deadlines but managing.,Medium,3.4,6.2,8.7,2.7,1.4,65.0
I could use some rest from the workload.,Medium,5.2,5.8,5.5,4.0,0.9,58.0
Some days are tough but I push myself.,Medium,3.3,3.6,5.8,3.0,1.0,58.0
Today has its ups and downs.,Medium,1.8,7.4,8.8,3.3,0.7,57.0
"Not the best day, but not the worst either.",Medium,5.5,9.5,4.4,5.0,0.9,47.0
I feel pressure but I'm trying to stay strong.,Medium,2.3,4.7,4.4,4.9,3.5,44.0
A few things are bothering me today.,Medium,7.0,7.6,6.8,5.2,2.1,67.0
I'm dealing with some emotional pressure.,Medium,3.9,8.3,8.4,3.3,3.1,54.0
Things are stressing me out a bit.,Medium,2.5,8.6,4.7,2.2,2.8,53.0
Today has its ups and downs.,Medium,2.9,8.0,8.3,1.4,3.3,53.0
Today has its ups and downs.,Medium,6.0,6.1,6.2,5.3,1.1,57.0
My stress level is moderate today.,Medium,5.0,8.3,6.1,3.4,2.9,50.0
I'm dealing with some emotional pressure.,Medium,3.7,5.3,5.0,3.9,2.2,50.0
"Not the best day, but not the worst either.",Medium,2.0,8.6,4.1,1.5,2.8,51.0
I need a break but I’ll keep going.,Medium,4.3,3.8,5.6,4.2,0.6,41.0
I feel anxious but still somewhat okay.,Medium,3.0,8.3,4.2,5.2,3.2,64.0
Trying to balance everything is tiring.,Medium,3.8,4.7,8.2,1.5,2.5,40.0
A few things are bothering me today.,Medium,6.0,9.7,7.5,5.1,3.1,49.0
I'm dealing with some emotional pressure.,Medium,2.8,8.6,8.4,2.4,2.9,50.0
My stress level is moderate today.,Medium,3.0,5.4,7.5,4.8,0.7,58.0
I feel pressure but I'm trying to stay strong.,Medium,2.2,4.9,8.6,4.0,1.2,40.0
I'm dealing with some emotional pressure.,Medium,7.5,3.6,7.2,2.7,2.6,56.0
My stress level is moderate today.,Medium,8.0,6.1,7.6,4.2,2.4,62.0
"Not the best day, but not the worst either.",Medium,5.2,3.8,6.5,2.8,0.8,66.0
I'm dealing with some emotional pressure.,Medium,5.6,6.9,6.2,3.4,1.3,65.0
Things are stressing me out a bit.,Medium,2.4,9.9,6.1,4.9,2.1,43.0
Today has its ups and downs.,Medium,1.4,6.5,7.3,3.9,1.2,66.0
I feel pressure but I'm trying to stay strong.,Medium,4.7,9.8,4.1,5.1,3.1,62.0
Trying to stay positive despite difficulties.,Medium,7.1,6.8,8.9,2.0,1.7,53.0
My stress level is moderate today.,Medium,5.4,7.3,8.9,3.6,1.2,47.0
I feel anxious but still somewhat okay.,Medium,2.3,9.3,4.8,5.9,1.5,40.0
I feel a little stressed but I'm coping.,Medium,2.8,7.5,7.5,1.5,3.1,56.0
I feel pressure but I'm trying to stay strong.,Medium,7.4,4.0,4.4,2.3,1.6,43.0
Today has its ups and downs.,Medium,7.8,6.3,8.0,3.7,1.8,50.0
Trying to stay positive despite difficulties.,Medium,4.5,3.8,6.6,1.5,2.3,49.0
I feel anxious but still somewhat okay.,Medium,6.0,5.8,5.1,1.6,1.6,49.0
Trying to balance everything is tiring.,Medium,5.1,8.2,6.2,1.3,3.4,45.0
A few things are bothering me today.,Medium,6.2,3.7,7.6,5.8,2.2,56.0
My stress level is moderate today.,Medium,7.0,5.6,8.8,5.2,2.4,58.0
Things are stressing me out a bit.,Medium,3.5,10.0,5.6,2.0,2.5,56.0
My stress level is moderate today.,Medium,7.9,4.5,7.5,4.7,1.7,67.0
Some days are tough but I push myself.,Medium,6.8,8.6,5.5,4.7,2.9,48.0
I’m worried about deadlines but managing.,Medium,3.6,9.6,8.2,5.3,2.6,56.0
Today has its ups and downs.,Medium,3.3,5.9,7.9,4.7,2.3,55.0
I feel pressure but I'm trying to stay strong.,Medium,7.3,6.0,4.8,3.5,2.2,42.0
My stress level is moderate today.,Medium,1.8,7.6,7.8,2.1,2.1,65.0
I feel a little stressed but I'm coping.,Medium,6.7,3.0,7.5,5.1,0.8,45.0
"Not the best day, but not the worst either.",Medium,3.1,4.3,5.0,4.6,1.3,49.0
I could use some rest from the workload.,Medium,2.1,3.3,5.1,3.8,1.4,62.0
Trying to balance everything is tiring.,Medium,1.7,9.8,7.9,3.4,2.7,46.0
My stress level is moderate today.,Medium,2.2,8.7,4.8,1.4,2.8,65.0
Today has its ups and downs.,Medium,7.4,5.7,7.4,1.5,2.4,49.0
I feel a little stressed but I'm coping.,Medium,4.7,4.7,4.4,5.8,1.8,60.0
A few things are bothering me today.,Medium,4.8,4.8,7.2,1.8,2.0,46.0
I feel pressure but I'm trying to stay strong.,Medium,6.0,3.0,6.3,1.2,0.6,49.0
I feel a little stressed but I'm coping.,Medium,4.5,4.9,5.6,5.7,0.5,46.0
Trying to stay positive despite difficulties.,Medium,2.7,7.8,7.9,2.1,2.5,41.0
Trying to stay positive despite difficulties.,Medium,4.3,8.1,6.1,2.8,2.3,61.0
Trying to balance everything is tiring.,Medium,3.3,5.3,8.7,2.8,1.9,42.0
I feel pressure but I'm trying to stay strong.,Medium,6.0,7.1,5.4,5.8,2.5,44.0
I'm dealing with some emotional pressure.,Medium,7.1,4.8,4.5,4.2,3.2,62.0
My stress level is moderate today.,Medium,4.4,5.1,6.5,2.5,0.7,62.0
Today has its ups and downs.,Medium,1.1,3.2,5.6,2.5,1.7,57.0
Trying to stay positive despite difficulties.,Medium,6.9,3.3,4.8,2.3,1.7,54.0
I need a break but I’ll keep going.,Medium,3.3,6.5,5.1,5.9,0.9,65.0
I could use some rest from the workload.,Medium,8.0,6.8,7.2,4.5,3.0,45.0
I could use some rest from the workload.,Medium,5.4,7.2,5.2,1.5,1.5,41.0
I feel a little stressed but I'm coping.,Medium,1.9,5.8,8.9,2.5,3.1,57.0
Trying to balance everything is tiring.,Medium,7.9,5.3,6.3,5.6,2.9,67.0
I feel a little stressed but I'm coping.,Medium,5.7,3.2,5.6,2.4,1.7,59.0
My stress level is moderate today.,Medium,5.2,5.3,6.0,1.7,1.9,59.0
A few things are bothering me today.,Medium,7.1,7.9,5.3,2.7,0.6,68.0
Today has its ups and downs.,Medium,4.4,8.7,4.7,5.5,3.2,48.0
Things are stressing me out a bit.,Medium,5.0,3.9,7.4,5.5,3.2,44.0
I feel pressure but I'm trying to stay strong.,Medium,6.8,8.1,7.0,5.5,2.2,59.0
Trying to stay positive despite difficulties.,Medium,7.2,4.4,8.8,4.3,0.7,50.0
Trying to stay positive despite difficulties.,Medium,1.7,8.6,5.3,5.0,0.9,67.0
I could use some rest from the workload.,Medium,1.5,3.8,8.1,4.5,1.8,62.0
I feel anxious but still somewhat okay.,Medium,5.0,6.4,7.8,4.6,1.3,42.0
My stress level is moderate today.,Medium,4.6,3.6,7.7,5.0,1.2,64.0
I need a break but I’ll keep going.,Medium,4.0,7.7,4.5,3.8,1.4,41.0
My stress level is moderate today.,Medium,5.9,9.9,7.5,2.2,2.8,58.0
Today has its ups and downs.,Medium,1.5,8.7,6.4,5.6,1.3,45.0
Trying to balance everything is tiring.,Medium,6.9,3.8,4.7,1.1,3.4,47.0
I'm dealing with some emotional pressure.,Medium,6.3,9.0,5.1,3.4,0.9,52.0
I feel anxious but still somewhat okay.,Medium,5.4,4.9,7.2,3.0,0.6,44.0
Today has its ups and downs.,Medium,3.6,7.0,4.7,2.6,2.8,45.0
"Not the best day, but not the worst either.",Medium,6.6,8.7,5.0,1.5,1.3,65.0
My stress level is moderate today.,Medium,4.4,8.3,6.4,5.7,2.0,62.0
"Not the best day, but not the worst either.",Medium,4.6,9.9,6.3,1.6,2.3,58.0
Today has its ups and downs.,Medium,4.5,8.9,8.1,3.7,3.3,44.0
I’m worried about deadlines but managing.,Medium,2.9,7.9,8.0,4.4,2.7,51.0
I feel pressure but I'm trying to stay strong.,Medium,1.7,4.6,7.7,3.6,1.7,45.0
"Not the best day, but not the worst either.",Medium,2.6,3.7,5.8,2.1,3.4,44.0
I feel a little stressed but I'm coping.,Medium,5.4,4.2,6.0,1.3,1.0,66.0
I need a break but I’ll keep going.,Medium,6.5,7.3,6.5,4.1,2.7,42.0
My stress level is moderate today.,Medium,1.2,9.5,7.6,5.8,1.2,53.0
I feel anxious but still somewhat okay.,Medium,6.5,9.3,4.6,2.1,2.8,47.0
I feel pressure but I'm trying to stay strong.,Medium,3.6,4.1,4.8,2.0,3.3,48.0
I’m worried about deadlines but managing.,Medium,3.4,9.1,5.9,5.7,3.0,56.0
I could use some rest from the workload.,Medium,6.7,8.0,6.4,1.1,2.3,51.0
Trying to balance everything is tiring.,Medium,1.3,9.4,8.7,2.6,1.3,63.0
I need a break but I’ll keep going.,Medium,4.7,7.4,8.8,4.1,2.6,48.0
Today has its ups and downs.,Medium,4.6,8.9,7.4,5.7,1.5,64.0
I’m worried about deadlines but managing.,Medium,2.9,9.0,6.1,4.9,2.0,52.0
I feel a little stressed but I'm coping.,Medium,6.2,4.0,6.5,4.1,1.8,51.0
"Not the best day, but not the worst either.",Medium,2.9,8.5,4.6,2.2,1.8,66.0
Things are stressing me out a bit.,Medium,5.1,6.9,7.0,3.5,1.3,64.0
Today has its ups and downs.,Medium,7.7,8.2,4.3,4.3,2.0,44.0
Things are stressing me out a bit.,Medium,1.9,8.8,8.9,2.6,3.0,44.0
"Not the best day, but not the worst either.",Medium,1.1,7.9,7.8,3.7,2.5,49.0
I need a break but I’ll keep going.,Medium,5.6,4.8,6.8,5.8,1.3,68.0
I'm dealing with some emotional pressure.,Medium,6.6,7.2,8.6,1.9,1.2,66.0
I'm dealing with some emotional pressure.,Medium,5.6,8.0,7.7,3.0,3.5,51.0
I’m worried about deadlines but managing.,Medium,4.6,5.4,8.7,2.5,2.7,45.0
I’m worried about deadlines but managing.,Medium,6.1,3.3,7.0,2.5,1.6,55.0
I feel anxious but still somewhat okay.,Medium,1.7,3.5,4.3,4.0,1.6,54.0
I feel pressure but I'm trying to stay strong.,Medium,1.2,5.7,5.8,3.8,0.7,48.0
Today has its ups and downs.,Medium,2.8,4.1,7.4,5.0,2.4,42.0
Trying to balance everything is tiring.,Medium,2.5,7.3,8.3,3.8,2.9,54.0
I feel pressure but I'm trying to stay strong.,Medium,4.8,3.1,8.9,4.2,3.4,50.0
I feel a little stressed but I'm coping.,Medium,1.6,9.5,8.5,2.4,1.4,48.0
Trying to stay positive despite difficulties.,Medium,4.1,7.8,7.8,4.3,2.2,47.0
Some days are tough but I push myself.,Medium,1.4,8.4,8.9,2.3,1.0,43.0
I need a break but I’ll keep going.,Medium,3.1,6.6,5.0,3.7,2.9,67.0
I feel anxious but still somewhat okay.,Medium,6.6,7.3,6.7,3.9,1.4,68.0
I feel pressure but I'm trying to stay strong.,Medium,3.5,7.2,6.8,4.6,0.6,57.0
I could use some rest from the workload.,Medium,3.5,6.0,6.8,3.8,0.6,60.0
I could use some rest from the workload.,Medium,6.3,9.3,7.0,4.2,1.0,64.0
I'm dealing with some emotional pressure.,Medium,1.5,8.9,8.9,5.0,2.8,54.0
"Not the best day, but not the worst either.",Medium,1.7,5.8,4.7,5.3,2.4,52.0
I feel a little stressed but I'm coping.,Medium,1.2,9.4,6.1,2.1,0.6,59.0
Things are stressing me out a bit.,Medium,1.6,7.1,7.5,1.1,1.1,45.0
Some days are tough but I push myself.,Medium,1.0,7.9,5.9,5.3,1.9,64.0
I could use some rest from the workload.,Medium,3.0,5.8,6.0,4.2,2.0,53.0
I’m worried about deadlines but managing.,Medium,5.0,8.2,4.4,1.6,0.6,49.0
I feel anxious but still somewhat okay.,Medium,2.8,9.5,5.0,3.8,3.2,58.0
I feel a little stressed but I'm coping.,Medium,1.8,8.2,8.3,1.7,0.8,60.0
I feel a little stressed but I'm coping.,Medium,7.5,9.4,5.1,2.4,3.4,57.0
Trying to balance everything is tiring.,Medium,2.0,7.6,4.0,1.9,1.1,62.0
I need a break but I’ll keep going.,Medium,7.8,4.6,5.8,3.5,2.1,69.0
Things are stressing me out a bit.,Medium,1.5,9.3,8.7,5.0,1.1,56.0
Trying to balance everything is tiring.,Medium,3.9,5.1,8.9,2.4,2.3,56.0
Trying to balance everything is tiring.,Medium,7.3,9.5,8.0,5.9,1.8,43.0
I feel anxious but still somewhat okay.,Medium,1.2,6.5,7.5,5.5,1.5,59.0
I’m worried about deadlines but managing.,Medium,6.8,9.1,6.6,4.5,1.7,61.0
I'm dealing with some emotional pressure.,Medium,2.2,6.1,8.8,2.5,1.7,47.0
I feel anxious but still somewhat okay.,Medium,7.7,5.6,6.2,1.7,3.2,49.0
"Not the best day, but not the worst either.",Medium,3.2,7.3,8.6,2.5,1.0,52.0
Trying to stay positive despite difficulties.,Medium,6.8,8.5,4.8,1.4,1.2,64.0
I feel anxious but still somewhat okay.,Medium,3.5,4.4,5.0,2.4,0.9,58.0
I’m worried about deadlines but managing.,Medium,3.7,3.4,8.5,5.3,2.8,50.0
I'm dealing with some emotional pressure.,Medium,1.1,8.8,4.8,5.5,2.0,55.0
"Not the best day, but not the worst either.",Medium,4.6,7.9,8.6,5.2,1.3,65.0
I'm dealing with some emotional pressure.,Medium,6.5,5.3,5.7,2.2,0.8,68.0
I’m worried about deadlines but managing.,Medium,3.5,7.9,8.5,2.8,2.5,49.0
I feel anxious but still somewhat okay.,Medium,6.9,3.8,4.4,4.5,0.7,59.0
Some days are tough but I push myself.,Medium,7.0,10.0,5.2,6.0,1.4,46.0
Things are stressing me out a bit.,Medium,3.6,9.4,8.5,3.4,3.1,43.0
I feel a little stressed but I'm coping.,Medium,4.1,5.5,6.9,3.0,0.7,60.0
A few things are bothering me today.,Medium,5.5,7.8,7.4,3.5,1.2,41.0
Trying to balance everything is tiring.,Medium,6.2,4.4,5.7,2.9,2.0,53.0
I feel anxious but still somewhat okay.,Medium,7.2,5.8,5.8,5.8,2.6,52.0
A few things are bothering me today.,Medium,6.0,7.6,4.1,3.9,1.2,66.0
My stress level is moderate today.,Medium,2.9,4.8,7.0,1.5,1.3,68.0
Things are stressing me out a bit.,Medium,3.3,6.3,8.2,4.7,2.1,43.0
I feel pressure but I'm trying to stay strong.,Medium,4.1,8.3,4.1,5.4,2.9,58.0
My stress level is moderate today.,Medium,1.1,9.6,6.0,4.3,3.4,44.0
I’m worried about deadlines but managing.,Medium,5.0,7.7,4.5,3.9,1.5,62.0
I'm dealing with some emotional pressure.,Medium,6.6,5.4,6.4,5.1,3.3,68.0
Today has its ups and downs.,Medium,6.1,4.1,7.3,3.2,2.4,50.0
I feel anxious but still somewhat okay.,Medium,3.4,3.7,6.3,3.0,0.6,56.0
My stress level is moderate today.,Medium,5.7,6.0,7.3,2.8,2.8,64.0
My stress level is moderate today.,Medium,2.7,9.3,4.8,2.9,1.6,56.0
Trying to balance everything is tiring.,Medium,7.6,9.6,4.4,5.1,3.5,60.0
Trying to balance everything is tiring.,Medium,5.1,4.5,6.4,2.3,1.8,62.0
Today has its ups and downs.,Medium,3.4,4.9,5.9,3.5,1.0,61.0
I’m worried about deadlines but managing.,Medium,4.9,5.5,6.5,4.7,2.0,47.0
I could use some rest from the workload.,Medium,7.7,6.8,5.0,2.9,2.8,40.0
Trying to stay positive despite difficulties.,Medium,6.6,3.1,7.7,4.0,0.5,51.0
Trying to stay positive despite difficulties.,Medium,4.9,4.3,5.6,5.1,2.2,46.0
"Not the best day, but not the worst either.",Medium,3.7,6.3,8.5,3.0,0.8,47.0
"Not the best day, but not the worst either.",Medium,7.9,7.9,4.2,5.2,1.0,66.0
Trying to balance everything is tiring.,Medium,2.4,6.9,6.9,3.7,2.5,59.0
Trying to stay positive despite difficulties.,Medium,3.1,9.7,8.9,3.9,0.8,43.0
My stress level is moderate today.,Medium,3.3,3.1,8.3,5.7,1.3,47.0
"Not the best day, but not the worst either.",Medium,7.8,3.2,5.1,2.1,3.0,45.0
"Not the best day, but not the worst either.",Medium,6.1,5.2,4.4,5.1,2.6,44.0
I feel anxious but still somewhat okay.,Medium,6.1,6.9,4.9,5.2,2.0,50.0
I feel pressure but I'm trying to stay strong.,Medium,4.4,4.4,8.2,5.0,2.8,54.0
"Not the best day, but not the worst either.",Medium,4.2,3.7,7.8,4.0,2.1,41.0
I could use some rest from the workload.,Medium,4.1,6.9,4.2,2.8,3.3,63.0
Things are stressing me out a bit.,Medium,1.2,4.3,4.1,2.7,1.1,46.0
Today has its ups and downs.,Medium,2.9,6.2,5.3,3.5,1.0,55.0
"Not the best day, but not the worst either.",Medium,7.7,6.6,6.9,3.5,3.2,60.0
"Not the best day, but not the worst either.",Medium,7.9,7.8,8.5,4.3,2.9,65.0
Trying to stay positive despite difficulties.,Medium,2.2,8.6,6.4,3.5,2.6,57.0
A few things are bothering me today.,Medium,4.6,9.9,5.8,2.6,2.2,62.0
Today has its ups and downs.,Medium,2.1,4.5,8.4,4.3,1.1,65.0
"Not the best day, but not the worst either.",Medium,3.0,9.9,7.5,1.9,2.0,56.0
I'm dealing with some emotional pressure.,Medium,7.0,5.8,4.3,1.7,0.6,60.0
My stress level is moderate today.,Medium,4.3,6.8,4.7,5.1,0.5,53.0
"Not the best day, but not the worst either.",Medium,4.0,5.9,8.8,5.7,1.5,59.0
Today has its ups and downs.,Medium,4.0,3.5,7.6,1.8,1.3,57.0
I'm dealing with some emotional pressure.,Medium,8.0,4.9,8.7,5.0,1.0,68.0
Trying to balance everything is tiring.,Medium,5.6,6.0,8.3,5.3,0.6,43.0
I'm dealing with some emotional pressure.,Medium,6.8,6.6,7.2,2.4,0.7,43.0
I'm dealing with some emotional pressure.,Medium,3.4,6.3,4.6,4.2,2.3,64.0
I’m worried about deadlines but managing.,Medium,6.6,6.0,4.6,2.8,2.1,47.0
I need a break but I’ll keep going.,Medium,6.5,4.8,7.4,4.7,2.6,46.0
Trying to balance everything is tiring.,Medium,6.1,4.6,4.4,1.9,1.1,47.0
Some days are tough but I push myself.,Medium,4.9,6.1,4.4,5.8,2.7,43.0
"Not the best day, but not the worst either.",Medium,2.6,5.3,4.9,3.1,1.6,44.0
Today has its ups and downs.,Medium,6.2,9.2,7.6,5.4,0.6,52.0
I'm dealing with some emotional pressure.,Medium,4.2,7.9,6.3,3.6,3.4,47.0
I’m worried about deadlines but managing.,Medium,3.8,5.4,5.0,1.5,1.4,46.0
Trying to stay positive despite difficulties.,Medium,2.4,3.4,6.3,4.1,0.5,46.0
Today has its ups and downs.,Medium,7.7,3.2,6.2,1.2,0.9,63.0
I could use some rest from the workload.,Medium,1.2,4.6,8.4,1.9,2.7,65.0
Today has its ups and downs.,Medium,1.4,9.9,5.7,1.3,2.3,42.0
My stress level is moderate today.,Medium,2.9,8.3,8.2,2.7,1.9,49.0
Some days are tough but I push myself.,Medium,3.4,7.5,7.4,3.4,2.4,64.0
I could use some rest from the workload.,Medium,3.7,7.0,4.9,3.1,3.5,45.0
I'm dealing with some emotional pressure.,Medium,4.6,6.5,5.7,4.7,1.0,59.0
"Not the best day, but not the worst either.",Medium,6.6,6.2,7.0,2.6,2.2,61.0
I need a break but I’ll keep going.,Medium,1.9,6.7,5.9,4.7,2.9,67.0
I could use some rest from the workload.,Medium,2.2,9.0,4.6,3.2,1.4,64.0
A few things are bothering me today.,Medium,7.5,3.1,6.8,3.2,3.3,46.0
"Not the best day, but not the worst either.",Medium,4.0,3.1,4.6,3.1,2.9,57.0
"Not the best day, but not the worst either.",Medium,5.4,4.8,5.8,5.7,2.5,41.0
Today has its ups and downs.,Medium,4.0,9.5,6.8,1.2,3.0,63.0
I feel a little stressed but I'm coping.,Medium,7.0,4.9,6.1,2.4,2.1,43.0
Some days are tough but I push myself.,Medium,1.5,9.9,7.2,5.9,1.3,56.0
I’m worried about deadlines but managing.,Medium,5.2,8.2,7.7,5.2,3.2,62.0
Things are stressing me out a bit.,Medium,3.6,6.9,4.2,3.2,1.5,59.0
Trying to stay positive despite difficulties.,Medium,7.0,4.1,7.5,3.5,0.8,49.0
A few things are bothering me today.,Medium,1.7,9.5,4.0,4.4,1.7,59.0
Some days are tough but I push myself.,Medium,3.5,6.0,8.9,5.0,1.2,63.0
I feel pressure but I'm trying to stay strong.,Medium,6.2,3.4,8.0,5.5,1.5,66.0
I'm dealing with some emotional pressure.,Medium,4.7,8.2,4.6,2.0,2.8,62.0
Trying to stay positive despite difficulties.,Medium,2.8,5.6,8.3,4.3,3.2,43.0
I feel a little stressed but I'm coping.,Medium,6.7,9.9,5.6,1.3,0.5,65.0
Some days are tough but I push myself.,Medium,3.1,5.7,5.3,5.2,0.8,51.0
Trying to stay positive despite difficulties.,Medium,4.7,3.7,8.7,5.7,3.5,64.0
Some days are tough but I push myself.,Medium,3.7,9.8,6.6,2.8,3.2,40.0
My stress level is moderate today.,Medium,2.7,9.1,5.1,1.5,1.8,41.0
I feel anxious but still somewhat okay.,Medium,5.6,4.5,6.0,1.9,1.2,47.0
I feel a little stressed but I'm coping.,Medium,1.8,9.8,6.9,5.1,2.0,55.0
I'm dealing with some emotional pressure.,Medium,4.5,6.4,6.8,1.7,0.9,51.0
I could use some rest from the workload.,Medium,4.4,8.1,5.9,1.5,0.6,62.0
Trying to balance everything is tiring.,Medium,3.6,4.0,4.1,5.6,1.8,67.0
Some days are tough but I push myself.,Medium,7.4,8.1,7.0,5.1,1.7,62.0
I’m worried about deadlines but managing.,Medium,7.2,3.8,7.9,5.1,2.0,69.0
I feel anxious but still somewhat okay.,Medium,3.9,3.6,4.8,2.3,1.6,53.0
Trying to stay positive despite difficulties.,Medium,4.2,4.7,8.9,3.0,3.3,49.0
I’m worried about deadlines but managing.,Medium,4.7,4.0,6.6,2.8,1.7,46.0
I'm dealing with some emotional pressure.,Medium,5.3,7.7,4.7,4.0,2.6,69.0
Some days are tough but I push myself.,Medium,6.6,3.7,7.6,4.0,3.3,68.0
I need a break but I’ll keep going.,Medium,5.6,9.0,8.6,1.3,1.0,46.0
I feel pressure but I'm trying to stay strong.,Medium,2.0,3.1,6.8,4.5,1.4,54.0
I’m worried about deadlines but managing.,Medium,4.8,8.0,6.2,4.1,2.8,45.0
I feel a little stressed but I'm coping.,Medium,3.8,5.4,4.7,4.4,2.1,43.0
I feel pressure but I'm trying to stay strong.,Medium,7.1,6.4,8.5,5.9,3.4,69.0
Trying to stay positive despite difficulties.,Medium,6.2,7.4,8.2,4.3,1.0,59.0
Things are stressing me out a bit.,Medium,4.9,7.7,8.4,1.6,3.4,59.0
"Not the best day, but not the worst either.",Medium,2.5,9.7,8.5,1.4,3.1,47.0
I feel anxious but still somewhat okay.,Medium,3.0,7.3,4.1,5.6,2.1,68.0
Today has its ups and downs.,Medium,1.5,10.0,4.8,2.8,1.2,58.0
Some days are tough but I push myself.,Medium,3.6,9.0,8.0,3.4,3.4,59.0
I feel anxious but still somewhat okay.,Medium,4.1,9.4,8.6,5.2,2.1,64.0
Today has its ups and downs.,Medium,7.0,4.7,4.7,1.7,2.6,49.0
Trying to stay positive despite difficulties.,Medium,6.8,5.1,6.9,3.1,2.5,51.0
Today has its ups and downs.,Medium,1.1,9.9,8.3,3.8,3.2,52.0
Trying to balance everything is tiring.,Medium,4.1,8.1,5.5,5.2,0.7,41.0
I could use some rest from the workload.,Medium,1.7,6.2,7.7,3.5,1.4,53.0
I’m worried about deadlines but managing.,Medium,7.6,8.2,5.5,3.0,2.2,54.0
I need a break but I’ll keep going.,Medium,4.4,8.4,7.2,4.1,3.3,52.0
I feel a little stressed but I'm coping.,Medium,5.8,9.1,8.3,1.7,0.8,62.0
I feel pressure but I'm trying to stay strong.,Medium,7.0,7.7,7.4,4.2,2.6,53.0
Some days are tough but I push myself.,Medium,5.7,6.0,7.6,4.4,2.7,45.0
I feel a little stressed but I'm coping.,Medium,1.8,7.7,4.5,2.4,1.8,67.0
Things are stressing me out a bit.,Medium,5.0,5.3,6.6,1.5,3.4,63.0
I feel anxious but still somewhat okay.,Medium,5.1,7.6,7.6,4.6,1.1,46.0
I could use some rest from the workload.,Medium,6.2,5.2,5.8,3.9,1.7,46.0
I could use some rest from the workload.,Medium,3.0,7.4,8.0,3.8,2.4,44.0
A few things are bothering me today.,Medium,5.6,7.8,5.4,5.2,0.7,48.0
Some days are tough but I push myself.,Medium,4.7,7.5,4.8,3.9,0.8,61.0
I could use some rest from the workload.,Medium,1.6,7.6,7.2,1.9,2.1,68.0
I need a break but I’ll keep going.,Medium,7.9,7.8,8.8,5.1,2.0,62.0
Trying to stay positive despite difficulties.,Medium,3.0,9.9,4.5,1.3,0.9,63.0
I need a break but I’ll keep going.,Medium,4.2,5.0,8.6,4.9,0.9,50.0
Trying to stay positive despite difficulties.,Medium,4.7,8.6,8.0,1.1,2.2,58.0
I'm dealing with some emotional pressure.,Medium,1.2,8.8,8.9,1.3,2.5,54.0
I need a break but I’ll keep going.,Medium,7.5,9.7,4.5,1.9,2.4,56.0
I need a break but I’ll keep going.,Medium,6.3,8.3,4.9,1.8,1.2,46.0
Trying to stay positive despite difficulties.,Medium,4.8,5.8,5.0,4.5,2.1,52.0
"Not the best day, but not the worst either.",Medium,2.1,5.5,5.4,3.8,3.2,41.0
I feel a little stressed but I'm coping.,Medium,6.3,6.6,5.4,5.0,3.5,66.0
I feel a little stressed but I'm coping.,Medium,7.5,3.1,4.8,3.2,2.3,47.0
Some days are tough but I push myself.,Medium,4.7,7.4,8.0,3.7,2.8,55.0
Trying to stay positive despite difficulties.,Medium,3.4,5.1,8.5,5.4,1.7,44.0
I feel a little stressed but I'm coping.,Medium,7.9,4.2,5.7,3.1,2.7,49.0
Some days are tough but I push myself.,Medium,6.4,3.1,7.3,1.7,1.6,55.0
A few things are bothering me today.,Medium,1.4,3.7,8.7,1.3,1.5,64.0
A few things are bothering me today.,Medium,6.5,9.7,8.6,5.6,1.1,48.0
I need a break but I’ll keep going.,Medium,2.8,8.7,8.7,2.5,1.7,69.0
I'm dealing with some emotional pressure.,Medium,6.8,4.5,5.3,4.5,3.4,67.0
I feel anxious but still somewhat okay.,Medium,3.8,4.4,7.4,5.6,3.5,46.0
I feel a little stressed but I'm coping.,Medium,6.3,4.2,8.6,5.1,1.2,60.0
"Not the best day, but not the worst either.",Medium,5.6,3.4,4.6,3.0,2.4,66.0
Today has its ups and downs.,Medium,6.8,8.2,5.0,2.6,1.4,51.0
A few things are bothering me today.,Medium,7.4,4.5,5.2,4.5,1.2,52.0
I feel a little stressed but I'm coping.,Medium,7.4,4.5,7.4,3.2,0.5,62.0
My stress level is moderate today.,Medium,1.0,3.0,4.4,4.6,1.6,66.0
I need a break but I’ll keep going.,Medium,7.2,7.9,7.5,3.9,2.5,40.0
Trying to balance everything is tiring.,Medium,6.1,5.9,8.8,2.4,2.7,52.0
I'm dealing with some emotional pressure.,Medium,7.6,3.0,7.3,4.4,3.2,50.0
I feel pressure but I'm trying to stay strong.,Medium,4.9,9.6,4.2,4.4,2.7,68.0
A few things are bothering me today.,Medium,6.8,7.9,8.1,1.1,2.4,46.0
I feel a little stressed but I'm coping.,Medium,3.0,9.8,6.9,4.0,1.9,62.0
I could use some rest from the workload.,Medium,4.1,9.8,5.3,1.9,1.9,46.0
I’m worried about deadlines but managing.,Medium,6.6,9.4,8.2,2.4,1.3,66.0
I'm dealing with some emotional pressure.,Medium,6.6,8.5,4.2,5.5,2.0,49.0
I feel anxious but still somewhat okay.,Medium,1.1,7.2,5.6,1.2,0.8,47.0
Trying to stay positive despite difficulties.,Medium,4.6,7.2,6.3,4.7,1.2,57.0
Trying to balance everything is tiring.,Medium,3.4,4.3,8.0,2.9,3.1,53.0
Trying to balance everything is tiring.,Medium,2.6,9.3,7.8,3.9,2.9,45.0
Some days are tough but I push myself.,Medium,4.6,6.5,8.9,4.3,2.5,42.0
I need a break but I’ll keep going.,Medium,6.4,4.3,7.1,1.6,1.5,41.0
I’m worried about deadlines but managing.,Medium,3.9,8.9,6.8,2.6,3.4,50.0
Trying to balance everything is tiring.,Medium,7.2,3.8,8.1,3.1,3.5,44.0
I feel anxious but still somewhat okay.,Medium,5.7,9.7,6.7,2.2,0.5,55.0
I feel pressure but I'm trying to stay strong.,Medium,2.9,6.2,7.6,4.4,3.0,63.0
My stress level is moderate today.,Medium,6.3,4.8,4.2,5.6,1.3,64.0
I feel pressure but I'm trying to stay strong.,Medium,3.2,4.6,6.1,3.6,1.2,49.0
Trying to balance everything is tiring.,Medium,3.9,3.3,8.8,5.3,2.3,45.0
I need a break but I’ll keep going.,Medium,1.3,4.7,7.5,1.9,3.1,51.0
Some days are tough but I push myself.,Medium,5.9,9.2,7.2,3.6,2.6,68.0
Today has its ups and downs.,Medium,7.4,5.3,4.1,1.8,0.5,43.0
I feel a little stressed but I'm coping.,Medium,1.9,9.9,8.1,1.9,1.9,45.0
Trying to stay positive despite difficulties.,Medium,3.0,8.2,6.2,1.6,2.9,55.0
My stress level is moderate today.,Medium,4.4,5.8,7.7,1.6,1.4,40.0
Things are stressing me out a bit.,Medium,7.0,3.8,6.6,1.9,0.7,57.0
Trying to balance everything is tiring.,Medium,1.6,6.5,7.8,2.4,1.2,55.0
I could use some rest from the workload.,Medium,4.9,9.8,4.4,4.1,1.1,51.0
I feel a little stressed but I'm coping.,Medium,2.2,8.0,4.4,3.2,2.2,53.0
"Not the best day, but not the worst either.",Medium,6.3,7.3,7.4,2.4,1.6,69.0
Things are stressing me out a bit.,Medium,6.9,9.2,8.4,5.3,0.8,55.0
Things are stressing me out a bit.,Medium,3.6,7.6,6.0,2.2,1.6,65.0
I’m worried about deadlines but managing.,Medium,5.2,3.6,5.8,3.0,1.3,40.0
I’m worried about deadlines but managing.,Medium,2.8,5.8,5.9,5.2,1.4,43.0
Some days are tough but I push myself.,Medium,5.9,4.8,6.4,4.7,3.3,46.0
I feel a little stressed but I'm coping.,Medium,5.4,8.7,7.1,2.5,3.2,51.0
Today has its ups and downs.,Medium,5.3,7.0,5.3,4.6,3.3,46.0
Trying to stay positive despite difficulties.,Medium,5.2,3.8,8.7,2.7,3.3,50.0
I feel anxious but still somewhat okay.,Medium,4.0,9.6,5.2,6.0,1.5,67.0
I could use some rest from the workload.,Medium,6.9,3.7,8.7,1.8,2.5,52.0
I feel pressure but I'm trying to stay strong.,Medium,3.6,10.0,9.0,1.9,0.6,44.0
My stress level is moderate today.,Medium,4.7,7.5,8.0,3.8,0.6,67.0
I'm dealing with some emotional pressure.,Medium,4.1,9.8,7.5,5.8,3.1,64.0
I feel pressure but I'm trying to stay strong.,Medium,5.2,8.7,4.2,3.8,3.5,60.0
My stress level is moderate today.,Medium,4.6,8.1,8.7,2.6,1.9,44.0
I could use some rest from the workload.,Medium,2.7,5.5,6.2,2.0,2.6,61.0
I feel anxious but still somewhat okay.,Medium,1.2,8.1,6.6,3.8,2.4,54.0
I’m worried about deadlines but managing.,Medium,2.7,5.8,6.0,4.4,2.3,42.0
I feel anxious but still somewhat okay.,Medium,2.2,8.0,5.2,3.1,0.6,44.0
Some days are tough but I push myself.,Medium,2.6,5.8,7.2,5.4,3.0,60.0
I feel pressure but I'm trying to stay strong.,Medium,6.4,8.7,7.9,2.6,2.3,50.0
I feel a little stressed but I'm coping.,Medium,4.4,8.7,5.6,5.2,3.2,46.0
Some days are tough but I push myself.,Medium,1.7,7.1,7.3,4.8,2.5,43.0
I feel anxious but still somewhat okay.,Medium,3.9,9.6,5.9,4.7,2.2,62.0
I need a break but I’ll keep going.,Medium,1.8,6.9,7.3,5.1,3.0,53.0
A few things are bothering me today.,Medium,2.3,9.7,5.0,3.5,3.0,64.0
Some days are tough but I push myself.,Medium,1.6,7.1,7.8,2.1,2.7,45.0
A few things are bothering me today.,Medium,5.8,8.7,6.1,5.3,2.9,57.0
"Not the best day, but not the worst either.",Medium,7.4,9.1,6.4,5.1,2.9,62.0
I feel pressure but I'm trying to stay strong.,Medium,3.0,3.7,6.3,3.1,2.6,45.0
Trying to balance everything is tiring.,Medium,2.5,4.8,5.7,3.0,0.9,48.0
I feel anxious but still somewhat okay.,Medium,2.7,5.9,5.7,2.1,3.0,67.0
I'm dealing with some emotional pressure.,Medium,5.8,5.0,4.9,3.9,1.0,53.0
A few things are bothering me today.,Medium,6.8,4.0,7.8,5.5,3.2,63.0
Trying to balance everything is tiring.,Medium,5.9,3.3,7.5,3.2,2.3,63.0
I feel anxious but still somewhat okay.,Medium,4.4,6.0,4.8,2.3,3.5,41.0
Trying to stay positive despite difficulties.,Medium,4.6,9.6,4.7,5.0,0.7,65.0
I feel a little stressed but I'm coping.,Medium,1.9,7.3,5.4,6.0,1.8,50.0
My stress level is moderate today.,Medium,3.6,3.5,6.0,1.4,1.1,41.0
I feel anxious but still somewhat okay.,Medium,2.7,3.7,6.2,2.8,3.1,49.0
Today has its ups and downs.,Medium,1.7,6.9,5.4,3.5,3.2,46.0
I feel a little stressed but I'm coping.,Medium,7.2,3.5,4.3,1.6,2.2,47.0
I'm dealing with some emotional pressure.,Medium,3.4,5.7,8.3,2.3,2.6,63.0
Some days are tough but I push myself.,Medium,6.7,5.3,6.0,5.8,1.8,47.0
I feel anxious but still somewhat okay.,Medium,1.2,6.2,6.5,1.2,2.7,53.0
Trying to stay positive despite difficulties.,Medium,5.1,3.8,4.9,2.2,2.6,58.0
I feel pressure but I'm trying to stay strong.,Medium,3.5,5.7,4.3,3.9,1.1,45.0
I could use some rest from the workload.,Medium,7.0,5.5,8.2,2.5,3.1,65.0
Trying to balance everything is tiring.,Medium,1.1,9.8,6.0,4.9,1.9,61.0
I feel a little stressed but I'm coping.,Medium,7.5,9.2,5.6,5.8,1.7,57.0
Some days are tough but I push myself.,Medium,3.6,8.3,7.4,3.1,2.1,53.0
Trying to balance everything is tiring.,Medium,2.1,3.5,6.1,1.7,2.5,56.0
Trying to stay positive despite difficulties.,Medium,5.7,3.7,6.1,5.4,0.8,44.0
Some days are tough but I push myself.,Medium,1.3,4.4,4.1,2.8,3.0,53.0
My stress level is moderate today.,Medium,1.2,8.0,5.5,5.0,3.0,65.0
I could use some rest from the workload.,Medium,3.5,9.1,7.9,5.2,2.3,46.0
"Not the best day, but not the worst either.",Medium,3.9,6.2,6.4,3.8,1.6,61.0
Trying to balance everything is tiring.,Medium,7.7,8.2,7.0,3.1,1.9,55.0
I feel anxious but still somewhat okay.,Medium,7.8,8.1,5.6,1.8,2.2,44.0
I could use some rest from the workload.,Medium,5.2,6.9,5.6,5.4,3.2,62.0
"Not the best day, but not the worst either.",Medium,1.0,8.4,4.5,3.6,2.0,63.0
A few things are bothering me today.,Medium,3.5,8.7,4.2,2.8,0.9,55.0
I feel a little stressed but I'm coping.,Medium,7.0,9.3,7.4,1.5,3.4,65.0
Trying to stay positive despite difficulties.,Medium,4.7,5.9,6.6,4.2,0.7,67.0
I feel pressure but I'm trying to stay strong.,Medium,6.8,6.9,6.3,4.2,0.9,51.0
I feel a little stressed but I'm coping.,Medium,3.6,8.3,8.1,2.6,3.1,57.0
Trying to stay positive despite difficulties.,Medium,6.9,3.1,8.9,5.2,3.4,46.0
Things are stressing me out a bit.,Medium,4.3,7.7,8.5,4.8,0.9,62.0
I’m worried about deadlines but managing.,Medium,2.0,8.4,5.7,5.2,1.2,63.0
I feel a little stressed but I'm coping.,Medium,1.5,8.3,5.9,2.1,3.4,56.0
I could use some rest from the workload.,Medium,6.2,7.3,8.4,1.1,2.1,41.0
Trying to stay positive despite difficulties.,Medium,1.9,8.4,8.9,1.8,1.6,45.0
I feel pressure but I'm trying to stay strong.,Medium,6.7,5.2,6.9,5.7,3.0,64.0
"Not the best day, but not the worst either.",Medium,2.8,8.9,4.2,4.7,2.8,48.0
I feel anxious but still somewhat okay.,Medium,6.6,8.1,8.3,3.2,2.2,45.0
Things are stressing me out a bit.,Medium,5.9,9.0,4.2,2.0,1.9,52.0
Trying to stay positive despite difficulties.,Medium,4.2,6.9,6.3,2.7,2.0,69.0
I feel pressure but I'm trying to stay strong.,Medium,1.8,5.4,4.1,4.7,3.4,40.0
I feel anxious but still somewhat okay.,Medium,5.5,4.2,6.1,5.0,3.4,59.0
I feel a little stressed but I'm coping.,Medium,3.3,3.9,8.6,3.9,0.7,65.0
I could use some rest from the workload.,Medium,4.2,7.1,6.2,4.7,0.8,41.0
"Not the best day, but not the worst either.",Medium,5.3,5.1,9.0,3.0,1.9,65.0
I feel a little stressed but I'm coping.,Medium,2.8,8.1,8.1,3.8,2.7,52.0
My stress level is moderate today.,Medium,5.5,5.5,7.0,5.6,1.6,41.0
Some days are tough but I push myself.,Medium,2.5,3.1,7.7,4.1,1.0,42.0
Things are stressing me out a bit.,Medium,2.0,5.8,7.7,2.5,2.9,44.0
I could use some rest from the workload.,Medium,1.6,9.6,4.7,4.6,2.8,67.0
I feel anxious but still somewhat okay.,Medium,6.7,5.0,7.5,1.4,2.0,69.0
My stress level is moderate today.,Medium,6.7,7.0,8.2,4.0,1.5,40.0
Trying to balance everything is tiring.,Medium,5.2,8.6,6.0,5.4,1.5,67.0
"Not the best day, but not the worst either.",Medium,5.5,6.7,7.8,3.6,0.8,52.0
I feel a little stressed but I'm coping.,Medium,6.8,4.9,6.5,3.7,3.1,69.0
I feel pressure but I'm trying to stay strong.,Medium,3.8,3.4,6.3,5.6,2.1,42.0
I feel pressure but I'm trying to stay strong.,Medium,2.1,5.3,7.1,5.5,2.0,55.0
I’m worried about deadlines but managing.,Medium,3.3,8.2,6.4,4.1,2.5,41.0
I'm dealing with some emotional pressure.,Medium,6.8,5.9,6.9,3.7,1.4,47.0
I feel a little stressed but I'm coping.,Medium,4.6,9.6,6.0,2.0,1.9,61.0
I need a break but I’ll keep going.,Medium,7.5,8.3,7.5,4.3,2.1,51.0
"Not the best day, but not the worst either.",Medium,2.6,8.7,4.5,2.9,3.5,64.0
I could use some rest from the workload.,Medium,1.9,6.4,8.2,4.6,2.8,62.0
Today has its ups and downs.,Medium,2.3,4.3,7.6,5.2,3.4,55.0
A few things are bothering me today.,Medium,6.5,7.2,4.7,2.9,2.0,51.0
I feel anxious but still somewhat okay.,Medium,1.3,7.3,6.1,3.8,2.1,40.0
A few things are bothering me today.,Medium,2.5,7.2,8.6,4.4,1.7,46.0
I feel anxious but still somewhat okay.,Medium,7.4,4.2,7.1,2.8,0.7,61.0
Trying to balance everything is tiring.,Medium,5.7,4.0,6.0,1.9,2.1,57.0
I could use some rest from the workload.,Medium,1.8,3.9,8.6,3.5,2.1,58.0
Trying to stay positive despite difficulties.,Medium,3.5,6.4,7.2,1.1,3.0,45.0
"Not the best day, but not the worst either.",Medium,2.4,9.7,4.6,1.7,0.6,43.0
Today has its ups and downs.,Medium,3.1,4.8,8.9,1.0,2.3,59.0
I’m worried about deadlines but managing.,Medium,7.3,3.2,6.5,6.0,0.8,58.0
"Not the best day, but not the worst either.",Medium,5.0,7.0,8.3,3.0,3.3,54.0
Trying to stay positive despite difficulties.,Medium,7.6,8.0,7.2,5.9,1.8,56.0
Things are stressing me out a bit.,Medium,4.4,5.0,6.8,1.9,1.4,49.0
I feel a little stressed but I'm coping.,Medium,7.8,7.4,5.4,5.1,2.0,48.0
My stress level is moderate today.,Medium,4.7,9.1,6.2,3.7,2.2,42.0
I need a break but I’ll keep going.,Medium,4.8,3.6,6.2,1.4,2.8,69.0
I could use some rest from the workload.,Medium,7.0,9.2,7.3,2.8,2.8,41.0
Trying to balance everything is tiring.,Medium,2.9,3.5,5.5,1.6,1.2,41.0
Today has its ups and downs.,Medium,3.7,7.8,8.8,5.6,1.7,40.0
I feel a little stressed but I'm coping.,Medium,3.0,5.2,6.7,5.4,2.4,68.0
Some days are tough but I push myself.,Medium,6.3,5.3,4.3,3.2,0.9,63.0
I’m worried about deadlines but managing.,Medium,2.3,10.0,8.1,4.3,1.7,65.0
I feel pressure but I'm trying to stay strong.,Medium,4.4,6.7,7.5,4.7,2.5,51.0
Trying to stay positive despite difficulties.,Medium,5.6,6.2,4.3,2.8,3.0,57.0
Some days are tough but I push myself.,Medium,1.2,5.3,4.5,4.7,2.3,68.0
Some days are tough but I push myself.,Medium,5.9,7.6,6.3,4.0,0.8,52.0
"Not the best day, but not the worst either.",Medium,6.6,7.1,7.6,1.9,3.3,63.0
I feel anxious but still somewhat okay.,Medium,2.4,5.4,7.1,2.8,1.2,42.0
I feel a little stressed but I'm coping.,Medium,1.4,7.7,4.7,5.0,1.4,53.0
Trying to balance everything is tiring.,Medium,3.8,7.9,8.6,1.1,3.5,55.0
Some days are tough but I push myself.,Medium,2.5,3.4,5.6,3.5,1.5,56.0
I feel a little stressed but I'm coping.,Medium,2.1,5.8,8.9,3.5,1.7,43.0
I need a break but I’ll keep going.,Medium,3.4,6.7,6.3,4.0,2.8,65.0
Trying to balance everything is tiring.,Medium,4.6,9.7,6.7,1.1,3.4,54.0
Today has its ups and downs.,Medium,1.9,7.2,7.7,3.6,2.0,64.0
I'm dealing with some emotional pressure.,Medium,6.1,4.5,8.4,5.9,2.0,64.0
Some days are tough but I push myself.,Medium,2.2,4.5,6.6,5.1,2.7,65.0
I’m worried about deadlines but managing.,Medium,1.5,4.3,8.2,1.4,2.6,47.0
I’m worried about deadlines but managing.,Medium,6.5,8.2,5.0,2.8,1.7,63.0
Things are stressing me out a bit.,Medium,3.9,4.4,6.2,5.2,0.6,55.0
Things are stressing me out a bit.,Medium,1.9,3.8,5.4,4.1,3.1,69.0
I need a break but I’ll keep going.,Medium,1.2,6.9,5.7,3.7,2.9,48.0
A few things are bothering me today.,Medium,3.5,7.5,8.3,5.2,0.6,63.0
Trying to balance everything is tiring.,Medium,3.1,6.3,8.3,2.3,1.1,57.0
Trying to stay positive despite difficulties.,Medium,5.6,6.0,7.7,4.8,1.1,42.0
Things are stressing me out a bit.,Medium,7.5,5.7,6.7,5.5,2.9,63.0
I'm dealing with some emotional pressure.,Medium,6.8,3.4,7.5,3.4,1.2,40.0
Trying to balance everything is tiring.,Medium,1.8,6.5,7.8,5.6,1.2,65.0
I feel anxious but still somewhat okay.,Medium,4.1,9.7,7.7,2.8,3.0,59.0
I feel anxious but still somewhat okay.,Medium,1.6,3.1,7.2,3.9,1.7,45.0
A few things are bothering me today.,Medium,7.6,8.3,6.9,2.4,2.9,49.0
I feel a little stressed but I'm coping.,Medium,2.4,5.4,5.3,1.5,3.0,42.0
Some days are tough but I push myself.,Medium,6.7,8.8,6.2,2.7,3.0,55.0
I need a break but I’ll keep going.,Medium,2.7,8.6,6.7,1.3,1.9,63.0
My stress level is moderate today.,Medium,7.6,3.6,6.3,2.4,1.4,56.0
Some days are tough but I push myself.,Medium,3.7,5.3,6.5,3.8,1.3,42.0
I could use some rest from the workload.,Medium,3.7,4.4,7.8,5.0,0.7,44.0
Things are stressing me out a bit.,Medium,4.3,4.6,8.6,2.9,0.7,44.0
I feel a little stressed but I'm coping.,Medium,7.6,9.3,4.9,4.6,2.7,58.0
"Not the best day, but not the worst either.",Medium,7.9,3.3,9.0,1.7,1.6,42.0
A few things are bothering me today.,Medium,3.2,6.5,7.4,4.4,1.3,48.0
I feel a little stressed but I'm coping.,Medium,2.0,6.9,4.6,5.9,2.2,61.0
I feel pressure but I'm trying to stay strong.,Medium,2.8,5.6,5.5,3.4,1.4,54.0
I need a break but I’ll keep going.,Medium,5.4,9.1,6.1,1.2,0.8,40.0
My stress level is moderate today.,Medium,3.4,4.0,4.6,2.9,1.2,66.0
Some days are tough but I push myself.,Medium,4.4,8.7,4.4,5.5,2.1,58.0
A few things are bothering me today.,Medium,6.2,8.6,5.6,3.7,2.7,63.0
I feel a little stressed but I'm coping.,Medium,4.6,6.8,8.4,3.0,2.6,42.0
I’m worried about deadlines but managing.,Medium,1.7,3.4,7.5,2.5,2.4,66.0
I need a break but I’ll keep going.,Medium,4.2,8.2,5.1,1.9,3.4,61.0
My stress level is moderate today.,Medium,6.4,7.4,7.8,2.2,0.6,56.0
I'm dealing with some emotional pressure.,Medium,1.5,5.7,7.5,2.6,1.5,45.0
Some days are tough but I push myself.,Medium,2.0,5.8,8.8,3.2,3.0,45.0
Trying to balance everything is tiring.,Medium,6.3,6.5,6.8,5.2,2.9,64.0
My stress level is moderate today.,Medium,2.9,4.5,7.6,3.4,1.4,64.0
I feel a little stressed but I'm coping.,Medium,6.5,7.4,6.0,2.6,1.0,44.0
Some days are tough but I push myself.,Medium,4.8,7.1,4.1,1.1,2.7,54.0
Some days are tough but I push myself.,Medium,1.2,5.1,7.1,3.6,0.6,65.0
A few things are bothering me today.,Medium,5.5,5.0,5.7,1.2,0.6,64.0
Trying to balance everything is tiring.,Medium,8.0,6.5,8.2,3.3,0.9,47.0
Trying to stay positive despite difficulties.,Medium,5.1,6.8,5.4,4.6,1.7,59.0
Today has its ups and downs.,Medium,5.4,5.0,7.8,1.9,1.6,62.0
I need a break but I’ll keep going.,Medium,7.7,9.5,4.2,1.3,0.6,40.0
I feel pressure but I'm trying to stay strong.,Medium,1.0,3.1,8.8,4.0,3.4,43.0
I'm dealing with some emotional pressure.,Medium,3.3,3.2,8.4,6.0,1.6,51.0
I feel anxious but still somewhat okay.,Medium,4.6,5.4,5.4,1.7,2.5,59.0
Some days are tough but I push myself.,Medium,5.3,3.1,8.2,2.1,0.9,49.0
A few things are bothering me today.,Medium,1.4,8.8,7.3,2.8,1.1,53.0
"Not the best day, but not the worst either.",Medium,7.3,9.6,6.2,2.9,0.6,68.0
Some days are tough but I push myself.,Medium,4.9,5.3,5.2,1.9,2.5,45.0
I feel anxious but still somewhat okay.,Medium,4.7,6.3,4.8,5.6,3.0,47.0
A few things are bothering me today.,Medium,7.4,3.8,6.4,2.4,3.0,47.0
A few things are bothering me today.,Medium,6.3,4.3,6.2,3.9,2.3,51.0
Things are stressing me out a bit.,Medium,1.7,3.8,8.4,5.8,2.7,63.0
I feel a little stressed but I'm coping.,Medium,2.4,8.6,8.6,3.3,2.8,59.0
I need a break but I’ll keep going.,Medium,2.4,4.6,5.6,2.4,3.0,57.0
I could use some rest from the workload.,Medium,1.5,6.2,8.8,4.3,1.0,57.0
Today has its ups and downs.,Medium,4.8,3.1,7.3,4.7,1.2,64.0
"Not the best day, but not the worst either.",Medium,7.3,6.2,5.5,1.2,1.5,53.0
"Not the best day, but not the worst either.",Medium,6.2,6.7,4.9,5.6,2.5,44.0
My stress level is moderate today.,Medium,1.5,7.4,5.4,3.0,1.2,65.0
Trying to stay positive despite difficulties.,Medium,4.4,6.2,6.8,2.1,2.9,54.0
Some days are tough but I push myself.,Medium,2.7,3.1,6.7,3.2,1.4,46.0
I feel anxious but still somewhat okay.,Medium,3.0,9.3,6.6,5.1,1.9,59.0
Today has its ups and downs.,Medium,6.1,4.6,6.6,5.4,1.7,55.0
I’m worried about deadlines but managing.,Medium,7.7,9.0,6.7,1.3,2.7,46.0
I'm dealing with some emotional pressure.,Medium,1.3,4.2,7.2,5.0,1.0,47.0
I feel a little stressed but I'm coping.,Medium,6.6,5.1,8.7,4.0,2.9,47.0
Trying to stay positive despite difficulties.,Medium,4.8,7.8,4.2,3.7,1.4,47.0
I feel anxious but still somewhat okay.,Medium,6.4,4.0,8.8,3.6,2.0,44.0
I feel a little stressed but I'm coping.,Medium,5.1,7.8,5.7,4.7,1.5,54.0
I’m worried about deadlines but managing.,Medium,5.3,3.2,6.3,5.7,0.9,42.0
I'm dealing with some emotional pressure.,Medium,4.1,3.8,6.5,1.7,1.7,42.0
"Not the best day, but not the worst either.",Medium,7.8,5.1,6.5,5.0,2.0,69.0
I'm dealing with some emotional pressure.,Medium,6.4,8.6,5.2,1.2,2.8,51.0
Trying to balance everything is tiring.,Medium,4.1,8.0,6.3,1.1,2.8,45.0
"Not the best day, but not the worst either.",Medium,4.1,8.8,5.8,3.1,2.4,54.0
I feel anxious but still somewhat okay.,Medium,6.8,8.9,4.2,2.0,1.6,60.0
I feel pressure but I'm trying to stay strong.,Medium,1.8,3.9,8.1,4.3,2.8,48.0
A few things are bothering me today.,Medium,6.3,9.6,6.6,5.4,3.4,45.0
I feel anxious but still somewhat okay.,Medium,2.9,5.7,4.2,4.7,1.8,54.0
"Not the best day, but not the worst either.",Medium,2.2,8.0,8.7,5.7,3.5,53.0
Trying to stay positive despite difficulties.,Medium,5.4,9.7,7.2,4.7,1.7,69.0
I’m worried about deadlines but managing.,Medium,6.6,5.1,5.9,5.4,2.2,43.0
I could use some rest from the workload.,Medium,5.5,6.4,8.1,1.7,1.7,52.0
My stress level is moderate today.,Medium,7.6,9.0,4.3,5.1,2.8,51.0
"Not the best day, but not the worst either.",Medium,2.3,7.5,6.7,6.0,2.9,43.0
Things are stressing me out a bit.,Medium,2.7,4.8,5.5,5.8,2.8,60.0
A few things are bothering me today.,Medium,1.8,9.3,4.2,5.7,1.9,41.0
I feel anxious but still somewhat okay.,Medium,4.4,6.6,4.8,3.6,0.9,42.0
Trying to balance everything is tiring.,Medium,5.5,3.9,7.7,3.1,2.9,65.0
"Not the best day, but not the worst either.",Medium,5.7,7.0,5.1,4.1,0.6,63.0
Some days are tough but I push myself.,Medium,1.7,7.8,8.7,5.0,3.2,53.0
I feel a little stressed but I'm coping.,Medium,3.1,8.7,7.5,1.9,0.5,68.0
Trying to stay positive despite difficulties.,Medium,1.4,4.1,5.3,4.3,1.4,45.0
I need a break but I’ll keep going.,Medium,3.3,6.4,8.1,4.8,2.2,67.0
I feel pressure but I'm trying to stay strong.,Medium,1.7,4.5,8.3,5.4,2.4,63.0
Things are stressing me out a bit.,Medium,3.2,9.8,5.7,3.1,2.2,68.0
Trying to balance everything is tiring.,Medium,2.9,7.8,5.7,2.0,1.1,50.0
I feel a little stressed but I'm coping.,Medium,5.4,7.6,7.2,2.5,2.3,40.0
I feel a little stressed but I'm coping.,Medium,3.0,8.1,8.0,3.5,1.0,44.0
Trying to balance everything is tiring.,Medium,2.0,4.6,7.9,2.8,2.4,64.0
My stress level is moderate today.,Medium,5.7,4.3,5.3,3.5,2.5,69.0
Things are stressing me out a bit.,Medium,5.2,5.7,5.8,4.5,1.5,44.0
Today has its ups and downs.,Medium,4.0,8.6,6.1,1.3,3.0,46.0
I need a break but I’ll keep going.,Medium,7.0,6.6,6.3,5.7,1.6,69.0
I need a break but I’ll keep going.,Medium,5.5,9.5,6.3,5.1,2.2,45.0
I’m worried about deadlines but managing.,Medium,2.2,6.4,4.4,3.2,2.4,47.0
I’m worried about deadlines but managing.,Medium,2.0,4.6,7.6,5.2,1.4,66.0
Today has its ups and downs.,Medium,6.6,7.8,6.0,4.9,1.7,52.0
I feel a little stressed but I'm coping.,Medium,2.4,9.4,5.0,2.3,1.8,42.0
Some days are tough but I push myself.,Medium,2.2,9.4,5.8,2.6,0.7,40.0
I feel anxious but still somewhat okay.,Medium,7.7,5.2,7.7,5.0,1.2,56.0
I feel pressure but I'm trying to stay strong.,Medium,3.3,5.2,5.2,3.0,2.0,63.0
I feel pressure but I'm trying to stay strong.,Medium,7.2,3.3,5.4,5.3,2.9,61.0
I need a break but I’ll keep going.,Medium,7.1,9.1,8.1,3.1,2.2,69.0
Today has its ups and downs.,Medium,5.5,7.4,6.7,2.6,1.0,47.0
I’m worried about deadlines but managing.,Medium,7.0,6.7,6.9,4.8,3.4,66.0
Some days are tough but I push myself.,Medium,4.3,4.2,7.5,1.1,1.1,56.0
I could use some rest from the workload.,Medium,6.9,5.2,6.0,5.0,1.7,60.0
I feel anxious but still somewhat okay.,Medium,6.7,4.2,5.3,5.6,1.5,68.0
Trying to balance everything is tiring.,Medium,5.7,7.0,7.3,4.7,3.0,60.0
I need a break but I’ll keep going.,Medium,2.1,7.5,4.0,1.3,3.1,54.0
I could use some rest from the workload.,Medium,6.8,7.5,5.7,5.4,3.0,68.0
I’m worried about deadlines but managing.,Medium,3.6,6.6,5.9,1.7,2.3,49.0
I feel a little stressed but I'm coping.,Medium,6.9,5.0,7.1,5.0,0.5,41.0
Trying to stay positive despite difficulties.,Medium,1.6,6.5,6.4,5.0,3.1,40.0
I feel pressure but I'm trying to stay strong.,Medium,1.0,6.5,4.7,2.6,2.3,53.0
A few things are bothering me today.,Medium,4.7,3.5,5.3,3.9,2.1,54.0
Things are stressing me out a bit.,Medium,2.0,6.6,6.7,4.6,0.9,66.0
Things are stressing me out a bit.,Medium,7.9,6.6,4.1,4.1,1.4,66.0
Trying to stay positive despite difficulties.,Medium,6.3,5.3,7.4,2.8,0.9,44.0
I need a break but I’ll keep going.,Medium,4.7,5.5,7.7,3.6,0.7,43.0
I feel anxious but still somewhat okay.,Medium,3.3,7.2,5.4,1.2,1.3,59.0
I feel pressure but I'm trying to stay strong.,Medium,1.6,6.0,6.9,2.5,0.7,45.0
Today has its ups and downs.,Medium,2.9,4.2,5.5,1.5,1.4,68.0
I need a break but I’ll keep going.,Medium,6.9,7.4,4.0,2.6,1.9,68.0
Things are stressing me out a bit.,Medium,7.7,6.6,6.3,3.5,0.9,44.0
I need a break but I’ll keep going.,Medium,3.1,8.4,8.4,1.2,2.7,52.0
I could use some rest from the workload.,Medium,3.8,3.2,7.1,4.8,2.8,41.0
I feel anxious but still somewhat okay.,Medium,5.8,7.0,5.4,4.2,2.7,46.0
Trying to balance everything is tiring.,Medium,3.6,7.1,8.3,3.8,3.0,44.0
Trying to balance everything is tiring.,Medium,5.5,5.6,7.0,5.3,3.3,65.0
"Not the best day, but not the worst either.",Medium,6.9,7.6,4.1,4.9,2.5,68.0
Trying to stay positive despite difficulties.,Medium,6.3,3.8,7.1,3.9,1.2,69.0
Some days are tough but I push myself.,Medium,3.3,5.0,5.5,2.2,2.0,65.0
I need a break but I’ll keep going.,Medium,2.0,5.8,5.4,2.6,3.0,43.0
Today has its ups and downs.,Medium,7.9,3.6,4.8,3.7,3.3,61.0
Things are stressing me out a bit.,Medium,6.4,4.1,8.0,5.2,2.3,48.0
I could use some rest from the workload.,Medium,2.2,8.9,5.5,3.0,1.5,54.0
I could use some rest from the workload.,Medium,3.9,8.8,4.3,4.0,0.9,54.0
Trying to balance everything is tiring.,Medium,7.4,5.9,4.4,4.8,2.5,66.0
I need a break but I’ll keep going.,Medium,4.1,5.4,5.5,2.7,2.8,45.0
Trying to stay positive despite difficulties.,Medium,1.7,3.9,6.9,4.2,1.5,56.0
A few things are bothering me today.,Medium,5.6,3.1,8.9,5.9,0.8,58.0
I'm dealing with some emotional pressure.,Medium,7.2,8.6,4.5,1.1,2.6,46.0
I'm dealing with some emotional pressure.,Medium,6.8,5.6,4.1,5.3,3.3,60.0
Trying to balance everything is tiring.,Medium,4.5,9.0,6.7,5.8,0.5,66.0
I feel a little stressed but I'm coping.,Medium,4.1,6.8,7.8,1.6,1.6,47.0
"Not the best day, but not the worst either.",Medium,7.5,3.8,5.5,4.8,3.0,56.0
My stress level is moderate today.,Medium,2.4,6.9,6.3,2.6,0.5,53.0
I feel anxious but still somewhat okay.,Medium,7.3,6.7,7.4,4.6,1.3,52.0
I feel anxious but still somewhat okay.,Medium,4.9,6.8,5.8,5.8,2.5,60.0
I'm dealing with some emotional pressure.,Medium,2.1,8.3,8.9,2.5,3.2,54.0
Today has its ups and downs.,Medium,1.9,5.3,7.4,2.1,1.2,60.0
Trying to balance everything is tiring.,Medium,4.8,6.6,6.3,5.0,2.0,64.0
I feel anxious but still somewhat okay.,Medium,6.3,3.1,6.7,4.4,1.4,68.0
I need a break but I’ll keep going.,Medium,4.6,4.0,4.4,4.6,2.0,54.0
Things are stressing me out a bit.,Medium,2.2,8.3,4.6,4.3,1.5,48.0
I'm dealing with some emotional pressure.,Medium,1.1,6.5,4.7,4.9,1.4,40.0
Things are stressing me out a bit.,Medium,3.6,9.3,7.1,5.6,3.2,69.0
My stress level is moderate today.,Medium,7.3,6.1,4.9,4.8,3.3,50.0
I could use some rest from the workload.,Medium,5.8,4.7,5.0,3.7,0.6,65.0
"Not the best day, but not the worst either.",Medium,6.1,9.3,4.5,4.2,0.9,67.0
Some days are tough but I push myself.,Medium,3.8,7.4,8.3,5.8,2.2,66.0
I need a break but I’ll keep going.,Medium,6.7,5.0,6.5,4.7,3.2,55.0
I feel pressure but I'm trying to stay strong.,Medium,3.2,6.7,4.5,5.0,2.8,61.0
Today has its ups and downs.,Medium,2.6,8.3,8.8,4.2,2.7,44.0
Trying to stay positive despite difficulties.,Medium,6.2,6.4,5.7,3.6,3.4,56.0
I’m worried about deadlines but managing.,Medium,4.9,3.4,4.6,3.2,2.2,43.0
A few things are bothering me today.,Medium,1.8,5.1,8.9,1.8,1.3,53.0
I'm dealing with some emotional pressure.,Medium,5.3,6.4,4.5,5.6,1.7,58.0
I need a break but I’ll keep going.,Medium,7.0,5.3,8.2,4.8,1.1,48.0
I could use some rest from the workload.,Medium,4.3,9.4,6.8,2.8,1.7,49.0
I feel pressure but I'm trying to stay strong.,Medium,3.5,3.3,6.8,4.7,0.8,46.0
Some days are tough but I push myself.,Medium,6.9,7.7,4.2,3.5,1.8,40.0
A few things are bothering me today.,Medium,2.7,7.6,5.6,3.9,1.4,68.0
I need a break but I’ll keep going.,Medium,7.0,6.4,7.7,4.2,2.2,45.0
My stress level is moderate today.,Medium,4.9,8.7,5.0,3.7,3.2,56.0
Trying to balance everything is tiring.,Medium,2.5,4.0,5.0,2.1,1.6,51.0
Trying to stay positive despite difficulties.,Medium,7.6,3.2,5.0,1.5,1.8,46.0
A few things are bothering me today.,Medium,6.1,8.1,7.3,4.0,1.9,65.0
Things are stressing me out a bit.,Medium,3.0,3.3,7.0,4.3,2.1,59.0
A few things are bothering me today.,Medium,2.7,9.7,4.3,3.2,3.0,50.0
I’m worried about deadlines but managing.,Medium,1.7,6.4,6.4,5.6,3.2,63.0
I could use some rest from the workload.,Medium,3.8,8.3,8.8,3.0,0.7,69.0
I feel pressure but I'm trying to stay strong.,Medium,4.5,8.7,5.5,1.5,2.5,48.0
I feel a little stressed but I'm coping.,Medium,2.4,3.5,7.0,4.9,3.5,62.0
"Not the best day, but not the worst either.",Medium,1.4,6.0,5.5,5.5,2.8,63.0
My stress level is moderate today.,Medium,7.3,4.8,7.2,4.6,1.0,45.0
Trying to balance everything is tiring.,Medium,3.1,9.1,6.1,2.1,3.3,46.0
I’m worried about deadlines but managing.,Medium,7.1,4.8,4.1,4.7,2.6,50.0
I feel pressure but I'm trying to stay strong.,Medium,1.3,6.6,6.0,4.5,1.2,63.0
"Not the best day, but not the worst either.",Medium,4.5,5.9,5.8,4.9,2.2,56.0
I’m worried about deadlines but managing.,Medium,3.3,3.9,6.0,3.3,2.8,57.0
Things are stressing me out a bit.,Medium,1.6,7.0,6.5,2.2,3.1,67.0
Trying to balance everything is tiring.,Medium,3.2,3.8,7.2,3.8,1.4,54.0
My stress level is moderate today.,Medium,2.8,5.2,5.8,1.4,1.5,41.0
Today has its ups and downs.,Medium,2.7,6.2,7.9,1.2,1.7,44.0
I could use some rest from the workload.,Medium,6.4,9.1,8.9,5.7,2.1,43.0
Trying to stay positive despite difficulties.,Medium,2.0,6.3,8.9,4.8,0.5,44.0
I could use some rest from the workload.,Medium,4.6,5.4,7.9,4.8,1.5,50.0
Some days are tough but I push myself.,Medium,3.7,8.8,8.5,4.6,1.9,69.0
My stress level is moderate today.,Medium,3.1,7.1,8.7,2.1,2.1,50.0
Some days are tough but I push myself.,Medium,7.2,6.6,4.2,1.3,3.2,44.0
A few things are bothering me today.,Medium,3.8,9.9,6.2,3.8,0.6,47.0
I feel a little stressed but I'm coping.,Medium,1.1,3.4,5.4,3.0,2.1,67.0
I could use some rest from the workload.,Medium,4.1,3.4,8.0,3.6,3.1,58.0
Some days are tough but I push myself.,Medium,6.4,7.8,8.5,4.3,1.1,48.0
Some days are tough but I push myself.,Medium,6.9,4.5,5.0,4.0,3.1,67.0
Things are stressing me out a bit.,Medium,4.9,9.2,7.7,4.1,0.6,60.0
A few things are bothering me today.,Medium,4.9,8.4,5.4,5.4,0.7,59.0
My stress level is moderate today.,Medium,1.5,5.9,8.8,1.9,0.7,48.0
I feel pressure but I'm trying to stay strong.,Medium,1.8,6.5,8.4,4.1,0.6,48.0
Trying to balance everything is tiring.,Medium,5.5,5.1,7.1,2.3,1.5,47.0
Some days are tough but I push myself.,Medium,2.1,3.4,6.9,2.5,0.8,48.0
Things are stressing me out a bit.,Medium,3.7,9.3,5.2,5.0,2.8,44.0
A few things are bothering me today.,Medium,4.5,4.9,6.7,2.4,1.5,40.0
I need a break but I’ll keep going.,Medium,2.5,7.3,7.9,3.1,0.7,65.0
Trying to balance everything is tiring.,Medium,5.9,4.7,6.2,1.1,0.7,40.0
Trying to stay positive despite difficulties.,Medium,5.5,5.5,5.4,5.6,1.5,52.0
I feel anxious but still somewhat okay.,Medium,7.1,3.2,8.2,4.0,2.7,60.0
My stress level is moderate today.,Medium,6.4,8.9,4.2,2.9,2.1,45.0
Things are stressing me out a bit.,Medium,3.7,5.2,8.0,4.1,1.6,68.0
Trying to balance everything is tiring.,Medium,5.8,7.0,8.2,2.2,2.2,44.0
My stress level is moderate today.,Medium,2.7,8.5,4.7,1.0,2.9,60.0
A few things are bothering me today.,Medium,5.3,3.5,8.8,3.4,1.4,55.0
Trying to stay positive despite difficulties.,Medium,5.6,8.3,6.3,3.6,2.3,59.0
"Not the best day, but not the worst either.",Medium,5.1,4.6,6.4,2.7,1.4,57.0
Some days are tough but I push myself.,Medium,6.9,7.1,4.7,5.1,1.7,40.0
I'm dealing with some emotional pressure.,Medium,4.5,3.9,8.8,2.7,1.8,62.0
Some days are tough but I push myself.,Medium,6.1,4.6,4.6,1.8,0.6,60.0
I could use some rest from the workload.,Medium,2.5,6.9,5.9,3.7,1.4,56.0
Trying to stay positive despite difficulties.,Medium,3.6,8.5,5.8,1.8,1.1,49.0
Trying to balance everything is tiring.,Medium,7.6,4.0,7.4,1.9,0.6,58.0
I feel a little stressed but I'm coping.,Medium,4.6,7.4,7.9,2.9,1.7,41.0
I feel pressure but I'm trying to stay strong.,Medium,4.2,5.3,4.4,1.7,1.7,62.0
My stress level is moderate today.,Medium,6.6,8.0,4.7,4.8,1.1,45.0
Trying to stay positive despite difficulties.,Medium,4.3,6.2,5.8,5.3,1.3,63.0
Trying to balance everything is tiring.,Medium,2.5,6.8,7.5,3.2,2.6,64.0
Trying to balance everything is tiring.,Medium,3.9,5.7,5.0,1.1,0.5,42.0
Some days are tough but I push myself.,Medium,4.6,9.9,4.1,1.3,1.0,41.0
Today has its ups and downs.,Medium,7.5,8.9,6.0,5.6,1.3,55.0
My stress level is moderate today.,Medium,2.3,7.5,6.5,2.0,2.6,55.0
"Not the best day, but not the worst either.",Medium,6.1,6.4,5.1,3.9,3.5,61.0
My stress level is moderate today.,Medium,7.8,3.5,4.6,4.7,3.2,67.0
Some days are tough but I push myself.,Medium,2.2,7.5,4.2,1.7,1.2,51.0
I’m worried about deadlines but managing.,Medium,1.8,5.4,7.1,4.2,3.5,60.0
I feel a little stressed but I'm coping.,Medium,5.3,8.1,5.0,4.2,3.4,42.0
Trying to stay positive despite difficulties.,Medium,3.1,8.5,7.1,5.3,2.0,41.0
Trying to stay positive despite difficulties.,Medium,3.3,9.5,5.2,4.9,0.8,68.0
"Not the best day, but not the worst either.",Medium,1.4,3.9,4.7,4.2,3.4,55.0
Trying to balance everything is tiring.,Medium,5.3,6.2,7.2,6.0,3.2,69.0
Trying to stay positive despite difficulties.,Medium,4.6,7.6,6.3,2.5,2.5,63.0
I'm dealing with some emotional pressure.,Medium,4.6,5.6,7.9,5.1,0.7,51.0
I feel a little stressed but I'm coping.,Medium,3.1,8.6,7.9,4.0,1.4,57.0
Today has its ups and downs.,Medium,2.8,3.7,8.3,5.5,0.6,54.0
I feel pressure but I'm trying to stay strong.,Medium,3.5,8.2,6.6,3.5,2.6,60.0
A few things are bothering me today.,Medium,3.9,5.3,8.0,6.0,2.6,67.0
Trying to balance everything is tiring.,Medium,7.6,5.6,4.3,2.7,2.9,40.0
I feel a little stressed but I'm coping.,Medium,1.8,9.9,5.5,4.7,3.1,60.0
Some days are tough but I push myself.,Medium,4.2,3.3,4.2,3.3,0.7,69.0
Things are stressing me out a bit.,Medium,4.7,7.1,5.0,5.6,2.4,69.0
I feel pressure but I'm trying to stay strong.,Medium,2.3,4.6,4.8,3.9,2.8,65.0
Things are stressing me out a bit.,Medium,1.8,8.6,4.1,3.5,2.0,54.0
Things are stressing me out a bit.,Medium,5.0,9.5,7.1,3.0,2.2,54.0
Trying to stay positive despite difficulties.,Medium,6.4,3.4,7.8,5.1,2.9,65.0
Some days are tough but I push myself.,Medium,2.5,4.9,6.4,5.7,1.7,41.0
My stress level is moderate today.,Medium,5.1,7.6,8.5,3.2,1.8,67.0
I need a break but I’ll keep going.,Medium,6.3,8.6,8.1,5.0,1.9,61.0
I feel anxious but still somewhat okay.,Medium,7.0,7.9,4.1,1.8,0.6,49.0
Things are stressing me out a bit.,Medium,3.2,5.4,5.7,1.1,2.2,46.0
I feel anxious but still somewhat okay.,Medium,7.8,3.5,4.9,3.0,0.9,63.0
I need a break but I’ll keep going.,Medium,6.8,9.6,7.3,4.2,3.0,41.0
"Not the best day, but not the worst either.",Medium,4.1,8.0,6.6,2.6,1.8,62.0
Today has its ups and downs.,Medium,3.5,4.0,5.7,3.6,2.0,58.0
I could use some rest from the workload.,Medium,6.1,6.8,4.2,3.8,1.1,41.0
Some days are tough but I push myself.,Medium,2.4,9.2,4.0,1.5,3.2,47.0
I feel a little stressed but I'm coping.,Medium,5.4,5.5,8.1,2.9,2.8,44.0
I feel anxious but still somewhat okay.,Medium,4.4,6.7,5.3,2.6,0.6,48.0
"Not the best day, but not the worst either.",Medium,4.0,3.8,5.1,3.4,2.8,65.0
Trying to balance everything is tiring.,Medium,2.3,8.8,6.1,4.7,1.9,66.0
Trying to balance everything is tiring.,Medium,2.5,4.9,5.6,5.9,1.2,51.0
My stress level is moderate today.,Medium,5.2,6.2,8.8,5.4,2.4,41.0
I'm dealing with some emotional pressure.,Medium,3.6,6.7,7.3,5.8,3.1,44.0
My stress level is moderate today.,Medium,6.6,8.1,6.2,3.5,1.9,48.0
A few things are bothering me today.,Medium,3.5,7.7,4.0,4.5,1.8,62.0
Things are stressing me out a bit.,Medium,4.6,9.5,5.2,1.8,2.4,63.0
Some days are tough but I push myself.,Medium,4.7,8.1,6.0,4.2,2.8,69.0
I feel a little stressed but I'm coping.,Medium,1.1,8.4,6.1,3.9,0.6,55.0
I feel anxious but still somewhat okay.,Medium,3.6,5.0,4.6,5.6,2.9,43.0
I feel anxious but still somewhat okay.,Medium,7.2,7.5,6.7,5.6,1.9,61.0
Today has its ups and downs.,Medium,7.6,9.7,8.1,5.2,0.8,60.0
Trying to stay positive despite difficulties.,Medium,1.4,7.9,5.2,4.4,2.1,62.0
Trying to stay positive despite difficulties.,Medium,6.3,9.0,7.6,3.3,2.1,49.0
My stress level is moderate today.,Medium,4.0,4.8,5.3,4.8,1.7,63.0
I could use some rest from the workload.,Medium,2.0,6.6,6.5,1.6,1.4,65.0
I’m worried about deadlines but managing.,Medium,6.2,6.5,4.9,1.4,2.2,51.0
I feel a little stressed but I'm coping.,Medium,1.9,9.7,7.4,1.1,2.7,54.0
"Not the best day, but not the worst either.",Medium,3.2,6.2,7.0,5.5,3.3,42.0
I’m worried about deadlines but managing.,Medium,6.0,9.2,5.2,4.9,1.7,63.0
My stress level is moderate today.,Medium,5.0,7.3,5.0,5.4,0.6,64.0
A few things are bothering me today.,Medium,6.4,6.3,6.6,6.0,1.5,42.0
Things are stressing me out a bit.,Medium,7.2,7.7,7.8,1.4,0.6,45.0
Trying to balance everything is tiring.,Medium,7.7,7.4,8.9,3.3,2.6,59.0
Today has its ups and downs.,Medium,4.0,3.7,8.7,3.7,3.3,43.0
Trying to stay positive despite difficulties.,Medium,4.7,9.2,6.1,3.2,1.7,53.0
Things are stressing me out a bit.,Medium,1.2,4.1,7.8,1.3,3.1,58.0
I need a break but I’ll keep going.,Medium,5.6,3.6,8.9,1.6,2.6,64.0
I'm dealing with some emotional pressure.,Medium,7.8,7.1,7.9,5.9,2.9,56.0
I could use some rest from the workload.,Medium,1.8,6.5,8.9,1.3,2.6,46.0
I feel pressure but I'm trying to stay strong.,Medium,6.9,4.4,5.7,4.0,3.4,58.0
A few things are bothering me today.,Medium,7.3,7.4,5.5,5.2,3.1,41.0
Trying to balance everything is tiring.,Medium,2.7,4.3,5.7,4.1,3.2,48.0
I need a break but I’ll keep going.,Medium,2.3,9.8,8.5,3.6,1.9,57.0
I feel pressure but I'm trying to stay strong.,Medium,4.1,8.1,6.8,1.7,2.9,63.0
I’m worried about deadlines but managing.,Medium,5.2,7.2,8.2,4.9,1.1,43.0
Today has its ups and downs.,Medium,5.8,4.2,5.1,3.0,1.4,44.0
"Not the best day, but not the worst either.",Medium,2.4,5.8,6.5,5.2,2.2,48.0
Trying to balance everything is tiring.,Medium,7.8,3.1,6.5,4.0,3.2,68.0
Some days are tough but I push myself.,Medium,2.7,4.9,8.2,3.8,3.0,68.0
My stress level is moderate today.,Medium,1.2,7.9,5.5,3.3,0.5,48.0
I'm dealing with some emotional pressure.,Medium,7.7,5.0,4.4,2.5,3.4,62.0
"Not the best day, but not the worst either.",Medium,5.4,3.5,4.3,4.8,2.9,57.0
I could use some rest from the workload.,Medium,2.0,9.4,5.6,2.3,3.3,60.0
Some days are tough but I push myself.,Medium,7.6,8.7,5.2,5.1,1.6,52.0
Some days are tough but I push myself.,Medium,4.0,6.6,7.8,5.2,0.6,47.0
I could use some rest from the workload.,Medium,1.4,9.2,4.6,2.0,3.4,67.0
I feel pressure but I'm trying to stay strong.,Medium,1.3,5.6,6.8,4.7,2.7,66.0
I need a break but I’ll keep going.,Medium,6.4,9.2,4.6,3.8,1.8,53.0
Some days are tough but I push myself.,Medium,5.5,6.0,8.7,2.3,1.3,65.0
I’m worried about deadlines but managing.,Medium,4.2,7.0,5.8,3.7,2.3,63.0
Today has its ups and downs.,Medium,4.8,5.1,6.8,4.1,0.7,55.0
My stress level is moderate today.,Medium,4.8,6.7,5.1,2.8,0.7,54.0
Trying to stay positive despite difficulties.,Medium,3.6,6.5,5.8,5.8,2.0,49.0
I feel a little stressed but I'm coping.,Medium,5.1,7.2,8.4,3.9,2.7,68.0
Trying to stay positive despite difficulties.,Medium,1.6,8.0,6.9,1.3,2.9,69.0
I feel anxious but still somewhat okay.,Medium,3.6,9.1,5.6,4.8,0.8,43.0
I feel pressure but I'm trying to stay strong.,Medium,7.6,8.1,4.7,4.1,3.1,51.0
Things are stressing me out a bit.,Medium,5.3,9.0,7.3,1.9,2.8,56.0
I feel a little stressed but I'm coping.,Medium,7.4,4.7,8.1,5.3,2.2,41.0
I feel pressure but I'm trying to stay strong.,Medium,7.1,9.9,4.5,5.6,3.1,61.0
Trying to balance everything is tiring.,Medium,4.5,5.2,4.8,3.0,2.4,57.0
I feel a little stressed but I'm coping.,Medium,5.3,8.4,4.8,2.8,1.3,50.0
Today has its ups and downs.,Medium,6.2,6.8,5.9,5.1,3.0,53.0
My stress level is moderate today.,Medium,6.7,8.1,4.5,4.2,2.2,61.0
I’m worried about deadlines but managing.,Medium,2.6,5.8,5.2,1.2,2.9,47.0
I’m worried about deadlines but managing.,Medium,3.2,8.4,4.3,5.8,1.5,56.0
Today has its ups and downs.,Medium,3.5,4.8,6.5,4.9,2.9,51.0
Trying to balance everything is tiring.,Medium,6.8,9.9,5.7,4.3,2.2,64.0
I’m worried about deadlines but managing.,Medium,6.1,6.0,7.9,4.7,3.3,51.0
A few things are bothering me today.,Medium,7.1,6.9,7.8,2.0,1.6,58.0
"Not the best day, but not the worst either.",Medium,2.9,7.0,6.5,2.6,2.4,60.0
"Not the best day, but not the worst either.",Medium,2.7,3.8,8.5,3.0,0.5,50.0
I could use some rest from the workload.,Medium,4.9,8.0,8.8,1.9,2.0,51.0
Trying to stay positive despite difficulties.,Medium,5.1,8.6,5.7,3.1,2.0,61.0
My stress level is moderate today.,Medium,7.3,8.1,6.6,2.8,0.8,54.0
Trying to stay positive despite difficulties.,Medium,4.3,5.1,5.0,1.3,3.2,67.0
Trying to stay positive despite difficulties.,Medium,5.2,4.3,7.1,1.9,1.0,56.0
I feel a little stressed but I'm coping.,Medium,6.5,8.4,8.4,3.9,1.2,65.0
Trying to balance everything is tiring.,Medium,5.3,5.6,5.4,2.4,2.9,51.0
I feel a little stressed but I'm coping.,Medium,6.7,8.1,8.3,5.6,3.2,52.0
Trying to stay positive despite difficulties.,Medium,7.3,8.6,6.5,2.0,0.7,53.0
Trying to balance everything is tiring.,Medium,1.6,6.7,6.7,1.0,2.1,55.0
Trying to stay positive despite difficulties.,Medium,1.6,5.0,5.9,5.4,1.3,48.0
I feel anxious but still somewhat okay.,Medium,4.0,7.7,5.5,3.2,2.9,44.0
My stress level is moderate today.,Medium,2.6,9.1,4.0,1.1,2.8,60.0
Trying to stay positive despite difficulties.,Medium,6.0,3.5,5.7,2.8,3.5,53.0
I'm dealing with some emotional pressure.,Medium,7.1,5.1,7.4,1.9,0.7,57.0
I feel anxious but still somewhat okay.,Medium,1.2,6.9,8.0,2.9,3.4,51.0
Trying to stay positive despite difficulties.,Medium,3.2,3.8,8.5,1.4,1.8,44.0
My stress level is moderate today.,Medium,4.8,4.7,4.8,1.1,2.4,63.0
Trying to balance everything is tiring.,Medium,4.6,8.8,8.0,2.0,0.6,68.0
"Not the best day, but not the worst either.",Medium,1.6,3.8,7.7,5.5,1.8,50.0
Some days are tough but I push myself.,Medium,3.7,8.7,4.7,6.0,3.3,62.0
I'm dealing with some emotional pressure.,Medium,4.8,6.2,6.9,5.6,2.6,69.0
"Not the best day, but not the worst either.",Medium,5.1,6.3,7.0,3.4,1.6,57.0
"Not the best day, but not the worst either.",Medium,7.1,6.9,4.2,2.8,1.0,57.0
Today has its ups and downs.,Medium,6.3,4.4,5.0,4.2,1.6,50.0
Trying to balance everything is tiring.,Medium,2.0,8.2,7.0,4.4,2.3,45.0
I feel a little stressed but I'm coping.,Medium,5.2,8.2,5.1,5.7,3.1,68.0
I feel anxious but still somewhat okay.,Medium,7.1,7.7,6.5,3.2,3.2,51.0
I could use some rest from the workload.,Medium,2.0,3.6,5.9,1.8,1.2,49.0
Trying to balance everything is tiring.,Medium,5.6,8.0,4.1,3.1,1.8,64.0
A few things are bothering me today.,Medium,5.7,8.3,7.8,2.5,2.9,66.0
My stress level is moderate today.,Medium,6.9,9.7,7.8,5.8,1.9,62.0
Today has its ups and downs.,Medium,6.5,7.8,8.0,4.2,3.4,47.0
Trying to stay positive despite difficulties.,Medium,4.5,3.6,7.7,2.6,1.1,61.0
Today has its ups and downs.,Medium,5.6,9.7,5.7,3.4,2.6,57.0
Today has its ups and downs.,Medium,4.1,9.9,8.5,2.4,2.5,67.0
Things are stressing me out a bit.,Medium,5.2,5.1,8.7,5.4,3.2,47.0
I'm dealing with some emotional pressure.,Medium,3.5,9.7,6.9,3.9,1.6,63.0
I feel a little stressed but I'm coping.,Medium,2.7,6.5,4.3,4.9,3.5,64.0
Trying to stay positive despite difficulties.,Medium,2.8,3.4,4.8,5.3,3.0,41.0
Things are stressing me out a bit.,Medium,1.3,3.8,8.7,1.3,2.6,58.0
I feel a little stressed but I'm coping.,Medium,7.7,8.1,7.3,1.3,1.8,42.0
Things are stressing me out a bit.,Medium,7.4,3.9,6.9,3.4,1.4,65.0
Things are stressing me out a bit.,Medium,5.2,7.2,7.7,3.4,0.9,43.0
I'm dealing with some emotional pressure.,Medium,3.7,5.2,6.7,1.9,2.5,54.0
I could use some rest from the workload.,Medium,4.2,9.3,8.1,4.7,1.8,61.0
I feel pressure but I'm trying to stay strong.,Medium,1.2,5.8,6.4,3.5,2.7,43.0
I feel pressure but I'm trying to stay strong.,Medium,1.6,5.6,8.0,2.3,1.5,66.0
Things are stressing me out a bit.,Medium,7.1,7.5,5.7,2.0,2.7,60.0
My stress level is moderate today.,Medium,5.6,5.4,4.8,3.9,2.7,59.0
My stress level is moderate today.,Medium,1.8,4.8,7.7,4.2,3.2,46.0
I feel anxious but still somewhat okay.,Medium,2.3,7.9,7.2,4.1,0.9,54.0
I’m worried about deadlines but managing.,Medium,7.6,6.3,6.6,2.3,2.5,44.0
I could use some rest from the workload.,Medium,3.7,7.3,8.1,1.7,1.5,43.0
Things are stressing me out a bit.,Medium,5.1,5.5,5.2,2.5,1.6,43.0
A few things are bothering me today.,Medium,7.0,3.9,7.8,5.6,2.8,61.0
I'm dealing with some emotional pressure.,Medium,4.5,9.7,6.6,4.7,1.8,59.0
Trying to stay positive despite difficulties.,Medium,1.4,3.3,8.6,3.4,2.3,66.0
Trying to balance everything is tiring.,Medium,5.2,4.7,4.1,3.2,2.4,68.0
Trying to balance everything is tiring.,Medium,1.1,5.2,4.5,1.8,3.1,58.0
Trying to stay positive despite difficulties.,Medium,3.9,4.3,8.8,2.8,1.7,67.0
I’m worried about deadlines but managing.,Medium,5.6,8.0,6.6,5.4,2.8,40.0
I’m worried about deadlines but managing.,Medium,6.9,8.0,7.8,4.9,2.7,42.0
Some days are tough but I push myself.,Medium,4.5,3.3,6.3,5.4,1.9,61.0
Today has its ups and downs.,Medium,6.6,5.5,6.2,1.6,2.0,66.0
Trying to stay positive despite difficulties.,Medium,2.1,6.7,5.7,3.8,2.4,63.0
Trying to stay positive despite difficulties.,Medium,1.9,9.2,6.4,3.4,0.8,57.0
Trying to stay positive despite difficulties.,Medium,7.6,6.8,4.2,2.6,3.1,49.0
Some days are tough but I push myself.,Medium,5.3,7.6,8.2,3.1,0.6,48.0
I’m worried about deadlines but managing.,Medium,1.6,7.5,4.3,1.6,0.7,51.0
I feel anxious but still somewhat okay.,Medium,4.8,3.1,4.4,1.2,0.8,59.0
A few things are bothering me today.,Medium,1.7,4.4,5.3,3.2,2.5,56.0
I need a break but I’ll keep going.,Medium,7.7,6.8,9.0,3.7,1.2,66.0
I need a break but I’ll keep going.,Medium,4.6,6.5,6.8,1.0,0.8,64.0
A few things are bothering me today.,Medium,3.5,8.6,8.3,1.5,1.5,69.0
Today has its ups and downs.,Medium,3.4,9.7,8.1,4.0,1.8,50.0
Things are stressing me out a bit.,Medium,4.8,8.1,8.2,1.8,1.6,41.0
Trying to balance everything is tiring.,Medium,4.1,5.8,8.2,3.5,2.5,46.0
Some days are tough but I push myself.,Medium,5.0,5.4,7.0,1.9,2.2,63.0
I feel a little stressed but I'm coping.,Medium,2.4,9.2,6.2,3.3,0.9,66.0
I feel anxious but still somewhat okay.,Medium,4.5,5.8,5.9,2.4,2.0,64.0
Trying to stay positive despite difficulties.,Medium,7.2,3.7,6.8,1.6,0.5,57.0
Trying to stay positive despite difficulties.,Medium,5.5,7.0,5.0,3.6,1.6,40.0
Trying to stay positive despite difficulties.,Medium,2.9,7.9,6.2,4.1,1.8,59.0
I’m worried about deadlines but managing.,Medium,1.9,3.0,8.3,4.0,0.6,59.0
Some days are tough but I push myself.,Medium,6.3,3.8,6.6,3.6,1.2,55.0
I feel pressure but I'm trying to stay strong.,Medium,5.3,3.1,6.3,5.9,0.9,50.0
A few things are bothering me today.,Medium,6.8,6.1,6.7,6.0,0.5,48.0
Trying to stay positive despite difficulties.,Medium,6.9,7.7,6.1,4.0,2.9,53.0
I need a break but I’ll keep going.,Medium,2.8,4.6,4.1,1.9,1.8,62.0
A few things are bothering me today.,Medium,4.3,9.2,7.2,5.8,0.8,56.0
Some days are tough but I push myself.,Medium,2.0,9.6,7.4,3.2,3.5,61.0
Trying to balance everything is tiring.,Medium,3.4,3.9,8.7,4.8,3.3,59.0
I need a break but I’ll keep going.,Medium,2.6,9.1,5.2,4.7,0.8,48.0
Today has its ups and downs.,Medium,6.4,7.8,4.1,1.2,2.9,50.0
I need a break but I’ll keep going.,Medium,7.2,7.8,4.3,5.4,1.9,62.0
I feel a little stressed but I'm coping.,Medium,5.9,5.7,6.4,1.8,3.1,66.0
I feel a little stressed but I'm coping.,Medium,4.7,3.3,6.2,5.8,1.7,44.0
I’m worried about deadlines but managing.,Medium,5.4,6.5,6.4,4.2,2.3,64.0
Some days are tough but I push myself.,Medium,2.3,6.7,4.7,3.7,1.9,47.0
I feel a little stressed but I'm coping.,Medium,2.3,9.4,8.7,4.4,0.9,45.0
My stress level is moderate today.,Medium,5.6,4.0,4.5,5.4,2.1,63.0
I feel pressure but I'm trying to stay strong.,Medium,1.2,4.9,5.7,1.8,0.9,53.0
Things are stressing me out a bit.,Medium,5.9,8.2,6.2,3.6,2.3,64.0
Some days are tough but I push myself.,Medium,2.8,6.5,8.1,3.6,2.7,50.0
Trying to balance everything is tiring.,Medium,2.2,8.0,6.4,4.2,2.6,55.0
"No signs of stress, I'm doing great.",Low,7.7,8.9,4.5,3.9,2.2,23.0
I feel emotionally stable and light.,Low,3.7,6.2,5.8,5.7,3.4,13.0
I’m enjoying my day with no stress.,Low,6.0,9.3,8.1,3.0,2.4,5.0
I’m enjoying my day with no stress.,Low,7.8,7.2,7.2,2.0,2.9,3.0
Everything feels so peaceful today.,Low,1.6,6.8,6.9,5.9,1.2,38.0
Life feels smooth and peaceful today.,Low,1.4,9.6,8.5,2.6,2.2,29.0
I feel relaxed and calm today.,Low,2.2,5.3,8.0,3.3,0.9,0.0
"No signs of stress, I'm doing great.",Low,6.1,8.7,4.3,5.2,1.3,17.0
I feel relaxed and calm today.,Low,6.8,6.1,5.3,1.4,1.6,7.0
Life feels smooth and peaceful today.,Low,7.0,4.0,7.6,4.2,2.3,7.0
Everything feels so peaceful today.,Low,6.3,5.8,8.8,5.0,0.8,20.0
Just chilling and enjoying life.,Low,7.4,5.5,6.1,1.6,2.4,26.0
I’m enjoying my day with no stress.,Low,2.2,9.3,5.2,3.1,1.7,6.0
I’m enjoying my day with no stress.,Low,3.1,8.5,6.3,4.4,1.3,27.0
"No signs of stress, I'm doing great.",Low,5.8,4.9,8.1,4.1,1.3,18.0
Everything is under control.,Low,7.4,7.9,5.9,2.4,2.0,18.0
I am grateful for how things are going.,Low,6.6,7.2,7.3,5.0,2.1,5.0
Just chilling and enjoying life.,Low,3.3,8.2,8.8,4.5,2.8,33.0
"No signs of stress, I'm doing great.",Low,3.3,9.4,4.8,4.0,1.1,31.0
I feel great mentally and physically.,Low,2.4,5.2,7.9,3.9,2.9,16.0
I am grateful for how things are going.,Low,2.4,9.9,5.3,4.9,1.9,30.0
"No worries, just peace and happiness.",Low,5.2,9.7,8.4,5.0,2.2,5.0
I feel great mentally and physically.,Low,2.6,8.0,4.7,2.4,0.6,25.0
Life feels smooth and peaceful today.,Low,2.8,4.6,7.5,4.5,1.4,0.0
Feeling positive and mentally free.,Low,1.3,6.6,5.5,1.4,2.2,10.0
Feeling positive and mentally free.,Low,5.3,4.5,6.1,3.2,1.5,28.0
I’m enjoying my day with no stress.,Low,3.2,8.6,7.5,4.8,2.1,13.0
"No worries, just peace and happiness.",Low,6.7,5.9,6.0,4.4,0.6,10.0
I feel emotionally stable and light.,Low,3.4,5.6,8.3,6.0,1.6,14.0
Everything feels so peaceful today.,Low,6.9,4.1,6.8,4.1,2.8,7.0
Today has been refreshing and joyful.,Low,5.5,5.0,7.7,5.1,1.3,29.0
Everything feels so peaceful today.,Low,7.6,5.3,8.8,1.9,1.5,3.0
Feeling completely tension‑free today.,Low,1.6,4.7,7.4,2.6,3.2,8.0
"No worries, just peace and happiness.",Low,3.3,9.1,8.8,3.7,1.6,36.0
Feeling completely tension‑free today.,Low,2.5,9.3,7.6,3.4,2.7,36.0
I’m enjoying my day with no stress.,Low,4.7,5.5,6.6,1.2,1.3,7.0
I feel great mentally and physically.,Low,2.2,8.3,7.0,3.2,1.3,1.0
I am grateful for how things are going.,Low,2.3,4.7,6.6,1.5,1.7,17.0
I feel emotionally stable and light.,Low,5.7,6.4,6.7,6.0,3.4,20.0
Mentally strong and confident.,Low,4.4,7.5,8.1,1.5,3.4,5.0
Feeling positive and mentally free.,Low,2.7,5.8,4.7,5.3,3.2,14.0
"No worries, just peace and happiness.",Low,2.5,7.2,8.5,5.9,3.1,0.0
Life feels smooth and peaceful today.,Low,1.8,4.7,6.1,5.7,2.6,24.0
I’m enjoying my day with no stress.,Low,7.5,5.9,5.9,3.3,1.1,4.0
I feel great mentally and physically.,Low,3.5,8.7,8.4,4.9,1.3,17.0
Feeling positive and mentally free.,Low,3.5,7.9,5.3,5.9,1.7,26.0
Feeling completely tension‑free today.,Low,2.9,9.5,6.8,4.4,1.8,13.0
Just chilling and enjoying life.,Low,7.5,3.3,6.5,3.3,2.1,30.0
I feel emotionally stable and light.,Low,3.0,6.8,4.4,2.7,1.2,19.0
"No worries, just peace and happiness.",Low,6.8,4.4,8.9,2.4,1.1,37.0
I am grateful for how things are going.,Low,7.3,4.8,7.6,5.9,0.9,27.0
Just chilling and enjoying life.,Low,6.8,3.9,8.8,2.7,2.0,7.0
Today has been refreshing and joyful.,Low,4.4,7.6,8.0,1.9,2.3,4.0
Everything feels so peaceful today.,Low,7.9,8.1,6.5,3.9,1.8,6.0
I am grateful for how things are going.,Low,6.0,10.0,7.4,5.1,1.9,7.0
Everything is under control.,Low,3.9,9.2,4.8,3.3,2.4,8.0
Life feels smooth and peaceful today.,Low,4.1,5.0,4.2,5.5,2.4,26.0
Life feels smooth and peaceful today.,Low,6.6,8.1,6.5,2.9,2.6,35.0
I am grateful for how things are going.,Low,2.1,9.1,8.1,1.4,1.3,9.0
"No signs of stress, I'm doing great.",Low,1.5,6.9,7.1,1.6,3.2,33.0
I feel great mentally and physically.,Low,6.9,9.0,6.3,5.3,3.5,29.0
Mentally strong and confident.,Low,7.1,4.6,8.7,2.2,2.4,20.0
Just chilling and enjoying life.,Low,2.1,6.4,6.4,5.0,3.2,24.0
"No worries, just peace and happiness.",Low,3.3,5.3,7.9,2.9,0.9,4.0
Feeling positive and mentally free.,Low,3.6,6.7,8.1,2.8,1.9,31.0
Today has been refreshing and joyful.,Low,3.4,4.5,6.6,4.3,0.8,14.0
I feel great mentally and physically.,Low,5.1,9.3,7.3,1.2,3.1,8.0
I feel emotionally stable and light.,Low,7.8,5.5,7.0,2.1,1.4,36.0
I’m enjoying my day with no stress.,Low,6.6,3.8,7.1,6.0,1.1,33.0
Mentally strong and confident.,Low,3.4,6.9,6.0,1.2,1.0,23.0
Today has been refreshing and joyful.,Low,4.7,4.3,5.6,6.0,1.5,3.0
"No worries, just peace and happiness.",Low,6.7,7.7,7.0,3.3,2.5,38.0
Mentally strong and confident.,Low,6.8,4.7,6.6,2.1,2.5,31.0
Today has been refreshing and joyful.,Low,4.6,3.1,6.0,1.2,1.5,38.0
I am grateful for how things are going.,Low,7.6,7.3,4.1,2.3,2.7,24.0
I feel relaxed and calm today.,Low,1.4,4.2,6.5,4.3,2.1,2.0
Today has been refreshing and joyful.,Low,7.3,6.6,6.4,5.7,2.8,8.0
I feel emotionally stable and light.,Low,6.5,5.0,6.3,5.6,3.3,38.0
Just chilling and enjoying life.,Low,7.7,5.6,5.8,3.7,2.3,34.0
Life feels smooth and peaceful today.,Low,4.2,9.0,4.2,2.3,1.8,4.0
Life feels smooth and peaceful today.,Low,1.9,4.9,6.0,5.5,1.9,29.0
"No signs of stress, I'm doing great.",Low,2.4,5.9,7.2,2.6,1.8,8.0
Mentally strong and confident.,Low,3.7,7.7,5.9,4.3,1.9,8.0
Feeling positive and mentally free.,Low,2.0,6.7,5.1,3.3,0.5,29.0
Life feels smooth and peaceful today.,Low,5.2,5.8,8.9,5.6,1.5,25.0
Just chilling and enjoying life.,Low,1.3,5.7,6.9,5.0,2.6,39.0
Feeling completely tension‑free today.,Low,5.8,9.0,6.3,1.4,1.3,15.0
Feeling completely tension‑free today.,Low,6.0,3.2,6.5,2.3,2.5,13.0
I feel relaxed and calm today.,Low,4.0,4.4,7.6,4.4,2.5,8.0
Mentally strong and confident.,Low,2.6,3.4,7.3,2.1,2.5,3.0
Feeling positive and mentally free.,Low,5.3,3.8,4.9,2.1,2.6,17.0
Mentally strong and confident.,Low,6.2,8.0,7.0,5.0,0.9,29.0
"No worries, just peace and happiness.",Low,6.3,8.2,5.7,2.4,3.2,2.0
I feel relaxed and calm today.,Low,2.1,3.1,5.4,4.6,2.0,16.0
I am grateful for how things are going.,Low,4.7,8.6,6.1,2.4,0.8,35.0
Today has been refreshing and joyful.,Low,6.1,5.8,5.2,3.5,3.3,17.0
Mentally strong and confident.,Low,5.1,9.7,8.9,5.3,3.2,37.0
I feel relaxed and calm today.,Low,3.3,5.5,6.5,2.9,2.3,0.0
I am grateful for how things are going.,Low,5.6,5.0,5.8,2.7,2.8,30.0
Just chilling and enjoying life.,Low,4.6,9.2,9.0,2.3,2.5,35.0
Feeling completely tension‑free today.,Low,6.2,9.7,9.0,1.2,2.9,36.0
I am grateful for how things are going.,Low,1.4,8.6,6.9,4.7,1.0,8.0
"No worries, just peace and happiness.",Low,5.4,5.3,4.2,3.0,2.2,0.0
Today has been refreshing and joyful.,Low,7.6,5.3,4.6,3.3,0.5,22.0
Just chilling and enjoying life.,Low,3.0,6.4,5.0,5.1,0.9,37.0
I’m enjoying my day with no stress.,Low,6.8,9.5,6.5,3.8,2.4,34.0
Life feels smooth and peaceful today.,Low,5.6,7.5,6.5,3.2,1.3,28.0
"No worries, just peace and happiness.",Low,1.5,9.1,4.9,5.5,2.4,2.0
Today has been refreshing and joyful.,Low,6.0,7.1,4.9,2.9,1.8,20.0
"No worries, just peace and happiness.",Low,1.9,9.6,5.2,3.1,0.5,27.0
Everything is under control.,Low,2.7,6.3,6.8,1.3,3.1,28.0
I’m enjoying my day with no stress.,Low,1.4,8.6,7.2,2.5,2.6,26.0
Today has been refreshing and joyful.,Low,4.2,5.5,8.0,2.7,2.6,35.0
Mentally strong and confident.,Low,4.4,4.9,5.8,4.6,2.9,15.0
Feeling completely tension‑free today.,Low,1.7,6.4,4.2,2.0,1.9,9.0
I feel relaxed and calm today.,Low,2.2,4.2,7.7,5.8,1.1,30.0
I feel great mentally and physically.,Low,2.7,5.8,7.2,5.5,3.1,16.0
Everything feels so peaceful today.,Low,3.0,7.2,7.2,3.7,0.7,36.0
I feel relaxed and calm today.,Low,2.3,8.1,8.4,3.5,0.8,19.0
I feel relaxed and calm today.,Low,1.0,4.3,6.6,5.8,0.9,39.0
I feel relaxed and calm today.,Low,1.8,7.2,4.7,2.1,1.5,17.0
I feel great mentally and physically.,Low,2.4,3.6,4.5,4.1,2.0,16.0
I’m enjoying my day with no stress.,Low,6.6,7.5,6.0,3.0,2.3,12.0
Feeling completely tension‑free today.,Low,6.0,3.8,5.3,2.5,3.2,31.0
I am grateful for how things are going.,Low,6.4,5.6,7.2,3.9,1.5,22.0
Life feels smooth and peaceful today.,Low,4.8,5.9,7.3,5.3,1.4,17.0
"No worries, just peace and happiness.",Low,2.0,8.4,8.3,5.8,2.8,27.0
I feel emotionally stable and light.,Low,4.5,7.0,6.7,5.2,0.6,11.0
Feeling positive and mentally free.,Low,3.1,7.5,8.8,1.7,2.0,37.0
Life feels smooth and peaceful today.,Low,2.2,5.5,7.2,3.8,0.9,9.0
I feel relaxed and calm today.,Low,6.4,3.8,5.0,1.6,1.9,5.0
I feel relaxed and calm today.,Low,7.8,5.1,8.1,3.2,1.1,38.0
I feel relaxed and calm today.,Low,6.1,7.6,7.2,1.9,1.9,19.0
Just chilling and enjoying life.,Low,2.0,9.0,8.8,5.4,1.8,32.0
Feeling completely tension‑free today.,Low,6.3,9.0,5.5,3.2,1.8,20.0
Just chilling and enjoying life.,Low,5.6,4.6,7.3,3.6,1.7,16.0
Everything feels so peaceful today.,Low,4.7,4.9,5.3,2.3,3.2,37.0
Feeling positive and mentally free.,Low,4.3,4.1,7.0,3.1,1.7,14.0
Today has been refreshing and joyful.,Low,6.1,8.7,5.3,4.8,3.4,30.0
I feel emotionally stable and light.,Low,3.6,7.4,4.6,1.5,1.4,10.0
Everything feels so peaceful today.,Low,4.5,8.0,7.2,2.0,1.2,15.0
"No worries, just peace and happiness.",Low,6.5,7.0,7.8,2.2,2.3,36.0
I am grateful for how things are going.,Low,1.1,7.6,6.7,1.7,2.0,14.0
I’m enjoying my day with no stress.,Low,1.2,4.1,5.1,3.3,2.0,14.0
Today has been refreshing and joyful.,Low,2.2,7.6,5.7,3.1,0.9,1.0
I’m enjoying my day with no stress.,Low,1.1,6.0,7.0,4.8,3.3,11.0
I feel relaxed and calm today.,Low,5.3,7.3,7.8,2.0,2.0,11.0
I am grateful for how things are going.,Low,6.1,7.6,6.4,4.6,2.8,16.0
"No worries, just peace and happiness.",Low,4.8,4.5,7.1,5.0,1.9,2.0
I feel relaxed and calm today.,Low,5.5,3.7,4.8,3.8,1.0,17.0
Life feels smooth and peaceful today.,Low,5.2,7.0,5.7,4.6,1.2,22.0
Life feels smooth and peaceful today.,Low,2.9,5.0,4.1,3.7,3.3,26.0
Today has been refreshing and joyful.,Low,2.7,7.6,8.8,3.1,1.4,12.0
Just chilling and enjoying life.,Low,3.0,6.6,6.6,4.7,3.4,37.0
Everything is under control.,Low,3.1,3.1,6.7,2.0,1.9,10.0
I feel great mentally and physically.,Low,1.9,5.1,4.2,1.8,2.0,25.0
Just chilling and enjoying life.,Low,2.9,9.6,5.6,2.8,0.6,17.0
Just chilling and enjoying life.,Low,6.0,7.5,8.6,5.7,2.7,21.0
I feel emotionally stable and light.,Low,5.1,3.7,6.0,4.2,3.4,21.0
I feel emotionally stable and light.,Low,1.3,9.3,5.6,2.2,2.1,8.0
Just chilling and enjoying life.,Low,4.7,3.5,4.9,1.4,2.6,11.0
Life feels smooth and peaceful today.,Low,2.2,6.8,6.4,4.0,0.6,2.0
Life feels smooth and peaceful today.,Low,3.0,5.1,6.0,3.9,1.1,16.0
Today has been refreshing and joyful.,Low,2.1,6.0,6.8,4.0,3.3,7.0
Feeling completely tension‑free today.,Low,7.0,4.0,7.8,3.8,1.6,13.0
Today has been refreshing and joyful.,Low,2.7,3.3,6.1,2.1,2.1,16.0
"No worries, just peace and happiness.",Low,4.2,7.3,5.4,5.0,3.1,15.0
I’m enjoying my day with no stress.,Low,4.2,9.0,8.7,5.5,2.6,6.0
Mentally strong and confident.,Low,7.1,8.1,6.5,1.5,2.7,12.0
"No signs of stress, I'm doing great.",Low,6.1,8.9,8.8,2.4,3.4,24.0
"No worries, just peace and happiness.",Low,4.8,7.5,7.6,3.8,1.8,12.0
I feel emotionally stable and light.,Low,7.4,5.0,7.2,2.6,1.8,29.0
Mentally strong and confident.,Low,7.1,8.4,7.5,1.0,2.3,4.0
Feeling completely tension‑free today.,Low,7.2,9.1,7.6,2.4,2.7,17.0
I’m enjoying my day with no stress.,Low,5.9,8.5,5.4,4.8,2.2,28.0
"No worries, just peace and happiness.",Low,1.3,5.0,4.5,2.0,1.0,10.0
I am grateful for how things are going.,Low,4.0,9.2,5.2,3.5,1.6,21.0
"No signs of stress, I'm doing great.",Low,2.4,7.2,5.2,2.5,1.1,33.0
Today has been refreshing and joyful.,Low,7.6,4.6,5.8,4.5,2.7,23.0
Just chilling and enjoying life.,Low,1.3,9.2,8.1,1.7,1.4,14.0
I feel relaxed and calm today.,Low,2.6,3.9,6.0,2.1,2.1,17.0
I am grateful for how things are going.,Low,7.8,7.4,8.6,2.2,2.2,16.0
I feel emotionally stable and light.,Low,5.3,7.8,4.1,3.9,1.8,6.0
Mentally strong and confident.,Low,5.6,6.4,8.3,2.3,2.0,15.0
Today has been refreshing and joyful.,Low,3.7,8.7,7.6,3.3,1.4,13.0
I feel great mentally and physically.,Low,3.9,4.6,6.6,4.9,2.3,10.0
"No signs of stress, I'm doing great.",Low,2.1,4.9,8.7,1.8,0.8,1.0
Just chilling and enjoying life.,Low,1.6,9.1,5.8,2.3,2.1,7.0
I’m enjoying my day with no stress.,Low,6.6,5.4,6.4,4.9,0.9,22.0
Everything feels so peaceful today.,Low,2.7,9.0,5.0,3.9,1.6,27.0
Everything is under control.,Low,4.6,9.9,8.6,1.2,2.8,17.0
I feel emotionally stable and light.,Low,1.6,6.3,4.0,2.6,2.0,17.0
I am grateful for how things are going.,Low,7.7,6.8,7.4,5.3,2.3,6.0
I feel relaxed and calm today.,Low,1.2,4.0,8.1,2.3,3.4,16.0
"No signs of stress, I'm doing great.",Low,4.7,6.6,7.2,1.6,2.4,36.0
Feeling positive and mentally free.,Low,4.2,4.0,4.3,5.3,0.5,28.0
Everything is under control.,Low,3.0,4.3,6.9,1.2,3.1,23.0
Mentally strong and confident.,Low,2.9,4.2,4.5,3.6,0.9,23.0
Everything is under control.,Low,1.8,7.8,7.3,3.8,1.7,2.0
I feel relaxed and calm today.,Low,6.8,7.3,4.6,1.1,3.2,9.0
I’m enjoying my day with no stress.,Low,1.2,8.7,5.4,4.5,2.0,28.0
Mentally strong and confident.,Low,7.8,9.3,6.2,4.2,2.1,12.0
Everything is under control.,Low,4.5,7.8,8.4,5.0,1.5,23.0
Life feels smooth and peaceful today.,Low,5.7,5.5,4.9,5.8,3.0,3.0
Today has been refreshing and joyful.,Low,2.8,8.1,6.9,3.0,1.3,10.0
Feeling completely tension‑free today.,Low,1.9,4.2,5.6,4.6,2.2,13.0
Everything is under control.,Low,4.4,4.5,4.4,3.2,1.2,5.0
Everything is under control.,Low,4.9,9.8,6.3,5.9,2.2,4.0
Everything is under control.,Low,1.7,9.8,8.8,6.0,2.8,2.0
I’m enjoying my day with no stress.,Low,4.8,7.8,6.9,5.2,2.3,32.0
I’m enjoying my day with no stress.,Low,4.8,9.5,6.3,2.4,3.4,7.0
Today has been refreshing and joyful.,Low,2.5,4.7,5.4,3.5,3.2,4.0
I’m enjoying my day with no stress.,Low,1.7,3.5,8.9,4.1,2.7,7.0
Everything feels so peaceful today.,Low,7.5,4.8,8.3,1.1,2.3,2.0
I am grateful for how things are going.,Low,3.2,6.4,7.4,2.4,0.8,2.0
I feel relaxed and calm today.,Low,5.4,4.8,5.9,6.0,2.1,1.0
I feel great mentally and physically.,Low,5.6,8.0,7.3,4.2,3.3,18.0
I feel great mentally and physically.,Low,4.4,8.1,4.4,2.7,1.4,29.0
"No worries, just peace and happiness.",Low,4.8,4.9,4.2,1.3,2.5,33.0
Just chilling and enjoying life.,Low,5.0,6.7,4.6,1.2,2.3,9.0
I feel great mentally and physically.,Low,3.4,4.0,6.1,4.6,2.9,19.0
Mentally strong and confident.,Low,6.9,8.7,6.2,1.8,2.9,18.0
I feel emotionally stable and light.,Low,7.6,5.7,5.3,5.6,1.7,27.0
I feel emotionally stable and light.,Low,7.9,5.2,6.5,2.0,1.5,12.0
I am grateful for how things are going.,Low,4.9,9.4,7.1,4.9,1.4,19.0
I am grateful for how things are going.,Low,5.2,8.0,7.1,1.1,2.6,37.0
Mentally strong and confident.,Low,6.6,7.3,7.9,5.0,3.5,27.0
I feel great mentally and physically.,Low,4.7,3.9,7.0,3.0,2.4,9.0
Life feels smooth and peaceful today.,Low,1.7,8.2,4.9,2.6,2.3,13.0
Feeling completely tension‑free today.,Low,7.0,9.0,5.7,5.0,0.6,24.0
I feel relaxed and calm today.,Low,3.8,8.1,6.3,4.2,1.5,13.0
Mentally strong and confident.,Low,2.2,7.8,7.6,2.1,1.7,39.0
Everything is under control.,Low,6.4,7.5,7.9,4.0,2.4,22.0
I’m enjoying my day with no stress.,Low,3.8,7.3,7.9,4.7,0.9,9.0
I’m enjoying my day with no stress.,Low,7.3,6.9,5.1,1.2,3.3,23.0
I feel emotionally stable and light.,Low,1.9,5.8,7.3,5.3,1.3,38.0
Everything feels so peaceful today.,Low,2.4,7.8,4.3,4.9,2.6,23.0
Everything is under control.,Low,2.9,8.4,8.7,4.0,2.1,14.0
I am grateful for how things are going.,Low,7.3,10.0,4.5,1.7,3.2,3.0
Everything feels so peaceful today.,Low,2.3,7.8,5.4,5.0,2.3,29.0
"No worries, just peace and happiness.",Low,8.0,9.8,5.6,4.1,2.1,36.0
"No worries, just peace and happiness.",Low,2.5,7.0,4.5,2.1,0.6,19.0
I feel emotionally stable and light.,Low,7.4,4.3,6.7,5.3,1.3,28.0
"No worries, just peace and happiness.",Low,3.8,9.8,6.2,4.6,1.8,6.0
"No signs of stress, I'm doing great.",Low,6.6,6.3,7.4,2.0,1.0,13.0
I feel emotionally stable and light.,Low,5.0,4.4,7.0,4.8,2.6,6.0
I’m enjoying my day with no stress.,Low,7.9,9.4,4.3,5.8,1.6,39.0
Mentally strong and confident.,Low,4.0,4.6,7.4,3.2,1.6,32.0
Feeling completely tension‑free today.,Low,4.0,5.7,4.7,3.2,1.2,17.0
I am grateful for how things are going.,Low,1.4,6.7,8.6,1.7,2.9,6.0
Just chilling and enjoying life.,Low,5.9,9.3,8.8,3.4,0.7,7.0
Feeling completely tension‑free today.,Low,3.0,5.0,5.0,3.4,1.2,37.0
Just chilling and enjoying life.,Low,1.3,4.4,7.3,3.3,1.2,17.0
Today has been refreshing and joyful.,Low,3.6,6.1,6.3,5.9,3.0,1.0
Feeling completely tension‑free today.,Low,5.0,9.8,5.9,5.6,1.9,19.0
Everything is under control.,Low,7.8,7.9,4.0,5.8,3.4,22.0
Just chilling and enjoying life.,Low,6.5,8.5,7.5,3.8,2.3,27.0
Everything feels so peaceful today.,Low,1.7,8.7,8.0,2.7,1.7,36.0
I feel relaxed and calm today.,Low,1.5,3.9,5.7,2.5,2.4,8.0
Feeling positive and mentally free.,Low,4.8,4.6,8.1,2.7,3.4,32.0
Everything is under control.,Low,3.2,6.7,7.0,2.2,1.3,13.0
Feeling completely tension‑free today.,Low,1.2,8.7,6.3,2.3,3.0,3.0
I am grateful for how things are going.,Low,2.2,8.1,7.5,5.9,1.9,8.0
I am grateful for how things are going.,Low,4.5,6.2,8.3,5.8,2.7,29.0
Mentally strong and confident.,Low,1.9,3.0,7.5,3.9,2.6,35.0
I feel emotionally stable and light.,Low,6.0,7.2,4.2,1.9,1.6,13.0
Feeling completely tension‑free today.,Low,7.1,8.5,6.7,2.6,3.0,10.0
Today has been refreshing and joyful.,Low,2.2,6.1,7.7,3.0,3.2,35.0
Life feels smooth and peaceful today.,Low,4.4,4.8,4.9,5.3,0.6,20.0
Feeling positive and mentally free.,Low,5.2,7.2,5.8,2.4,1.6,38.0
Life feels smooth and peaceful today.,Low,5.3,7.3,6.4,3.3,3.4,17.0
"No worries, just peace and happiness.",Low,2.4,9.4,8.5,1.0,0.8,16.0
I am grateful for how things are going.,Low,6.9,4.7,6.1,4.7,0.9,37.0
I feel great mentally and physically.,Low,5.5,4.7,6.4,4.7,3.2,3.0
Feeling positive and mentally free.,Low,5.0,8.8,4.5,1.8,2.4,30.0
I am grateful for how things are going.,Low,2.7,9.7,7.2,4.7,1.5,39.0
Feeling positive and mentally free.,Low,4.3,6.3,6.8,5.1,1.7,25.0
Feeling completely tension‑free today.,Low,4.3,8.6,7.9,3.9,1.8,26.0
Everything feels so peaceful today.,Low,3.1,9.9,5.9,3.5,2.4,29.0
Just chilling and enjoying life.,Low,2.6,9.8,6.1,1.8,1.5,17.0
Everything feels so peaceful today.,Low,7.4,7.4,5.9,3.0,2.3,8.0
I’m enjoying my day with no stress.,Low,6.4,9.8,6.1,3.9,1.9,6.0
I’m enjoying my day with no stress.,Low,7.1,8.8,8.9,5.5,1.2,30.0
Just chilling and enjoying life.,Low,3.8,8.5,8.9,5.6,1.2,32.0
Life feels smooth and peaceful today.,Low,1.7,7.1,6.9,4.1,2.0,33.0
Feeling positive and mentally free.,Low,1.1,6.0,5.5,5.0,1.2,16.0
Everything is under control.,Low,6.2,4.0,6.7,2.2,3.1,20.0
Just chilling and enjoying life.,Low,2.7,4.2,6.6,4.6,1.4,12.0
I feel emotionally stable and light.,Low,3.8,6.2,4.6,2.0,0.7,12.0
"No worries, just peace and happiness.",Low,4.9,8.3,5.9,1.1,0.8,2.0
"No worries, just peace and happiness.",Low,1.8,9.1,7.0,1.0,1.5,23.0
"No worries, just peace and happiness.",Low,4.1,7.3,6.1,3.9,3.1,25.0
I am grateful for how things are going.,Low,5.5,9.2,8.5,4.5,3.3,36.0
Life feels smooth and peaceful today.,Low,4.6,8.3,4.2,2.2,3.0,23.0
Life feels smooth and peaceful today.,Low,6.2,8.2,4.3,5.4,1.9,13.0
Feeling positive and mentally free.,Low,2.6,4.3,8.3,3.8,3.0,26.0
I feel great mentally and physically.,Low,3.1,6.1,5.7,1.8,2.2,15.0
Everything feels so peaceful today.,Low,1.6,8.7,5.0,3.0,1.1,7.0
Everything is under control.,Low,5.6,5.8,4.3,2.1,0.7,10.0
I’m enjoying my day with no stress.,Low,5.0,8.0,5.8,5.1,3.4,33.0
"No signs of stress, I'm doing great.",Low,5.5,6.5,5.7,3.8,0.8,36.0
"No worries, just peace and happiness.",Low,3.3,9.1,7.8,3.4,0.8,7.0
I feel emotionally stable and light.,Low,3.2,9.5,6.4,2.3,2.5,36.0
Today has been refreshing and joyful.,Low,1.2,8.6,8.6,1.9,2.1,0.0
"No signs of stress, I'm doing great.",Low,4.1,5.0,6.0,3.7,2.9,29.0
I feel relaxed and calm today.,Low,6.5,9.7,7.5,2.9,2.5,16.0
I’m enjoying my day with no stress.,Low,3.9,4.7,6.5,5.9,1.8,29.0
Everything is under control.,Low,3.2,8.0,8.5,5.9,3.3,32.0
Feeling completely tension‑free today.,Low,4.0,9.3,8.8,1.2,3.1,32.0
"No signs of stress, I'm doing great.",Low,6.8,4.8,4.2,2.9,1.2,2.0
Today has been refreshing and joyful.,Low,1.4,3.9,6.7,2.9,0.8,12.0
Everything is under control.,Low,1.1,4.3,8.0,2.4,2.3,33.0
Today has been refreshing and joyful.,Low,2.2,8.5,8.7,1.2,2.7,22.0
I’m enjoying my day with no stress.,Low,6.6,8.3,8.6,2.9,2.9,39.0
I feel relaxed and calm today.,Low,1.8,4.6,6.5,5.7,2.4,22.0
Everything feels so peaceful today.,Low,2.6,6.3,5.5,4.5,2.8,29.0
I feel great mentally and physically.,Low,6.3,6.8,7.6,5.9,1.4,25.0
Everything feels so peaceful today.,Low,5.7,8.5,5.0,2.7,2.6,5.0
I feel relaxed and calm today.,Low,7.2,8.0,4.3,4.2,1.1,32.0
I feel relaxed and calm today.,Low,4.1,3.4,6.6,4.2,3.2,4.0
I feel emotionally stable and light.,Low,2.1,9.1,4.9,1.9,3.0,27.0
Feeling positive and mentally free.,Low,5.5,9.5,4.9,4.2,1.3,7.0
Everything feels so peaceful today.,Low,3.6,8.7,6.8,4.8,2.9,38.0
Feeling positive and mentally free.,Low,5.0,4.4,8.4,1.9,2.7,16.0
Just chilling and enjoying life.,Low,1.6,4.4,8.3,4.2,3.1,27.0
Just chilling and enjoying life.,Low,5.3,5.5,7.5,4.1,2.6,5.0
I feel relaxed and calm today.,Low,4.3,3.3,5.9,5.5,2.7,31.0
Feeling positive and mentally free.,Low,2.3,9.6,4.0,1.2,0.6,11.0
Just chilling and enjoying life.,Low,1.6,8.6,7.3,5.1,1.1,27.0
Everything feels so peaceful today.,Low,4.3,8.3,4.5,5.9,0.5,33.0
I feel relaxed and calm today.,Low,1.1,3.3,6.3,2.7,1.1,10.0
Feeling positive and mentally free.,Low,7.6,6.2,5.7,2.2,3.1,4.0
I feel emotionally stable and light.,Low,6.1,6.4,7.6,5.7,0.7,32.0
I am grateful for how things are going.,Low,4.9,3.1,5.6,4.4,3.1,33.0
Everything feels so peaceful today.,Low,6.4,7.8,7.5,4.8,2.7,29.0
I feel emotionally stable and light.,Low,5.8,7.3,7.2,5.4,0.5,6.0
Feeling positive and mentally free.,Low,6.7,3.2,7.8,4.6,1.8,22.0
Life feels smooth and peaceful today.,Low,1.2,8.2,7.2,4.4,3.0,6.0
"No worries, just peace and happiness.",Low,4.0,8.9,8.4,4.9,2.7,18.0
Everything feels so peaceful today.,Low,5.9,4.4,6.3,2.8,1.5,2.0
"No worries, just peace and happiness.",Low,3.6,8.8,5.0,1.6,1.9,29.0
Everything feels so peaceful today.,Low,2.8,6.6,4.7,5.7,1.6,0.0
I feel great mentally and physically.,Low,5.5,5.9,5.6,5.5,3.3,26.0
Today has been refreshing and joyful.,Low,3.1,6.0,4.1,3.4,3.0,16.0
"No signs of stress, I'm doing great.",Low,5.8,3.1,4.1,2.9,0.6,12.0
I feel relaxed and calm today.,Low,2.0,8.7,7.1,2.8,2.9,28.0
"No worries, just peace and happiness.",Low,5.1,9.8,8.2,4.3,2.6,2.0
I feel great mentally and physically.,Low,4.1,7.8,8.2,1.5,3.5,29.0
I feel great mentally and physically.,Low,5.0,8.5,8.5,2.1,1.5,36.0
Today has been refreshing and joyful.,Low,1.9,8.7,6.2,4.5,1.2,37.0
Feeling completely tension‑free today.,Low,1.6,9.7,5.4,5.2,3.5,0.0
"No signs of stress, I'm doing great.",Low,2.8,8.2,4.1,4.2,1.7,30.0
Mentally strong and confident.,Low,2.5,8.0,8.8,5.4,2.3,33.0
Just chilling and enjoying life.,Low,5.3,3.5,5.8,2.0,0.6,31.0
Today has been refreshing and joyful.,Low,6.1,9.4,4.2,4.9,2.2,36.0
Life feels smooth and peaceful today.,Low,4.2,7.1,8.9,5.5,2.5,33.0
"No worries, just peace and happiness.",Low,2.3,6.0,5.0,4.6,1.0,16.0
I feel relaxed and calm today.,Low,5.6,8.1,7.2,5.7,1.2,39.0
"No signs of stress, I'm doing great.",Low,6.3,8.9,4.7,3.3,3.4,21.0
Today has been refreshing and joyful.,Low,2.5,8.0,9.0,4.1,1.6,28.0
Feeling positive and mentally free.,Low,2.3,4.3,5.5,1.1,2.8,17.0
"No worries, just peace and happiness.",Low,3.9,9.6,6.7,5.6,1.0,34.0
I feel relaxed and calm today.,Low,2.7,6.5,7.8,5.9,3.4,33.0
Feeling completely tension‑free today.,Low,5.4,8.9,8.3,2.2,2.4,11.0
I’m enjoying my day with no stress.,Low,4.4,8.3,4.4,1.6,2.4,20.0
I feel great mentally and physically.,Low,6.8,4.8,7.9,6.0,0.6,33.0
Everything feels so peaceful today.,Low,1.0,4.9,8.9,5.7,2.5,33.0
Just chilling and enjoying life.,Low,1.4,4.1,6.6,5.3,2.5,18.0
I am grateful for how things are going.,Low,2.3,9.9,6.4,1.3,1.1,22.0
Everything feels so peaceful today.,Low,6.8,5.3,4.1,2.6,1.4,7.0
Today has been refreshing and joyful.,Low,2.5,7.5,8.3,4.6,1.9,9.0
I feel great mentally and physically.,Low,1.4,8.1,5.5,3.1,1.3,24.0
I feel great mentally and physically.,Low,1.3,7.3,8.4,1.9,2.0,21.0
Everything is under control.,Low,6.6,7.7,8.3,1.4,0.6,32.0
I’m enjoying my day with no stress.,Low,4.9,4.4,7.7,1.8,1.1,12.0
"No worries, just peace and happiness.",Low,3.5,8.3,4.1,4.8,2.4,17.0
Just chilling and enjoying life.,Low,4.2,7.3,8.8,1.7,3.1,27.0
I feel emotionally stable and light.,Low,7.4,8.4,7.0,2.9,2.2,25.0
I am grateful for how things are going.,Low,2.6,7.2,8.4,2.5,1.5,14.0
I am grateful for how things are going.,Low,1.9,3.1,5.4,3.5,2.7,14.0
Today has been refreshing and joyful.,Low,7.3,4.5,7.8,4.5,1.5,36.0
"No worries, just peace and happiness.",Low,2.0,4.2,8.2,4.0,1.0,8.0
Life feels smooth and peaceful today.,Low,1.8,7.9,6.8,3.9,1.0,7.0
Feeling positive and mentally free.,Low,7.7,5.8,4.0,3.9,0.5,11.0
Feeling completely tension‑free today.,Low,1.1,9.7,6.3,5.9,2.0,38.0
Today has been refreshing and joyful.,Low,7.2,7.8,5.5,3.9,3.0,0.0
I feel emotionally stable and light.,Low,1.8,6.4,5.3,4.0,0.8,29.0
Life feels smooth and peaceful today.,Low,5.1,3.0,7.4,5.5,2.1,22.0
I feel great mentally and physically.,Low,1.9,5.2,4.4,2.6,3.0,11.0
I feel emotionally stable and light.,Low,4.5,8.0,4.1,4.4,2.9,4.0
Mentally strong and confident.,Low,4.5,8.3,4.6,4.9,3.0,24.0
Feeling positive and mentally free.,Low,2.0,3.7,8.1,4.7,3.0,0.0
Life feels smooth and peaceful today.,Low,2.0,8.5,4.0,4.0,0.7,12.0
I feel emotionally stable and light.,Low,3.9,9.2,8.5,5.0,3.3,23.0
"No signs of stress, I'm doing great.",Low,6.7,5.1,7.6,4.4,0.5,30.0
I feel great mentally and physically.,Low,2.7,3.2,7.8,6.0,3.4,33.0
"No worries, just peace and happiness.",Low,6.1,9.4,5.3,4.5,0.5,29.0
Mentally strong and confident.,Low,5.6,9.8,6.7,1.5,0.8,32.0
Life feels smooth and peaceful today.,Low,7.3,8.7,7.5,3.2,1.1,24.0
Just chilling and enjoying life.,Low,8.0,8.4,7.3,3.1,3.4,33.0
I’m enjoying my day with no stress.,Low,6.8,4.6,4.3,2.1,2.7,9.0
"No signs of stress, I'm doing great.",Low,7.1,3.9,5.9,1.1,1.5,14.0
"No signs of stress, I'm doing great.",Low,3.3,5.9,7.5,2.8,1.4,17.0
Everything is under control.,Low,2.1,7.7,6.6,3.4,1.0,10.0
I feel emotionally stable and light.,Low,5.9,8.4,8.6,4.2,2.9,14.0
I feel relaxed and calm today.,Low,3.4,9.8,5.2,1.5,2.1,14.0
I feel emotionally stable and light.,Low,7.4,5.5,5.6,3.6,1.5,25.0
Everything is under control.,Low,5.0,5.7,7.3,5.8,2.4,26.0
I feel relaxed and calm today.,Low,4.0,8.6,7.4,2.3,2.5,21.0
Just chilling and enjoying life.,Low,5.5,6.9,6.2,3.9,0.9,5.0
Feeling positive and mentally free.,Low,5.6,9.3,5.8,1.1,2.2,14.0
I feel great mentally and physically.,Low,6.6,5.1,4.8,4.2,2.9,10.0
I feel emotionally stable and light.,Low,1.8,8.8,8.7,1.8,2.7,10.0
I’m enjoying my day with no stress.,Low,4.5,7.4,7.6,6.0,1.9,34.0
I feel relaxed and calm today.,Low,7.1,3.6,8.5,4.5,1.9,37.0
I feel relaxed and calm today.,Low,5.0,5.4,4.8,3.6,2.7,34.0
"No worries, just peace and happiness.",Low,2.3,6.4,8.3,4.7,2.6,14.0
I am grateful for how things are going.,Low,6.4,3.7,6.9,5.7,2.3,33.0
Today has been refreshing and joyful.,Low,5.9,7.1,8.6,5.3,0.8,31.0
Everything feels so peaceful today.,Low,5.3,8.8,7.4,4.3,1.1,31.0
Today has been refreshing and joyful.,Low,3.6,4.8,5.9,5.9,3.1,33.0
I am grateful for how things are going.,Low,7.5,4.7,5.5,4.6,1.5,14.0
I feel great mentally and physically.,Low,6.2,5.9,8.5,4.9,0.6,18.0
Feeling completely tension‑free today.,Low,7.5,7.2,7.8,1.9,2.7,2.0
"No worries, just peace and happiness.",Low,4.8,5.0,4.9,5.3,2.4,2.0
I feel great mentally and physically.,Low,6.8,3.0,8.0,2.2,1.1,6.0
Mentally strong and confident.,Low,4.7,7.7,7.7,5.0,1.2,39.0
I am grateful for how things are going.,Low,4.1,3.0,4.5,1.3,0.6,32.0
I feel emotionally stable and light.,Low,4.3,8.5,7.9,1.4,3.0,39.0
Mentally strong and confident.,Low,1.9,5.4,8.4,2.6,2.2,27.0
Today has been refreshing and joyful.,Low,2.2,8.0,6.4,4.0,0.5,19.0
Mentally strong and confident.,Low,5.3,7.7,8.2,2.2,1.9,8.0
Feeling positive and mentally free.,Low,7.1,6.5,4.0,3.4,3.1,3.0
Feeling completely tension‑free today.,Low,1.9,5.0,4.5,3.8,2.7,17.0
Life feels smooth and peaceful today.,Low,3.1,3.2,7.2,5.8,2.9,2.0
"No worries, just peace and happiness.",Low,7.7,5.8,7.0,4.1,1.3,0.0
Feeling positive and mentally free.,Low,5.5,8.1,8.3,4.5,2.8,24.0
Mentally strong and confident.,Low,5.4,3.9,7.7,5.6,3.1,4.0
Everything is under control.,Low,3.6,6.8,5.8,1.5,2.2,23.0
I am grateful for how things are going.,Low,7.4,6.6,4.7,4.8,2.5,39.0
Life feels smooth and peaceful today.,Low,5.8,8.7,5.6,4.4,0.9,38.0
"No worries, just peace and happiness.",Low,2.6,9.5,4.3,3.7,0.6,25.0
I feel relaxed and calm today.,Low,7.4,8.1,4.7,3.1,2.4,3.0
Feeling completely tension‑free today.,Low,4.2,7.4,6.3,2.8,0.7,23.0
I’m enjoying my day with no stress.,Low,2.9,5.9,5.6,4.7,2.3,1.0
"No worries, just peace and happiness.",Low,5.0,9.2,6.4,5.5,2.7,29.0
Life feels smooth and peaceful today.,Low,6.4,5.0,4.5,1.3,2.6,31.0
I am grateful for how things are going.,Low,3.3,6.2,5.4,4.2,2.9,30.0
Just chilling and enjoying life.,Low,7.8,7.1,6.6,4.8,0.6,8.0
Life feels smooth and peaceful today.,Low,2.0,5.8,7.5,2.9,1.2,7.0
Feeling positive and mentally free.,Low,6.5,8.3,7.8,4.5,2.3,4.0
Everything feels so peaceful today.,Low,7.0,4.5,4.7,3.0,0.7,13.0
I feel relaxed and calm today.,Low,5.3,3.6,5.1,1.6,2.6,15.0
Just chilling and enjoying life.,Low,3.9,4.4,6.4,5.9,2.9,18.0
Everything is under control.,Low,3.6,9.6,8.7,2.1,1.1,8.0
Mentally strong and confident.,Low,1.2,7.5,7.6,2.2,1.7,15.0
Everything is under control.,Low,1.9,3.7,7.6,5.0,0.9,10.0
Life feels smooth and peaceful today.,Low,5.8,5.5,8.6,2.0,2.0,0.0
I feel emotionally stable and light.,Low,7.2,5.4,8.2,5.2,1.9,27.0
Everything is under control.,Low,4.1,4.6,6.8,5.5,3.4,26.0
I feel great mentally and physically.,Low,6.5,3.8,6.1,3.9,2.1,19.0
Life feels smooth and peaceful today.,Low,7.6,5.3,5.6,3.4,1.6,29.0
Today has been refreshing and joyful.,Low,1.2,8.4,8.1,3.0,2.7,27.0
Everything feels so peaceful today.,Low,3.2,9.8,7.0,2.3,1.1,9.0
I feel relaxed and calm today.,Low,6.2,9.8,8.7,1.9,0.6,16.0
I feel great mentally and physically.,Low,4.8,4.9,5.5,4.7,1.4,31.0
I feel great mentally and physically.,Low,5.7,9.9,5.5,3.4,2.4,17.0
Everything is under control.,Low,5.7,3.3,6.4,4.7,3.0,28.0
"No worries, just peace and happiness.",Low,7.3,4.0,4.0,2.8,2.7,37.0
Everything is under control.,Low,5.2,3.4,7.9,2.7,2.1,2.0
Feeling completely tension‑free today.,Low,4.2,4.5,8.0,2.8,2.3,34.0
Today has been refreshing and joyful.,Low,3.7,3.7,8.9,3.4,2.4,32.0
Feeling completely tension‑free today.,Low,6.1,4.4,4.1,3.8,1.5,7.0
I feel emotionally stable and light.,Low,7.9,7.2,9.0,2.6,3.3,22.0
Mentally strong and confident.,Low,4.8,5.6,4.9,4.2,0.6,22.0
"No worries, just peace and happiness.",Low,6.4,6.5,6.7,5.5,2.2,34.0
Feeling positive and mentally free.,Low,7.7,9.0,5.4,5.0,2.5,3.0
I’m enjoying my day with no stress.,Low,6.5,9.9,5.3,5.3,0.8,18.0
Mentally strong and confident.,Low,5.2,8.0,5.0,1.8,2.2,28.0
Everything feels so peaceful today.,Low,7.3,8.7,4.3,5.3,2.2,20.0
I am grateful for how things are going.,Low,4.6,3.2,7.1,1.1,1.0,23.0
Everything is under control.,Low,3.5,7.2,4.7,3.0,2.2,15.0
I feel great mentally and physically.,Low,6.8,8.5,4.3,4.5,1.4,26.0
"No worries, just peace and happiness.",Low,2.0,4.0,8.2,1.3,2.9,2.0
I am grateful for how things are going.,Low,7.9,5.5,5.4,5.7,3.1,0.0
Everything feels so peaceful today.,Low,2.9,6.3,5.9,1.2,0.5,7.0
Today has been refreshing and joyful.,Low,2.4,8.2,4.4,4.9,1.9,10.0
Today has been refreshing and joyful.,Low,6.9,3.4,7.5,1.1,1.4,4.0
Mentally strong and confident.,Low,4.8,4.1,8.1,4.8,2.2,10.0
"No signs of stress, I'm doing great.",Low,4.4,3.7,4.8,4.5,2.9,1.0
"No worries, just peace and happiness.",Low,3.3,3.9,4.3,4.7,2.0,2.0
Feeling positive and mentally free.,Low,1.8,3.3,5.4,3.4,1.0,33.0
Mentally strong and confident.,Low,7.4,6.2,8.7,4.6,2.3,27.0
Today has been refreshing and joyful.,Low,3.4,8.6,4.9,4.0,1.4,30.0
Life feels smooth and peaceful today.,Low,7.6,8.6,6.7,5.1,3.3,11.0
Everything feels so peaceful today.,Low,4.1,9.2,7.7,3.6,2.7,30.0
Today has been refreshing and joyful.,Low,4.5,8.6,5.6,4.2,3.4,24.0
Life feels smooth and peaceful today.,Low,7.5,4.9,6.8,5.4,3.1,13.0
I feel relaxed and calm today.,Low,5.7,7.3,8.5,2.9,0.7,11.0
Feeling completely tension‑free today.,Low,1.2,6.3,4.8,3.8,0.6,37.0
I feel emotionally stable and light.,Low,6.1,6.0,4.7,3.6,2.5,14.0
I feel emotionally stable and light.,Low,2.0,4.2,8.1,1.5,1.8,9.0
I am grateful for how things are going.,Low,6.7,6.8,8.3,1.6,2.2,10.0
Just chilling and enjoying life.,Low,6.6,9.2,8.3,5.5,2.9,38.0
Just chilling and enjoying life.,Low,7.0,4.3,7.5,4.2,2.0,23.0
Life feels smooth and peaceful today.,Low,5.6,3.7,5.2,1.9,0.5,16.0
Just chilling and enjoying life.,Low,3.9,9.0,8.0,3.7,2.8,36.0
"No worries, just peace and happiness.",Low,3.8,3.2,4.3,5.7,1.6,2.0
"No signs of stress, I'm doing great.",Low,7.2,8.8,8.1,5.2,1.7,12.0
I feel great mentally and physically.,Low,5.8,8.8,5.1,2.5,0.7,21.0
I feel emotionally stable and light.,Low,6.3,3.4,6.9,3.9,0.9,37.0
I feel relaxed and calm today.,Low,1.5,8.2,5.0,5.6,0.6,15.0
Today has been refreshing and joyful.,Low,4.1,8.5,8.4,5.4,2.8,5.0
I am grateful for how things are going.,Low,2.8,7.1,7.7,1.7,1.2,33.0
"No worries, just peace and happiness.",Low,6.4,4.9,7.2,3.0,2.9,15.0
Mentally strong and confident.,Low,1.4,3.2,4.1,2.0,2.3,21.0
I feel great mentally and physically.,Low,2.9,7.2,8.0,5.9,1.5,12.0
Life feels smooth and peaceful today.,Low,6.5,7.5,4.1,2.5,1.7,2.0
"No worries, just peace and happiness.",Low,3.7,8.7,5.0,1.3,2.6,0.0
Mentally strong and confident.,Low,4.1,9.7,6.8,5.1,2.6,0.0
Everything is under control.,Low,1.6,7.0,6.3,4.7,2.8,12.0
I am grateful for how things are going.,Low,2.8,6.1,5.2,1.9,2.6,15.0
Today has been refreshing and joyful.,Low,7.7,8.7,4.5,2.6,3.1,24.0
I feel emotionally stable and light.,Low,3.6,5.7,5.2,4.8,2.8,0.0
I feel emotionally stable and light.,Low,6.2,9.5,7.8,4.6,0.5,19.0
Everything feels so peaceful today.,Low,4.8,3.3,7.7,3.5,0.6,13.0
Feeling completely tension‑free today.,Low,4.7,3.6,8.1,5.2,1.7,26.0
Everything is under control.,Low,4.5,3.0,8.5,4.9,2.3,8.0
Just chilling and enjoying life.,Low,2.1,6.1,6.9,4.3,3.1,18.0
Today has been refreshing and joyful.,Low,2.0,8.4,8.7,4.4,1.0,11.0
I am grateful for how things are going.,Low,7.6,7.9,7.6,2.8,1.1,13.0
Everything feels so peaceful today.,Low,3.0,6.7,6.3,2.1,1.7,30.0
Feeling completely tension‑free today.,Low,7.5,9.2,4.1,4.6,3.1,32.0
"No worries, just peace and happiness.",Low,4.2,6.7,5.3,2.1,3.3,39.0
Just chilling and enjoying life.,Low,6.5,5.0,8.1,1.3,2.5,33.0
I feel great mentally and physically.,Low,1.6,6.4,4.1,3.6,1.0,5.0
Everything is under control.,Low,4.3,3.6,8.4,1.5,0.6,28.0
"No worries, just peace and happiness.",Low,1.8,4.2,8.6,4.2,0.8,39.0
Life feels smooth and peaceful today.,Low,7.1,9.7,5.9,3.9,2.3,17.0
Life feels smooth and peaceful today.,Low,2.4,6.9,4.3,3.3,2.4,1.0
"No signs of stress, I'm doing great.",Low,4.3,5.1,5.3,4.4,1.9,6.0
Feeling completely tension‑free today.,Low,5.8,10.0,7.6,3.6,3.1,2.0
I feel great mentally and physically.,Low,6.6,5.7,7.7,3.1,0.9,14.0
I feel relaxed and calm today.,Low,5.3,6.3,5.0,3.0,1.8,3.0
I feel relaxed and calm today.,Low,6.3,3.2,7.9,3.4,3.0,38.0
I feel great mentally and physically.,Low,4.9,9.8,6.4,2.4,2.6,9.0
I feel emotionally stable and light.,Low,3.6,7.2,6.7,4.1,2.0,14.0
I am grateful for how things are going.,Low,1.1,5.2,6.1,2.2,0.8,26.0
Mentally strong and confident.,Low,6.1,5.7,4.6,4.6,0.9,36.0
Everything feels so peaceful today.,Low,3.3,3.1,6.7,3.1,2.4,39.0
I’m enjoying my day with no stress.,Low,6.8,8.2,6.2,1.1,1.5,28.0
I feel great mentally and physically.,Low,6.8,7.9,5.2,3.2,0.7,37.0
Everything feels so peaceful today.,Low,3.7,9.1,6.5,4.1,2.4,7.0
Everything feels so peaceful today.,Low,3.0,6.7,5.5,3.8,1.3,31.0
I feel emotionally stable and light.,Low,1.1,4.9,6.3,2.5,2.9,11.0
Today has been refreshing and joyful.,Low,3.1,4.5,5.7,4.2,2.8,17.0
I feel emotionally stable and light.,Low,2.7,4.3,6.3,3.1,1.0,17.0
Life feels smooth and peaceful today.,Low,7.2,4.5,6.1,2.4,1.8,20.0
I feel great mentally and physically.,Low,3.1,4.1,4.6,3.8,1.1,33.0
"No worries, just peace and happiness.",Low,4.4,6.5,5.5,3.6,1.1,13.0
Life feels smooth and peaceful today.,Low,5.2,5.1,7.0,5.4,2.1,5.0
I feel great mentally and physically.,Low,7.7,8.7,8.3,2.9,0.8,20.0
Just chilling and enjoying life.,Low,2.6,5.7,5.9,4.3,1.3,30.0
Feeling positive and mentally free.,Low,1.3,4.7,4.9,1.1,1.7,10.0
I am grateful for how things are going.,Low,3.8,4.8,8.7,1.7,1.3,24.0
Everything feels so peaceful today.,Low,1.8,7.4,4.8,2.7,1.9,39.0
I’m enjoying my day with no stress.,Low,7.2,7.8,5.4,4.0,2.0,21.0
Everything is under control.,Low,7.1,6.5,5.2,4.3,1.0,4.0
Life feels smooth and peaceful today.,Low,1.8,7.4,5.1,2.3,2.6,39.0
I am grateful for how things are going.,Low,5.4,8.9,5.7,3.0,3.0,7.0
Everything is under control.,Low,4.8,9.2,4.9,5.8,1.2,8.0
Feeling completely tension‑free today.,Low,3.4,6.6,4.2,1.3,1.8,38.0
Feeling positive and mentally free.,Low,6.3,3.7,8.6,1.2,2.9,21.0
Feeling positive and mentally free.,Low,1.9,5.8,8.2,1.6,3.0,12.0
Mentally strong and confident.,Low,3.7,5.9,7.3,1.6,3.1,27.0
Mentally strong and confident.,Low,8.0,6.1,6.1,3.5,1.2,23.0
I feel emotionally stable and light.,Low,1.8,7.6,8.9,4.6,0.5,35.0
Just chilling and enjoying life.,Low,2.8,5.9,5.2,1.4,3.1,39.0
Everything feels so peaceful today.,Low,7.6,8.3,5.2,2.4,0.5,14.0
I feel great mentally and physically.,Low,5.4,7.2,6.5,5.5,2.2,26.0
Everything is under control.,Low,4.4,6.6,6.8,2.6,0.7,13.0
Everything feels so peaceful today.,Low,2.2,3.3,7.6,5.0,3.3,27.0
Everything is under control.,Low,7.5,3.4,6.4,2.5,2.6,8.0
Today has been refreshing and joyful.,Low,5.4,3.9,7.2,1.5,3.5,9.0
Everything is under control.,Low,5.7,8.9,6.2,1.8,2.8,4.0
Feeling positive and mentally free.,Low,3.4,5.0,7.7,1.0,1.2,2.0
Everything is under control.,Low,3.0,4.7,6.0,1.7,2.2,38.0
Just chilling and enjoying life.,Low,7.8,6.4,6.1,1.4,1.1,39.0
I am grateful for how things are going.,Low,1.3,7.8,8.6,4.4,3.4,34.0
Today has been refreshing and joyful.,Low,1.2,7.7,5.7,1.3,0.7,4.0
I feel relaxed and calm today.,Low,6.7,7.8,5.0,1.0,3.3,20.0
Feeling positive and mentally free.,Low,3.1,4.6,4.1,2.8,1.3,20.0
Life feels smooth and peaceful today.,Low,7.0,3.3,6.1,2.9,1.4,12.0
I feel relaxed and calm today.,Low,6.1,9.1,8.0,4.0,3.0,2.0
Feeling positive and mentally free.,Low,3.6,5.7,5.4,1.4,3.3,9.0
"No signs of stress, I'm doing great.",Low,3.6,8.9,8.3,2.4,1.7,23.0
I feel great mentally and physically.,Low,1.9,5.1,4.9,6.0,1.7,5.0
I’m enjoying my day with no stress.,Low,2.0,4.9,8.6,4.9,2.1,12.0
Feeling positive and mentally free.,Low,4.6,3.1,5.9,5.7,0.7,35.0
Just chilling and enjoying life.,Low,2.2,6.2,7.8,1.7,1.6,20.0
Feeling positive and mentally free.,Low,7.1,3.1,7.9,1.3,2.6,26.0
Mentally strong and confident.,Low,2.6,8.8,8.3,1.9,2.2,7.0
Mentally strong and confident.,Low,5.3,8.0,6.7,1.1,0.7,22.0
I’m enjoying my day with no stress.,Low,1.2,8.3,4.3,2.5,1.3,20.0
I feel relaxed and calm today.,Low,6.3,7.0,6.5,2.4,3.3,11.0
Just chilling and enjoying life.,Low,7.7,6.8,6.0,4.0,1.4,13.0
I feel relaxed and calm today.,Low,5.4,6.9,7.9,1.0,2.9,5.0
Feeling positive and mentally free.,Low,6.1,7.6,4.1,2.9,0.7,5.0
Mentally strong and confident.,Low,4.9,6.4,4.6,3.9,1.1,3.0
Mentally strong and confident.,Low,3.3,5.2,5.8,5.6,3.3,17.0
Mentally strong and confident.,Low,2.3,6.7,7.9,1.4,0.8,11.0
"No worries, just peace and happiness.",Low,6.4,3.9,5.3,2.7,2.2,28.0
I feel great mentally and physically.,Low,4.7,6.6,7.7,5.3,1.3,31.0
Feeling completely tension‑free today.,Low,3.2,4.1,7.5,2.1,1.5,32.0
Everything feels so peaceful today.,Low,6.4,3.0,8.6,3.2,3.0,22.0
Today has been refreshing and joyful.,Low,5.1,5.0,6.9,1.5,1.3,20.0
Everything is under control.,Low,6.0,5.5,9.0,1.9,1.3,35.0
Mentally strong and confident.,Low,2.2,5.8,8.3,3.7,1.1,3.0
Life feels smooth and peaceful today.,Low,4.6,6.4,8.5,5.3,2.3,11.0
Just chilling and enjoying life.,Low,6.0,5.3,7.0,2.0,2.8,19.0
I feel relaxed and calm today.,Low,6.3,6.0,4.2,2.8,1.6,14.0
Just chilling and enjoying life.,Low,3.6,8.2,5.5,3.8,1.4,31.0
"No signs of stress, I'm doing great.",Low,6.0,9.9,6.8,1.1,1.7,29.0
I’m enjoying my day with no stress.,Low,6.3,8.7,4.8,4.1,2.1,5.0
Everything feels so peaceful today.,Low,1.4,7.2,4.1,3.7,2.4,16.0
I feel emotionally stable and light.,Low,3.4,7.7,7.8,5.5,3.5,28.0
I feel great mentally and physically.,Low,6.8,9.3,4.7,5.1,1.4,35.0
I feel great mentally and physically.,Low,5.6,5.9,6.3,1.2,1.8,31.0
Today has been refreshing and joyful.,Low,2.8,6.7,5.6,2.3,2.5,34.0
"No worries, just peace and happiness.",Low,7.1,4.6,6.7,4.1,3.5,7.0
I’m enjoying my day with no stress.,Low,7.3,5.4,8.4,2.8,2.4,27.0
I’m enjoying my day with no stress.,Low,4.8,9.6,8.4,2.2,3.1,2.0
"No worries, just peace and happiness.",Low,3.9,7.7,5.2,1.2,1.6,0.0
I am grateful for how things are going.,Low,3.9,4.2,5.5,2.1,3.3,12.0
Feeling completely tension‑free today.,Low,4.0,9.5,8.2,3.4,3.5,36.0
Just chilling and enjoying life.,Low,6.6,5.6,7.2,2.1,2.1,11.0
Feeling positive and mentally free.,Low,2.5,4.5,5.8,4.8,1.8,11.0
I feel great mentally and physically.,Low,7.0,3.7,7.9,1.9,2.9,3.0
Just chilling and enjoying life.,Low,4.1,8.1,7.2,2.0,2.7,4.0
"No signs of stress, I'm doing great.",Low,1.9,5.1,7.9,3.7,2.0,4.0
I feel relaxed and calm today.,Low,7.4,9.1,7.9,2.7,2.3,15.0
I’m enjoying my day with no stress.,Low,4.3,7.3,5.0,5.6,3.5,34.0
Today has been refreshing and joyful.,Low,2.0,10.0,4.4,3.5,1.3,28.0
Feeling positive and mentally free.,Low,5.7,7.2,7.9,5.1,2.8,14.0
"No signs of stress, I'm doing great.",Low,5.8,5.1,8.4,1.4,1.2,3.0
Everything feels so peaceful today.,Low,2.3,3.7,5.2,4.9,1.9,6.0
Everything is under control.,Low,6.0,3.2,6.9,4.7,2.6,17.0
Just chilling and enjoying life.,Low,1.8,5.9,4.5,3.2,2.1,30.0
Mentally strong and confident.,Low,2.0,9.1,5.1,4.5,3.0,0.0
I feel great mentally and physically.,Low,3.7,3.6,7.3,3.5,1.3,21.0
Today has been refreshing and joyful.,Low,6.3,6.9,7.2,2.1,3.2,1.0
"No worries, just peace and happiness.",Low,5.3,3.6,7.5,5.5,3.3,39.0
I feel relaxed and calm today.,Low,2.0,7.7,7.8,4.3,1.4,6.0
Feeling positive and mentally free.,Low,6.0,8.6,8.7,3.9,0.8,20.0
I feel great mentally and physically.,Low,2.9,3.2,6.8,3.5,3.4,25.0
Everything is under control.,Low,4.9,6.3,5.8,3.3,0.7,17.0
Today has been refreshing and joyful.,Low,7.7,6.7,4.3,1.9,2.1,15.0
I’m enjoying my day with no stress.,Low,1.9,6.3,4.0,2.5,0.8,0.0
Today has been refreshing and joyful.,Low,4.2,6.9,4.5,2.3,2.1,6.0
Just chilling and enjoying life.,Low,2.7,7.3,5.6,4.7,2.5,3.0
Everything is under control.,Low,1.4,5.6,4.6,1.8,3.4,11.0
Mentally strong and confident.,Low,4.3,9.3,5.2,4.9,1.0,12.0
Feeling completely tension‑free today.,Low,2.8,7.5,8.8,3.2,0.9,14.0
I’m enjoying my day with no stress.,Low,3.7,5.3,7.4,4.4,3.4,23.0
I am grateful for how things are going.,Low,1.0,3.0,4.9,3.9,2.9,26.0
I’m enjoying my day with no stress.,Low,2.3,8.8,5.7,1.7,3.0,36.0
I feel emotionally stable and light.,Low,2.3,9.2,6.4,5.2,2.9,5.0
Everything is under control.,Low,6.9,3.4,4.0,3.3,1.3,16.0
Everything is under control.,Low,6.7,9.5,8.9,3.6,0.7,33.0
Life feels smooth and peaceful today.,Low,2.7,7.4,5.4,4.5,3.5,22.0
I feel relaxed and calm today.,Low,3.3,7.7,8.9,2.2,2.1,5.0
Today has been refreshing and joyful.,Low,4.7,7.7,8.1,2.8,1.4,1.0
"No worries, just peace and happiness.",Low,4.9,3.4,7.8,3.6,2.4,8.0
I feel emotionally stable and light.,Low,5.1,5.5,4.3,5.7,1.2,12.0
Everything is under control.,Low,2.9,8.5,7.5,5.3,1.4,29.0
I feel relaxed and calm today.,Low,2.7,8.3,8.2,5.2,2.2,26.0
Mentally strong and confident.,Low,1.5,7.1,8.6,5.9,3.0,2.0
I feel relaxed and calm today.,Low,7.5,6.0,8.3,3.6,1.8,26.0
"No signs of stress, I'm doing great.",Low,2.3,4.1,7.9,4.1,3.3,29.0
Feeling completely tension‑free today.,Low,4.4,9.0,8.0,5.7,1.1,3.0
Just chilling and enjoying life.,Low,3.6,7.7,5.7,2.8,0.6,36.0
I’m enjoying my day with no stress.,Low,3.1,5.3,7.1,5.5,1.5,20.0
Mentally strong and confident.,Low,3.4,9.1,5.9,2.8,2.9,19.0
"No worries, just peace and happiness.",Low,2.4,8.1,5.0,1.8,1.2,8.0
Mentally strong and confident.,Low,5.2,7.0,4.9,2.7,0.6,35.0
Mentally strong and confident.,Low,5.9,8.4,4.0,2.6,2.8,0.0
Feeling completely tension‑free today.,Low,7.0,6.0,8.4,2.9,1.3,32.0
Everything feels so peaceful today.,Low,5.3,4.5,4.2,3.0,0.9,26.0
I’m enjoying my day with no stress.,Low,7.2,8.2,4.7,3.9,2.7,22.0
"No signs of stress, I'm doing great.",Low,1.5,4.2,7.4,4.2,2.3,14.0
Today has been refreshing and joyful.,Low,4.0,4.3,4.4,3.6,0.5,14.0
I’m enjoying my day with no stress.,Low,6.8,5.1,4.1,3.5,2.3,32.0
"No signs of stress, I'm doing great.",Low,7.7,3.3,5.1,3.9,1.7,5.0
I feel relaxed and calm today.,Low,7.5,8.9,7.1,2.0,1.1,36.0
Everything feels so peaceful today.,Low,3.7,5.6,6.1,5.3,1.8,31.0
I am grateful for how things are going.,Low,2.0,3.3,4.8,3.4,2.1,22.0
Everything feels so peaceful today.,Low,2.6,6.9,6.3,2.9,2.2,32.0
Just chilling and enjoying life.,Low,3.4,5.8,5.5,1.8,1.4,6.0
"No signs of stress, I'm doing great.",Low,7.3,5.1,4.3,5.4,2.8,8.0
Feeling completely tension‑free today.,Low,7.5,4.1,4.2,5.0,1.7,36.0
Everything feels so peaceful today.,Low,1.8,9.1,8.4,1.1,1.5,7.0
Today has been refreshing and joyful.,Low,4.7,5.6,4.3,1.3,0.5,28.0
Feeling positive and mentally free.,Low,6.7,4.0,7.5,1.0,2.8,18.0
Mentally strong and confident.,Low,2.1,5.6,7.7,2.1,1.9,2.0
Everything is under control.,Low,6.4,7.1,5.5,1.3,1.4,0.0
Life feels smooth and peaceful today.,Low,2.3,7.4,8.4,1.9,2.2,39.0
Today has been refreshing and joyful.,Low,1.9,7.3,9.0,3.2,3.3,32.0
Everything feels so peaceful today.,Low,6.7,3.2,7.3,5.7,1.6,1.0
Just chilling and enjoying life.,Low,2.6,6.6,8.3,2.9,0.8,30.0
Feeling positive and mentally free.,Low,7.6,8.3,5.9,4.1,2.8,35.0
Mentally strong and confident.,Low,6.7,9.6,7.3,5.5,2.1,25.0
Life feels smooth and peaceful today.,Low,7.5,3.0,9.0,4.7,2.2,2.0
Life feels smooth and peaceful today.,Low,1.8,4.1,5.9,2.0,1.2,39.0
Feeling positive and mentally free.,Low,3.9,5.2,4.3,1.7,3.4,23.0
Mentally strong and confident.,Low,3.9,7.6,4.3,4.3,2.0,9.0
Everything feels so peaceful today.,Low,7.5,5.1,5.9,3.2,2.3,18.0
I feel great mentally and physically.,Low,2.5,9.1,4.6,2.8,2.4,17.0
Feeling positive and mentally free.,Low,2.1,6.4,7.0,5.5,3.1,23.0
Today has been refreshing and joyful.,Low,7.4,6.4,8.1,3.4,3.0,3.0
I’m enjoying my day with no stress.,Low,2.6,8.4,7.8,3.0,2.8,12.0
Feeling completely tension‑free today.,Low,2.8,8.7,4.9,4.5,1.1,19.0
Life feels smooth and peaceful today.,Low,2.6,7.3,4.7,5.7,3.0,32.0
Everything feels so peaceful today.,Low,5.3,8.0,5.6,4.7,1.9,29.0
Feeling completely tension‑free today.,Low,3.9,6.0,5.9,2.1,2.1,20.0
"No worries, just peace and happiness.",Low,5.9,7.7,5.8,2.3,3.1,14.0
I’m enjoying my day with no stress.,Low,5.9,8.2,8.5,5.8,0.8,21.0
I am grateful for how things are going.,Low,3.2,9.9,7.6,1.9,0.6,21.0
Mentally strong and confident.,Low,7.1,8.2,4.9,4.0,1.7,19.0
I feel great mentally and physically.,Low,5.6,9.3,5.4,1.3,1.3,26.0
Feeling completely tension‑free today.,Low,5.2,3.7,7.5,4.8,0.9,22.0
Mentally strong and confident.,Low,3.6,3.5,7.9,4.7,2.1,18.0
I feel relaxed and calm today.,Low,4.7,3.0,7.5,3.4,2.0,32.0
Just chilling and enjoying life.,Low,2.6,7.1,6.1,4.5,1.2,5.0
I am grateful for how things are going.,Low,7.3,5.8,7.4,2.3,2.3,5.0
I feel emotionally stable and light.,Low,7.7,8.7,6.4,5.3,3.4,33.0
Feeling completely tension‑free today.,Low,1.2,4.1,5.4,5.1,0.8,29.0
I feel great mentally and physically.,Low,3.5,5.2,8.2,1.6,3.3,0.0
Mentally strong and confident.,Low,4.9,8.4,8.4,5.0,2.2,12.0
I feel relaxed and calm today.,Low,7.6,6.3,6.8,2.9,2.5,32.0
I am grateful for how things are going.,Low,1.8,4.5,8.6,5.6,2.5,27.0
Feeling completely tension‑free today.,Low,4.2,9.9,5.2,5.6,3.2,34.0
Mentally strong and confident.,Low,2.6,6.9,4.4,2.1,0.8,11.0
I am grateful for how things are going.,Low,7.4,5.2,4.6,2.6,2.2,13.0
Today has been refreshing and joyful.,Low,7.5,9.3,8.1,5.0,2.9,11.0
Mentally strong and confident.,Low,3.5,6.7,5.1,5.6,3.2,38.0
Just chilling and enjoying life.,Low,2.6,5.3,8.8,4.9,1.4,38.0
I feel great mentally and physically.,Low,3.9,4.6,6.7,1.6,1.5,17.0
I feel relaxed and calm today.,Low,2.0,7.2,6.2,1.6,2.2,34.0
I feel great mentally and physically.,Low,4.0,9.8,5.6,2.3,3.1,10.0
"No worries, just peace and happiness.",Low,6.4,7.3,8.7,4.3,1.2,2.0
Feeling completely tension‑free today.,Low,5.0,7.0,4.2,1.1,1.7,15.0
Everything is under control.,Low,2.9,5.0,5.0,2.0,2.2,38.0
I feel great mentally and physically.,Low,3.3,4.2,5.9,2.1,3.0,25.0
Everything feels so peaceful today.,Low,3.7,3.5,7.3,1.6,1.7,20.0
Mentally strong and confident.,Low,2.0,10.0,5.7,1.6,0.7,17.0
I am grateful for how things are going.,Low,6.3,5.2,8.5,5.6,2.5,17.0
Life feels smooth and peaceful today.,Low,1.8,8.8,6.1,4.1,2.2,30.0
Mentally strong and confident.,Low,4.5,6.6,4.9,4.2,1.0,11.0
Life feels smooth and peaceful today.,Low,4.9,8.9,8.0,4.5,1.0,33.0
I feel emotionally stable and light.,Low,1.7,3.2,5.3,2.6,0.6,21.0
I feel relaxed and calm today.,Low,4.8,5.4,7.2,1.6,3.5,37.0
I feel emotionally stable and light.,Low,2.3,4.6,7.7,1.1,3.3,14.0
Mentally strong and confident.,Low,3.7,8.7,5.1,5.4,1.5,35.0
I am grateful for how things are going.,Low,6.0,3.3,6.3,2.2,0.8,6.0
"No worries, just peace and happiness.",Low,7.8,4.2,6.1,1.3,0.8,34.0
Life feels smooth and peaceful today.,Low,4.4,8.1,7.1,4.2,2.0,3.0
Everything is under control.,Low,6.4,8.8,5.7,4.6,3.1,12.0
I feel emotionally stable and light.,Low,7.0,5.6,5.7,1.2,1.1,27.0
I feel relaxed and calm today.,Low,4.7,4.2,8.3,3.6,2.2,2.0
Everything is under control.,Low,4.8,7.3,7.6,3.3,1.6,26.0
Just chilling and enjoying life.,Low,2.9,5.1,8.3,4.8,3.3,24.0
Just chilling and enjoying life.,Low,5.6,5.3,4.2,3.4,1.4,10.0
Feeling completely tension‑free today.,Low,6.0,7.0,5.5,4.1,2.1,39.0
Feeling completely tension‑free today.,Low,1.9,8.0,7.0,2.9,0.7,39.0
Feeling completely tension‑free today.,Low,2.8,9.1,6.9,2.4,2.0,2.0
I feel great mentally and physically.,Low,6.7,7.6,7.3,5.7,1.6,36.0
"No worries, just peace and happiness.",Low,6.2,9.3,7.8,2.9,3.3,27.0
I am grateful for how things are going.,Low,4.5,5.8,6.9,4.9,0.9,11.0
I feel emotionally stable and light.,Low,3.8,7.3,6.2,5.6,1.3,37.0
I feel emotionally stable and light.,Low,7.4,4.2,8.1,5.2,1.3,19.0
Just chilling and enjoying life.,Low,6.4,8.5,7.3,1.8,3.4,0.0
Life feels smooth and peaceful today.,Low,1.1,6.4,6.5,1.7,3.3,0.0
"No worries, just peace and happiness.",Low,5.7,8.4,4.5,3.1,1.4,22.0
Feeling positive and mentally free.,Low,4.1,3.7,8.7,4.6,0.8,13.0
Life feels smooth and peaceful today.,Low,2.7,8.9,4.9,5.1,2.0,15.0
Feeling positive and mentally free.,Low,5.2,7.6,7.7,2.5,1.3,26.0
Feeling completely tension‑free today.,Low,4.6,9.4,5.0,3.6,3.5,20.0
Just chilling and enjoying life.,Low,4.4,7.9,8.9,3.1,0.5,10.0
Feeling completely tension‑free today.,Low,6.4,4.0,5.9,5.1,1.3,38.0
I feel relaxed and calm today.,Low,4.0,6.1,6.0,5.7,1.8,16.0
I feel great mentally and physically.,Low,3.7,9.5,6.3,4.5,3.2,24.0
Everything is under control.,Low,6.2,8.4,7.8,2.2,1.3,27.0
Everything feels so peaceful today.,Low,2.7,8.2,4.7,1.5,2.6,8.0
"No signs of stress, I'm doing great.",Low,3.8,8.7,8.2,3.7,2.8,3.0
Feeling positive and mentally free.,Low,5.5,8.8,6.7,1.2,2.0,22.0
"No signs of stress, I'm doing great.",Low,4.1,8.3,6.8,4.5,1.9,0.0
I feel emotionally stable and light.,Low,4.3,6.7,5.1,4.8,1.9,27.0
Everything feels so peaceful today.,Low,7.8,6.4,6.0,3.7,3.3,27.0
I’m enjoying my day with no stress.,Low,1.4,7.4,5.3,5.4,0.7,6.0
Everything is under control.,Low,1.2,6.6,7.4,2.1,2.0,37.0
"No signs of stress, I'm doing great.",Low,7.8,7.2,4.6,5.7,3.2,39.0
Everything is under control.,Low,4.1,7.9,5.1,6.0,1.1,36.0
I feel great mentally and physically.,Low,5.8,4.3,5.7,3.1,1.5,11.0
Just chilling and enjoying life.,Low,1.5,7.6,5.1,1.2,2.5,39.0
I feel emotionally stable and light.,Low,7.7,10.0,5.8,4.3,3.1,38.0
Feeling positive and mentally free.,Low,2.9,5.1,6.9,3.8,0.9,27.0
"No signs of stress, I'm doing great.",Low,4.8,7.7,7.6,1.3,0.7,4.0
Today has been refreshing and joyful.,Low,3.3,7.2,7.9,2.9,0.6,6.0
I feel emotionally stable and light.,Low,4.8,5.2,8.9,4.7,3.2,37.0
Feeling positive and mentally free.,Low,4.2,3.7,5.4,4.3,1.1,30.0
Feeling completely tension‑free today.,Low,5.6,3.5,4.2,3.8,2.7,36.0
I feel great mentally and physically.,Low,6.3,9.4,6.0,3.2,2.8,34.0
Everything feels so peaceful today.,Low,1.5,5.3,6.0,2.4,2.0,3.0
Everything is under control.,Low,1.2,9.2,8.0,5.9,1.9,26.0
I feel great mentally and physically.,Low,3.8,6.9,5.4,3.9,2.4,12.0
I feel great mentally and physically.,Low,4.1,8.0,8.4,4.1,1.8,37.0
I feel emotionally stable and light.,Low,6.2,6.5,5.5,1.7,2.0,8.0
I’m enjoying my day with no stress.,Low,7.1,9.8,5.2,2.6,1.3,6.0
Life feels smooth and peaceful today.,Low,2.7,9.4,5.7,5.6,0.6,26.0
I am grateful for how things are going.,Low,1.7,7.9,4.3,3.2,3.4,33.0
"No worries, just peace and happiness.",Low,1.4,8.4,8.8,2.8,0.6,15.0
Everything is under control.,Low,2.4,4.4,4.9,1.8,2.8,11.0
Everything is under control.,Low,1.6,3.6,4.8,4.7,2.5,9.0
I feel emotionally stable and light.,Low,7.9,8.8,6.9,4.7,1.0,23.0
I feel relaxed and calm today.,Low,1.6,8.9,4.6,4.3,0.7,15.0
Mentally strong and confident.,Low,7.3,3.9,6.7,2.5,1.0,3.0
Mentally strong and confident.,Low,1.9,7.4,5.4,4.8,1.9,12.0
Today has been refreshing and joyful.,Low,2.5,6.9,8.5,2.3,2.4,20.0
Mentally strong and confident.,Low,5.1,5.6,8.9,1.6,0.8,32.0
Just chilling and enjoying life.,Low,7.5,8.8,8.6,5.1,0.8,16.0
Feeling positive and mentally free.,Low,2.0,9.3,7.3,4.3,2.5,8.0
"No worries, just peace and happiness.",Low,3.7,8.5,6.0,3.2,2.6,26.0
I feel relaxed and calm today.,Low,6.0,5.2,7.0,4.4,3.1,19.0
I feel great mentally and physically.,Low,3.8,8.6,4.3,4.0,3.4,11.0
"No signs of stress, I'm doing great.",Low,7.4,9.7,6.2,3.5,2.3,24.0
Feeling completely tension‑free today.,Low,6.1,9.5,8.3,2.6,1.6,7.0
I feel relaxed and calm today.,Low,1.3,4.8,4.2,5.6,1.0,21.0
Today has been refreshing and joyful.,Low,4.2,6.3,8.0,3.4,1.6,16.0
Everything feels so peaceful today.,Low,1.2,6.2,5.2,5.2,1.6,16.0
I feel great mentally and physically.,Low,1.7,7.0,6.5,2.2,1.0,27.0
I feel great mentally and physically.,Low,5.1,4.1,5.9,4.0,0.8,26.0
"No signs of stress, I'm doing great.",Low,7.5,8.8,6.9,5.5,1.6,34.0
I’m enjoying my day with no stress.,Low,1.7,4.4,6.8,4.1,1.2,5.0
Everything feels so peaceful today.,Low,2.9,7.4,7.3,2.7,2.6,35.0
I am grateful for how things are going.,Low,7.1,5.7,4.2,1.1,2.6,17.0
Mentally strong and confident.,Low,4.6,4.7,8.9,4.6,1.4,32.0
I am grateful for how things are going.,Low,2.2,4.3,8.6,5.0,3.2,6.0
Mentally strong and confident.,Low,2.4,3.8,5.6,5.0,1.0,2.0
Feeling positive and mentally free.,Low,5.2,4.3,5.0,5.1,3.0,8.0
Mentally strong and confident.,Low,5.3,8.4,8.4,2.3,2.5,34.0
Today has been refreshing and joyful.,Low,3.2,4.9,7.9,5.7,1.5,17.0
Just chilling and enjoying life.,Low,6.3,9.3,8.9,5.5,1.6,0.0
Feeling completely tension‑free today.,Low,4.0,4.8,8.9,6.0,0.8,6.0
Everything feels so peaceful today.,Low,4.4,8.3,7.9,2.0,2.9,37.0
Feeling positive and mentally free.,Low,2.7,9.5,5.2,2.4,1.4,26.0
Just chilling and enjoying life.,Low,1.5,9.2,4.3,2.4,1.3,6.0
I feel great mentally and physically.,Low,6.7,6.4,4.6,1.2,1.2,20.0
"No worries, just peace and happiness.",Low,3.7,6.0,5.6,4.1,1.2,39.0
I am grateful for how things are going.,Low,3.3,8.9,4.3,5.0,3.0,36.0
I am grateful for how things are going.,Low,4.1,8.2,4.2,4.4,0.7,27.0
I feel great mentally and physically.,Low,4.6,4.5,7.5,5.5,0.7,31.0
Life feels smooth and peaceful today.,Low,4.6,7.2,6.6,2.4,2.9,12.0
Everything feels so peaceful today.,Low,2.3,7.4,6.5,2.4,2.0,2.0
Mentally strong and confident.,Low,4.3,3.7,6.0,4.8,1.5,35.0
Life feels smooth and peaceful today.,Low,3.5,8.8,6.3,1.0,1.1,23.0
I’m enjoying my day with no stress.,Low,5.1,7.2,8.3,2.3,1.5,35.0
Today has been refreshing and joyful.,Low,4.2,6.2,6.6,4.2,2.1,14.0
Feeling completely tension‑free today.,Low,1.6,7.5,5.7,1.1,1.8,36.0
Everything is under control.,Low,3.2,9.4,8.6,4.8,1.1,9.0
Feeling positive and mentally free.,Low,5.0,5.9,8.1,4.4,3.0,28.0
"No signs of stress, I'm doing great.",Low,1.5,9.1,5.2,2.9,0.9,25.0
Mentally strong and confident.,Low,5.4,9.6,6.0,5.7,1.9,34.0
Feeling positive and mentally free.,Low,1.0,6.5,7.8,5.5,1.7,38.0
Today has been refreshing and joyful.,Low,3.3,9.6,7.7,1.1,2.6,18.0
"No worries, just peace and happiness.",Low,4.8,5.4,7.9,5.7,1.5,11.0
Today has been refreshing and joyful.,Low,4.2,9.6,7.5,6.0,2.3,8.0
Everything is under control.,Low,4.8,5.1,5.4,5.2,1.5,37.0
"No worries, just peace and happiness.",Low,1.9,4.2,4.8,1.2,2.5,25.0
Everything is under control.,Low,1.5,8.8,4.3,5.5,0.7,2.0
I feel emotionally stable and light.,Low,3.6,4.6,7.5,5.5,0.8,22.0
I feel relaxed and calm today.,Low,5.3,3.1,7.6,1.7,2.0,19.0
I feel great mentally and physically.,Low,1.7,7.1,8.1,4.8,2.9,13.0
Everything feels so peaceful today.,Low,5.7,9.1,6.9,4.9,2.6,9.0
Mentally strong and confident.,Low,2.1,9.7,8.1,3.7,2.8,2.0
Everything feels so peaceful today.,Low,2.4,8.5,6.0,5.8,2.1,26.0
I feel great mentally and physically.,Low,1.6,8.7,8.7,2.1,1.9,1.0
Everything is under control.,Low,7.2,8.5,8.2,2.8,0.7,0.0
Everything feels so peaceful today.,Low,2.4,5.9,5.3,3.2,3.0,24.0
Everything feels so peaceful today.,Low,3.3,8.3,4.6,4.1,2.6,32.0
"No worries, just peace and happiness.",Low,1.7,9.4,4.3,2.6,0.6,34.0
"No signs of stress, I'm doing great.",Low,5.1,5.5,8.3,2.7,0.5,9.0
I am grateful for how things are going.,Low,4.8,4.3,6.9,4.8,2.5,19.0
Mentally strong and confident.,Low,2.0,7.6,7.1,4.6,3.0,27.0
Feeling positive and mentally free.,Low,2.8,5.5,6.4,4.9,3.0,18.0
Today has been refreshing and joyful.,Low,1.7,5.2,6.6,3.1,2.2,25.0
"No signs of stress, I'm doing great.",Low,7.8,4.4,8.1,1.7,3.1,10.0
Mentally strong and confident.,Low,5.9,8.2,6.1,1.2,0.8,6.0
I feel relaxed and calm today.,Low,1.6,5.1,5.7,1.8,2.9,7.0
Mentally strong and confident.,Low,3.8,5.1,8.0,4.9,3.1,17.0
Feeling completely tension‑free today.,Low,5.8,4.6,7.9,4.3,1.1,3.0
Everything is under control.,Low,6.5,3.8,7.0,3.7,2.7,37.0
Today has been refreshing and joyful.,Low,6.9,6.2,6.5,2.6,2.5,37.0
I feel great mentally and physically.,Low,2.1,6.6,4.6,5.0,0.6,27.0
Just chilling and enjoying life.,Low,6.9,5.8,5.6,3.7,2.3,20.0
Life feels smooth and peaceful today.,Low,1.3,9.3,7.1,5.8,1.5,37.0
Today has been refreshing and joyful.,Low,5.1,3.3,4.3,2.1,3.0,5.0
I feel relaxed and calm today.,Low,3.1,6.3,4.7,5.5,1.8,32.0
Mentally strong and confident.,Low,7.9,7.6,7.2,5.2,2.6,39.0
"No worries, just peace and happiness.",Low,6.9,9.1,5.3,5.1,1.8,7.0
Feeling positive and mentally free.,Low,5.7,9.1,6.0,4.3,1.1,5.0
Life feels smooth and peaceful today.,Low,1.7,4.9,6.8,2.1,2.6,25.0
I feel emotionally stable and light.,Low,7.5,5.7,8.9,2.2,0.6,23.0
Today has been refreshing and joyful.,Low,7.8,7.6,7.1,5.8,3.4,5.0
"No signs of stress, I'm doing great.",Low,7.3,6.7,8.5,2.2,1.6,14.0
Today has been refreshing and joyful.,Low,2.6,9.4,7.1,2.4,1.3,37.0
I feel relaxed and calm today.,Low,7.2,3.9,8.8,5.5,2.5,8.0
"No worries, just peace and happiness.",Low,7.8,9.6,8.1,5.2,3.1,38.0
Today has been refreshing and joyful.,Low,7.3,8.6,5.8,1.8,2.0,38.0
Mentally strong and confident.,Low,1.8,9.2,7.0,1.6,2.7,3.0
Today has been refreshing and joyful.,Low,6.7,7.8,6.5,5.7,2.2,13.0
I feel great mentally and physically.,Low,6.9,8.5,5.8,3.4,1.0,28.0
I feel emotionally stable and light.,Low,4.6,8.5,7.5,3.3,1.8,19.0
"No worries, just peace and happiness.",Low,3.3,8.7,8.2,5.2,0.7,0.0
Everything is under control.,Low,5.2,7.8,6.1,1.9,0.9,32.0
Today has been refreshing and joyful.,Low,5.7,6.6,5.9,4.9,1.9,7.0
I feel great mentally and physically.,Low,7.8,10.0,5.6,1.4,0.6,2.0
"No signs of stress, I'm doing great.",Low,5.8,8.5,5.1,5.4,1.3,10.0
"No worries, just peace and happiness.",Low,3.7,7.1,6.5,4.0,0.6,0.0
Today has been refreshing and joyful.,Low,7.1,6.2,6.8,3.7,3.4,34.0
Today has been refreshing and joyful.,Low,7.8,8.3,6.7,1.3,2.1,27.0
Everything feels so peaceful today.,Low,5.9,3.1,5.7,5.4,0.7,22.0
Just chilling and enjoying life.,Low,7.4,6.0,5.2,1.6,0.7,5.0
Just chilling and enjoying life.,Low,7.5,8.5,8.2,3.7,3.0,15.0
Everything feels so peaceful today.,Low,7.9,6.6,7.5,5.6,0.7,37.0
I feel emotionally stable and light.,Low,5.4,6.4,4.0,5.4,0.5,34.0
Just chilling and enjoying life.,Low,4.7,3.6,5.7,1.9,1.5,30.0
Life feels smooth and peaceful today.,Low,3.1,5.3,6.9,1.6,0.7,5.0
Today has been refreshing and joyful.,Low,1.4,4.0,5.4,1.4,2.5,5.0
Everything is under control.,Low,6.3,5.4,4.1,3.8,1.6,19.0
I feel relaxed and calm today.,Low,6.1,6.3,8.2,1.2,2.4,18.0
Mentally strong and confident.,Low,4.1,6.0,5.8,4.4,3.4,39.0
Everything is under control.,Low,4.7,9.2,8.4,2.5,0.6,29.0
"No worries, just peace and happiness.",Low,5.2,6.1,5.6,2.3,1.4,30.0
"No worries, just peace and happiness.",Low,5.0,8.9,7.0,5.6,0.6,9.0
Just chilling and enjoying life.,Low,1.3,6.7,7.0,2.8,2.2,17.0
I feel great mentally and physically.,Low,5.1,4.4,4.3,4.8,3.5,9.0
Mentally strong and confident.,Low,7.4,6.6,5.5,3.3,2.8,39.0
I feel relaxed and calm today.,Low,5.7,6.8,8.6,3.7,2.4,13.0
Feeling completely tension‑free today.,Low,7.1,6.0,8.8,1.4,2.9,8.0
Feeling positive and mentally free.,Low,2.2,9.2,6.3,3.0,1.6,14.0
"No signs of stress, I'm doing great.",Low,1.2,9.6,4.6,2.7,2.8,3.0
Life feels smooth and peaceful today.,Low,7.9,6.8,7.2,4.2,2.4,27.0
I’m enjoying my day with no stress.,Low,3.4,5.2,5.2,5.6,2.1,25.0
I feel great mentally and physically.,Low,7.6,7.3,4.4,1.5,2.4,34.0
Feeling positive and mentally free.,Low,2.8,5.1,8.5,3.6,1.7,34.0
Just chilling and enjoying life.,Low,4.0,7.9,7.1,2.9,1.0,1.0
"No worries, just peace and happiness.",Low,2.6,7.2,6.7,4.6,3.3,1.0
I’m enjoying my day with no stress.,Low,3.9,5.8,6.5,4.3,2.2,28.0
Mentally strong and confident.,Low,6.3,3.1,6.2,4.6,0.8,33.0
Everything is under control.,Low,5.9,5.2,8.8,5.4,2.4,15.0
Today has been refreshing and joyful.,Low,6.5,6.0,8.5,3.8,2.2,34.0
Just chilling and enjoying life.,Low,6.6,5.5,4.1,2.0,2.6,35.0
"No signs of stress, I'm doing great.",Low,6.2,4.8,8.4,1.9,2.0,3.0
"No signs of stress, I'm doing great.",Low,6.0,3.2,7.6,5.3,0.7,3.0
"No signs of stress, I'm doing great.",Low,5.1,9.4,6.5,1.9,2.7,7.0
Feeling completely tension‑free today.,Low,3.3,5.3,7.2,4.7,0.8,35.0
I feel emotionally stable and light.,Low,2.5,6.9,4.5,1.5,3.1,37.0
I feel emotionally stable and light.,Low,3.8,4.9,6.4,4.2,1.2,3.0
"No worries, just peace and happiness.",Low,3.0,7.6,5.5,2.7,2.1,23.0
Just chilling and enjoying life.,Low,4.9,4.2,5.2,4.7,3.5,18.0
I’m enjoying my day with no stress.,Low,2.5,7.3,5.2,1.5,1.1,24.0
I feel great mentally and physically.,Low,2.5,7.5,5.6,4.4,3.2,6.0
I am grateful for how things are going.,Low,7.3,5.7,8.8,3.1,1.0,25.0
"No signs of stress, I'm doing great.",Low,6.6,9.3,8.0,1.6,2.6,38.0
I feel relaxed and calm today.,Low,6.9,4.1,5.0,3.5,2.2,37.0
I feel emotionally stable and light.,Low,7.3,8.9,8.4,5.9,1.6,30.0
I feel great mentally and physically.,Low,1.3,4.1,5.5,4.6,1.6,23.0
"No signs of stress, I'm doing great.",Low,7.7,4.9,6.6,4.6,2.5,30.0
Mentally strong and confident.,Low,2.8,4.7,5.9,5.7,1.5,22.0
"No signs of stress, I'm doing great.",Low,1.6,6.5,8.2,4.4,2.1,4.0
Just chilling and enjoying life.,Low,3.2,5.7,8.8,1.4,2.9,35.0
I feel great mentally and physically.,Low,2.4,4.7,6.0,1.9,3.2,2.0
Just chilling and enjoying life.,Low,7.5,4.9,5.7,5.9,0.5,12.0
I feel great mentally and physically.,Low,7.6,8.9,6.1,4.8,3.0,10.0
Just chilling and enjoying life.,Low,4.4,6.9,5.0,1.2,3.0,13.0
Everything feels so peaceful today.,Low,7.7,8.3,8.5,2.2,0.5,3.0
"No signs of stress, I'm doing great.",Low,6.0,6.2,7.9,2.3,3.4,20.0
"No worries, just peace and happiness.",Low,3.2,9.6,4.8,3.3,2.9,39.0
Everything is under control.,Low,1.9,9.1,7.0,3.8,2.3,10.0
Feeling completely tension‑free today.,Low,2.1,7.7,8.4,4.5,3.2,37.0
I feel emotionally stable and light.,Low,2.5,9.6,4.7,2.5,3.4,37.0
Everything feels so peaceful today.,Low,1.4,5.5,4.1,3.5,3.4,18.0
Mentally strong and confident.,Low,4.6,10.0,7.9,4.2,0.6,3.0
Everything is under control.,Low,1.9,5.6,7.6,1.2,0.9,31.0
Feeling positive and mentally free.,Low,4.3,8.6,8.0,1.2,2.8,16.0
Today has been refreshing and joyful.,Low,6.9,4.4,8.9,5.0,1.5,39.0
I feel great mentally and physically.,Low,1.3,5.4,8.5,4.9,3.1,28.0
Feeling positive and mentally free.,Low,7.6,8.4,4.1,5.1,2.6,3.0
Just chilling and enjoying life.,Low,3.8,4.5,7.7,1.9,1.6,18.0
Life feels smooth and peaceful today.,Low,2.0,6.9,7.6,4.8,2.4,33.0
Life feels smooth and peaceful today.,Low,3.9,8.2,4.8,4.4,0.8,5.0
I feel relaxed and calm today.,Low,4.8,5.4,5.8,3.6,0.6,13.0
I feel emotionally stable and light.,Low,3.3,6.0,8.0,5.8,1.2,31.0
Everything is under control.,Low,4.4,4.1,8.1,4.7,2.4,26.0
Mentally strong and confident.,Low,7.4,5.7,4.6,4.8,1.1,33.0
"No worries, just peace and happiness.",Low,3.1,7.1,7.2,2.2,2.2,6.0
"No signs of stress, I'm doing great.",Low,7.3,8.3,6.5,5.2,2.2,1.0
I am grateful for how things are going.,Low,3.4,4.7,8.0,4.9,1.8,24.0
I’m enjoying my day with no stress.,Low,7.4,5.2,9.0,2.3,1.0,19.0
Mentally strong and confident.,Low,5.1,7.2,6.2,5.7,2.8,11.0
I feel emotionally stable and light.,Low,4.8,9.1,8.0,4.5,1.4,27.0
I feel emotionally stable and light.,Low,6.4,8.4,5.3,5.9,2.0,38.0
Everything feels so peaceful today.,Low,7.3,3.7,6.6,4.3,1.6,32.0
"No worries, just peace and happiness.",Low,6.0,9.1,5.1,5.1,2.7,23.0
I feel great mentally and physically.,Low,2.7,8.6,6.0,1.9,1.7,30.0
Feeling completely tension‑free today.,Low,7.7,4.7,6.4,2.7,1.2,12.0
Today has been refreshing and joyful.,Low,3.5,3.8,7.9,3.8,3.1,20.0
I am grateful for how things are going.,Low,4.8,5.0,5.0,5.2,0.9,14.0
Everything is under control.,Low,2.6,6.7,7.0,5.8,3.5,7.0
Just chilling and enjoying life.,Low,5.0,3.4,8.9,1.2,0.6,11.0
Everything is under control.,Low,2.5,5.8,4.1,1.4,2.9,28.0
Feeling positive and mentally free.,Low,7.7,5.7,6.0,2.6,1.6,4.0
I feel emotionally stable and light.,Low,1.5,9.6,7.6,2.0,1.2,28.0
"No signs of stress, I'm doing great.",Low,5.3,7.6,4.9,3.0,3.5,16.0
"No worries, just peace and happiness.",Low,4.3,6.3,8.3,5.1,1.3,30.0
I feel emotionally stable and light.,Low,6.2,8.5,4.4,5.4,1.5,8.0
"No worries, just peace and happiness.",Low,3.6,3.9,8.2,4.5,2.3,32.0
Life feels smooth and peaceful today.,Low,3.2,8.8,6.0,3.7,2.0,22.0
Life feels smooth and peaceful today.,Low,6.3,9.1,5.0,4.0,0.5,3.0
Everything is under control.,Low,3.6,5.1,8.6,3.4,0.8,25.0
"No worries, just peace and happiness.",Low,1.3,3.6,4.8,4.6,0.7,20.0
Everything is under control.,Low,5.8,8.6,4.2,5.3,1.4,20.0
Everything is under control.,Low,5.8,5.8,7.5,2.0,2.8,18.0
"No worries, just peace and happiness.",Low,5.8,7.3,4.8,2.9,1.4,11.0
Everything is under control.,Low,4.6,7.2,6.3,5.7,1.2,18.0
"No worries, just peace and happiness.",Low,4.4,8.6,4.4,2.8,1.0,6.0
Feeling positive and mentally free.,Low,6.0,4.7,8.2,1.1,3.2,14.0
Just chilling and enjoying life.,Low,2.6,3.7,4.1,4.4,0.6,20.0
I’m enjoying my day with no stress.,Low,5.8,7.5,6.1,1.8,0.6,9.0
I feel emotionally stable and light.,Low,1.9,5.7,4.7,3.8,3.0,38.0
I feel relaxed and calm today.,Low,3.0,5.7,5.7,2.6,1.8,35.0
Just chilling and enjoying life.,Low,2.7,8.5,4.0,3.7,1.5,20.0
Life feels smooth and peaceful today.,Low,2.0,3.5,8.8,2.2,2.2,34.0
Life feels smooth and peaceful today.,Low,3.4,7.8,5.0,1.8,1.9,0.0
Feeling completely tension‑free today.,Low,7.6,3.9,6.3,5.6,1.5,4.0
Feeling completely tension‑free today.,Low,7.3,8.5,4.4,4.7,0.8,39.0
Feeling positive and mentally free.,Low,6.1,5.6,6.3,5.7,2.9,11.0
I’m enjoying my day with no stress.,Low,3.7,3.7,8.0,1.7,2.2,13.0
Just chilling and enjoying life.,Low,4.9,3.1,4.7,3.7,0.7,11.0
Today has been refreshing and joyful.,Low,5.5,8.4,7.0,3.1,1.7,36.0
Everything is under control.,Low,4.0,6.4,8.0,2.2,0.7,9.0
"No signs of stress, I'm doing great.",Low,2.2,3.3,8.2,4.9,2.3,31.0
I’m enjoying my day with no stress.,Low,2.4,7.2,6.4,1.7,1.0,27.0
Everything feels so peaceful today.,Low,6.7,7.7,8.0,3.0,2.1,36.0
Today has been refreshing and joyful.,Low,4.5,9.1,8.5,3.9,2.5,4.0
Feeling positive and mentally free.,Low,5.5,7.7,6.4,4.0,2.6,3.0
I feel great mentally and physically.,Low,5.1,3.3,5.4,5.5,1.2,12.0
I am grateful for how things are going.,Low,6.9,4.4,6.7,5.8,1.7,10.0
I’m enjoying my day with no stress.,Low,7.8,8.5,5.0,5.0,1.6,10.0
"No worries, just peace and happiness.",Low,5.9,5.0,8.2,5.9,2.8,38.0
Everything feels so peaceful today.,Low,3.7,7.8,8.7,2.2,2.3,7.0
Just chilling and enjoying life.,Low,4.5,9.7,6.5,1.7,1.5,27.0
Mentally strong and confident.,Low,5.7,8.6,8.7,1.1,1.4,1.0
I am grateful for how things are going.,Low,5.8,8.1,7.6,3.0,3.1,38.0
"No worries, just peace and happiness.",Low,3.1,5.8,8.9,2.4,2.9,11.0
"No signs of stress, I'm doing great.",Low,4.6,4.9,5.7,4.7,1.4,9.0
Just chilling and enjoying life.,Low,2.6,4.1,4.8,1.5,1.1,28.0
Today has been refreshing and joyful.,Low,7.8,7.4,8.2,3.4,1.8,19.0
I am grateful for how things are going.,Low,5.6,4.1,4.7,1.6,2.8,7.0
I feel great mentally and physically.,Low,4.1,4.5,8.4,2.4,2.1,30.0
I feel relaxed and calm today.,Low,4.6,5.2,7.4,6.0,1.3,35.0
I am grateful for how things are going.,Low,3.9,5.3,5.0,2.2,1.3,19.0
Feeling completely tension‑free today.,Low,4.1,5.7,5.3,3.3,1.6,23.0
I’m enjoying my day with no stress.,Low,3.4,4.8,4.1,3.9,3.3,19.0
Everything feels so peaceful today.,Low,5.4,5.0,8.0,2.0,0.6,15.0
Feeling positive and mentally free.,Low,7.8,8.8,8.1,4.8,0.8,0.0
Everything feels so peaceful today.,Low,4.1,8.9,6.3,2.7,2.5,15.0
I am grateful for how things are going.,Low,3.9,6.6,8.1,5.4,1.9,4.0
Life feels smooth and peaceful today.,Low,6.4,7.7,6.9,2.0,3.1,26.0
"No worries, just peace and happiness.",Low,7.1,9.4,5.2,4.3,2.2,12.0
I feel emotionally stable and light.,Low,7.9,4.1,8.5,2.8,3.3,28.0
"No worries, just peace and happiness.",Low,1.9,6.1,7.2,4.1,2.2,4.0
I feel great mentally and physically.,Low,1.1,6.6,7.6,1.2,1.8,36.0
I feel relaxed and calm today.,Low,4.4,6.8,5.9,2.4,2.7,38.0
Everything is under control.,Low,2.2,8.5,8.3,1.4,1.8,26.0
I feel emotionally stable and light.,Low,5.4,9.1,4.4,4.3,2.5,32.0
Just chilling and enjoying life.,Low,4.4,7.2,7.9,2.1,3.0,9.0
I’m enjoying my day with no stress.,Low,5.7,5.4,8.8,3.0,1.6,9.0
I feel relaxed and calm today.,Low,1.2,3.9,5.6,5.7,2.0,25.0
Everything is under control.,Low,7.6,3.3,7.4,5.2,2.5,27.0
Today has been refreshing and joyful.,Low,5.1,5.2,4.7,4.8,3.5,34.0
I feel emotionally stable and light.,Low,3.7,7.8,8.8,5.1,1.3,7.0
I’m enjoying my day with no stress.,Low,1.2,8.6,8.4,4.3,1.2,7.0
Mentally strong and confident.,Low,7.6,4.6,6.1,3.6,1.8,25.0
I feel great mentally and physically.,Low,6.6,4.8,7.8,3.0,1.2,10.0
Today has been refreshing and joyful.,Low,1.4,3.0,5.1,3.9,2.6,12.0
I am grateful for how things are going.,Low,3.1,9.9,7.2,2.8,1.6,32.0
Everything feels so peaceful today.,Low,7.0,6.7,7.6,5.4,1.5,19.0
Mentally strong and confident.,Low,2.2,6.2,5.6,1.1,1.8,33.0
I feel emotionally stable and light.,Low,3.3,3.9,4.3,3.1,2.0,16.0
Everything feels so peaceful today.,Low,5.7,5.0,5.9,3.0,2.0,37.0
I’m enjoying my day with no stress.,Low,4.9,9.7,8.8,3.4,1.1,9.0
"No worries, just peace and happiness.",Low,4.1,3.2,5.0,2.0,0.8,13.0
I feel emotionally stable and light.,Low,3.9,5.5,5.1,5.9,2.3,35.0
Life feels smooth and peaceful today.,Low,6.2,9.4,6.6,3.5,2.4,21.0
I feel great mentally and physically.,Low,4.4,3.1,6.4,5.1,3.1,29.0
I am grateful for how things are going.,Low,7.8,6.5,8.8,2.6,3.2,27.0
Everything feels so peaceful today.,Low,2.2,4.0,4.8,1.8,3.0,32.0
"No signs of stress, I'm doing great.",Low,6.2,9.0,5.1,2.9,1.8,38.0
Feeling completely tension‑free today.,Low,2.5,3.2,5.8,4.4,2.2,33.0
I am grateful for how things are going.,Low,2.9,10.0,7.4,2.9,2.5,36.0
"No worries, just peace and happiness.",Low,4.7,5.5,8.7,2.3,0.9,38.0
I feel great mentally and physically.,Low,2.2,3.5,7.1,3.1,3.0,5.0
Everything is under control.,Low,5.8,3.7,5.5,4.0,0.7,29.0
I’m enjoying my day with no stress.,Low,7.3,9.2,6.6,3.3,3.3,33.0
I feel great mentally and physically.,Low,2.1,4.7,8.8,4.0,1.5,18.0
"No signs of stress, I'm doing great.",Low,2.6,5.4,4.7,1.5,0.5,30.0
Today has been refreshing and joyful.,Low,3.0,7.8,7.0,2.0,2.0,25.0
Everything is under control.,Low,3.4,9.9,7.3,5.7,3.4,37.0
"No signs of stress, I'm doing great.",Low,7.1,6.3,5.1,3.3,1.5,0.0
Everything is under control.,Low,4.6,9.7,8.7,4.9,1.3,10.0
I am grateful for how things are going.,Low,1.0,5.1,5.9,1.5,3.4,18.0
"No signs of stress, I'm doing great.",Low,2.6,4.5,5.5,4.1,1.2,5.0
Today has been refreshing and joyful.,Low,6.1,7.7,7.2,5.2,1.3,33.0
Feeling positive and mentally free.,Low,7.9,9.9,7.0,2.3,1.3,38.0
"No worries, just peace and happiness.",Low,5.1,8.4,6.3,5.3,1.5,32.0
Mentally strong and confident.,Low,5.7,8.8,8.2,4.9,3.0,25.0
I feel emotionally stable and light.,Low,1.5,3.7,7.5,2.1,2.3,5.0
I feel great mentally and physically.,Low,3.9,8.1,6.2,5.6,1.7,9.0
"No worries, just peace and happiness.",Low,3.2,9.3,5.6,4.8,1.6,39.0
Just chilling and enjoying life.,Low,5.6,7.4,4.9,4.4,3.3,30.0
I feel relaxed and calm today.,Low,5.0,5.6,5.2,3.7,1.1,24.0
Everything is under control.,Low,6.4,9.9,7.0,1.8,1.0,0.0
I feel relaxed and calm today.,Low,5.0,3.2,7.5,4.4,2.5,8.0
"No signs of stress, I'm doing great.",Low,6.8,10.0,7.5,4.4,2.4,15.0
I feel relaxed and calm today.,Low,1.7,6.7,4.0,4.3,1.3,3.0
Life feels smooth and peaceful today.,Low,7.6,7.0,8.6,1.3,1.5,11.0
"No worries, just peace and happiness.",Low,1.4,5.0,5.8,4.9,2.9,10.0
I feel relaxed and calm today.,Low,7.9,6.8,4.4,1.1,2.7,18.0
Feeling positive and mentally free.,Low,6.1,3.6,5.7,4.7,2.8,21.0
"No signs of stress, I'm doing great.",Low,6.3,4.8,7.9,1.8,1.2,16.0
I am grateful for how things are going.,Low,4.3,7.4,5.4,4.9,2.7,9.0
Feeling completely tension‑free today.,Low,3.1,7.9,6.7,3.9,1.0,9.0
I’m enjoying my day with no stress.,Low,5.4,7.9,7.5,5.4,1.1,33.0
Feeling positive and mentally free.,Low,3.7,5.7,5.9,1.9,2.8,38.0
Everything feels so peaceful today.,Low,2.9,6.6,6.8,2.0,0.6,16.0
I feel great mentally and physically.,Low,2.9,7.8,6.3,4.7,0.9,6.0
I’m enjoying my day with no stress.,Low,4.3,7.1,4.3,5.2,1.3,22.0
Feeling positive and mentally free.,Low,6.8,3.8,8.0,4.1,1.7,18.0
I feel great mentally and physically.,Low,5.0,4.5,5.9,3.5,2.3,29.0
I’m enjoying my day with no stress.,Low,5.8,5.8,6.5,4.8,2.2,18.0
Everything feels so peaceful today.,Low,1.2,5.4,8.1,5.6,0.9,31.0
Everything is under control.,Low,5.8,7.1,5.6,4.2,3.2,38.0
Feeling completely tension‑free today.,Low,6.7,9.9,5.3,4.0,2.3,29.0
I feel emotionally stable and light.,Low,7.8,9.7,7.3,2.2,1.1,24.0
Mentally strong and confident.,Low,3.9,9.1,6.8,3.7,2.0,4.0
I am grateful for how things are going.,Low,6.4,5.5,7.4,2.3,2.6,1.0
"No signs of stress, I'm doing great.",Low,4.0,3.9,4.6,5.8,2.3,14.0
I feel relaxed and calm today.,Low,6.0,8.1,5.3,4.6,2.8,39.0
I feel great mentally and physically.,Low,7.2,8.6,4.9,1.7,1.9,27.0
"No signs of stress, I'm doing great.",Low,7.7,5.3,6.0,2.2,2.1,5.0
I’m enjoying my day with no stress.,Low,2.3,7.2,4.3,4.1,3.0,24.0
I feel relaxed and calm today.,Low,2.6,5.0,4.2,2.4,1.7,29.0
I feel emotionally stable and light.,Low,3.0,9.4,5.1,4.5,3.4,0.0
I feel relaxed and calm today.,Low,1.7,9.2,7.0,4.9,0.9,31.0
Feeling positive and mentally free.,Low,1.5,8.9,5.4,1.7,2.4,13.0
Today has been refreshing and joyful.,Low,3.2,3.3,6.9,1.1,0.6,8.0
Life feels smooth and peaceful today.,Low,6.7,9.7,5.5,3.1,0.8,8.0
I am grateful for how things are going.,Low,7.5,3.3,8.8,2.7,2.8,0.0
"No signs of stress, I'm doing great.",Low,7.7,8.0,6.7,2.5,2.9,18.0
Today has been refreshing and joyful.,Low,3.2,3.2,8.6,5.5,3.1,27.0
Everything feels so peaceful today.,Low,7.9,7.6,6.4,2.2,1.4,1.0
I feel emotionally stable and light.,Low,2.8,9.0,7.9,4.7,3.3,38.0
I feel relaxed and calm today.,Low,7.1,7.2,4.2,1.7,3.4,38.0
I feel great mentally and physically.,Low,1.9,3.2,5.8,2.6,2.4,17.0
Feeling positive and mentally free.,Low,7.3,3.7,4.1,2.2,1.4,12.0
Everything is under control.,Low,7.7,7.3,6.9,5.2,2.6,19.0
I feel relaxed and calm today.,Low,4.9,7.6,7.7,2.1,1.1,3.0
Today has been refreshing and joyful.,Low,7.9,7.5,6.5,5.7,3.5,33.0
"No worries, just peace and happiness.",Low,2.3,8.4,4.9,5.5,3.0,21.0
Feeling positive and mentally free.,Low,7.2,8.6,4.2,3.6,2.6,24.0
Everything feels so peaceful today.,Low,1.9,7.0,8.9,5.2,2.7,10.0
I am grateful for how things are going.,Low,5.3,3.5,4.8,3.4,0.8,9.0
"No worries, just peace and happiness.",Low,5.8,5.5,5.0,5.8,2.8,0.0
I feel relaxed and calm today.,Low,7.0,4.9,7.0,3.4,0.7,19.0
Mentally strong and confident.,Low,2.1,6.2,8.0,3.4,1.6,37.0
Feeling completely tension‑free today.,Low,6.2,5.3,8.6,3.9,3.4,29.0
"No signs of stress, I'm doing great.",Low,5.4,6.8,6.3,3.3,1.6,31.0
Life feels smooth and peaceful today.,Low,6.0,4.0,8.3,4.1,1.2,38.0
Today has been refreshing and joyful.,Low,7.8,5.0,5.6,2.8,2.2,20.0
I am grateful for how things are going.,Low,4.9,3.3,4.7,2.8,2.0,39.0
Just chilling and enjoying life.,Low,5.9,7.9,8.8,1.1,2.8,25.0
I feel emotionally stable and light.,Low,5.4,6.1,7.7,5.3,2.7,10.0
Mentally strong and confident.,Low,6.3,3.4,7.0,2.8,0.7,26.0
I feel relaxed and calm today.,Low,7.2,5.2,7.2,5.2,1.9,3.0
Today has been refreshing and joyful.,Low,3.1,5.7,8.2,3.2,2.6,6.0
Life feels smooth and peaceful today.,Low,3.7,3.2,5.9,5.0,3.0,29.0
I feel relaxed and calm today.,Low,1.1,3.9,7.8,1.1,2.8,13.0
Mentally strong and confident.,Low,7.8,3.8,6.2,5.1,0.9,15.0
Feeling completely tension‑free today.,Low,1.0,6.3,5.3,4.9,1.7,38.0
Feeling positive and mentally free.,Low,6.4,8.2,6.9,5.9,1.3,4.0
I feel relaxed and calm today.,Low,5.4,8.9,8.5,4.8,2.3,35.0
Mentally strong and confident.,Low,7.7,4.0,8.6,4.8,3.1,1.0
"No signs of stress, I'm doing great.",Low,6.8,5.6,8.5,2.3,3.4,18.0
Feeling completely tension‑free today.,Low,1.6,5.2,5.0,4.7,3.3,20.0
Everything is under control.,Low,3.3,8.5,4.2,5.3,2.8,28.0
Feeling completely tension‑free today.,Low,1.4,9.7,5.5,5.2,2.7,6.0
Mentally strong and confident.,Low,5.1,9.5,6.7,4.2,2.4,37.0
I’m enjoying my day with no stress.,Low,4.9,7.5,5.5,4.7,3.0,7.0
I feel relaxed and calm today.,Low,3.6,9.5,6.1,5.1,2.8,29.0
I feel great mentally and physically.,Low,7.8,7.4,8.7,3.8,3.2,10.0
Mentally strong and confident.,Low,1.4,7.6,5.1,2.0,1.1,12.0
Feeling positive and mentally free.,Low,1.0,8.2,5.8,1.6,2.3,32.0
Feeling completely tension‑free today.,Low,3.7,3.9,4.4,2.5,2.8,22.0
I feel relaxed and calm today.,Low,5.4,3.9,7.7,5.9,2.2,12.0
"No signs of stress, I'm doing great.",Low,1.9,9.6,6.0,2.1,2.3,30.0
Today has been refreshing and joyful.,Low,2.5,3.7,5.2,4.0,0.7,15.0
I feel relaxed and calm today.,Low,6.9,7.1,9.0,2.3,0.8,18.0
Life feels smooth and peaceful today.,Low,2.9,5.3,5.7,2.8,2.3,21.0
Mentally strong and confident.,Low,3.6,8.0,6.3,2.0,3.0,12.0
I feel relaxed and calm today.,Low,1.9,3.5,7.1,2.6,1.1,5.0
Feeling positive and mentally free.,Low,2.0,6.8,8.1,4.5,0.7,15.0
Just chilling and enjoying life.,Low,1.8,4.2,8.1,2.3,1.2,19.0
Life feels smooth and peaceful today.,Low,6.0,8.1,8.3,1.1,1.4,6.0
I feel relaxed and calm today.,Low,1.9,5.5,8.8,4.2,1.9,36.0
I’m enjoying my day with no stress.,Low,2.7,4.9,5.1,4.0,3.0,21.0
I’m enjoying my day with no stress.,Low,6.1,7.0,5.9,5.5,2.4,16.0
I feel great mentally and physically.,Low,4.2,6.0,7.5,1.7,2.3,37.0
"No worries, just peace and happiness.",Low,7.5,6.8,6.7,1.8,3.0,16.0
Life feels smooth and peaceful today.,Low,6.4,3.4,8.1,2.9,1.8,24.0
"No worries, just peace and happiness.",Low,5.0,5.0,7.1,1.1,1.4,6.0
Just chilling and enjoying life.,Low,5.9,9.1,4.9,5.4,1.7,35.0
Everything is under control.,Low,6.8,9.8,6.3,2.7,3.3,24.0
I feel great mentally and physically.,Low,6.3,8.4,8.9,2.8,1.4,0.0
Today has been refreshing and joyful.,Low,4.2,7.5,5.8,5.9,0.5,27.0
I am grateful for how things are going.,Low,6.7,7.0,7.8,5.4,2.7,5.0
Feeling positive and mentally free.,Low,7.5,6.1,5.5,5.2,0.8,29.0
Life feels smooth and peaceful today.,Low,4.8,3.1,8.8,4.6,3.0,28.0
"No signs of stress, I'm doing great.",Low,3.0,9.7,5.7,4.6,0.9,20.0
Everything is under control.,Low,5.9,9.2,7.5,4.8,3.0,4.0
Feeling completely tension‑free today.,Low,3.7,5.3,6.1,1.9,1.8,27.0
I feel relaxed and calm today.,Low,7.6,7.9,5.6,1.3,0.5,38.0
I’m enjoying my day with no stress.,Low,1.3,4.4,6.2,5.4,2.6,8.0
I am grateful for how things are going.,Low,2.7,4.8,7.9,3.0,2.3,26.0
I feel great mentally and physically.,Low,7.1,8.1,8.4,5.1,2.3,6.0
Feeling completely tension‑free today.,Low,8.0,7.9,5.1,4.8,1.7,34.0
I feel emotionally stable and light.,Low,4.7,7.2,5.4,1.1,1.1,21.0
Mentally strong and confident.,Low,6.4,8.6,6.6,2.9,3.4,16.0
"No signs of stress, I'm doing great.",Low,1.5,7.6,5.9,1.9,0.6,26.0
Today has been refreshing and joyful.,Low,4.0,3.7,4.6,3.2,1.2,21.0
Mentally strong and confident.,Low,2.1,4.7,7.1,3.0,2.7,8.0
Just chilling and enjoying life.,Low,6.1,4.7,5.5,4.1,0.9,12.0
Everything feels so peaceful today.,Low,7.6,5.3,7.7,3.3,2.3,22.0
Feeling completely tension‑free today.,Low,1.6,4.4,5.3,5.6,1.1,32.0
Today has been refreshing and joyful.,Low,6.1,7.5,5.1,2.1,1.1,11.0
Feeling positive and mentally free.,Low,5.6,7.6,5.6,4.7,1.3,21.0
I’m enjoying my day with no stress.,Low,2.7,3.6,8.2,3.6,2.8,39.0
I feel relaxed and calm today.,Low,5.0,7.1,5.6,3.1,3.1,28.0
Mentally strong and confident.,Low,5.8,7.9,5.9,4.2,1.5,34.0
Mentally strong and confident.,Low,1.8,7.4,5.8,1.1,1.8,25.0
Just chilling and enjoying life.,Low,5.3,9.4,4.2,1.1,2.0,38.0
Everything is under control.,Low,2.6,4.9,5.0,5.7,3.4,4.0
"No signs of stress, I'm doing great.",Low,1.6,8.5,6.4,3.5,0.6,28.0
Everything feels so peaceful today.,Low,3.4,7.4,5.7,4.6,2.8,26.0
I am grateful for how things are going.,Low,3.7,5.7,6.0,3.1,2.6,8.0
I’m enjoying my day with no stress.,Low,1.4,8.0,4.9,4.0,2.0,21.0
Today has been refreshing and joyful.,Low,5.2,9.9,8.6,5.4,1.1,15.0
Today has been refreshing and joyful.,Low,7.8,9.1,5.5,2.2,0.9,26.0
Life feels smooth and peaceful today.,Low,7.2,7.8,7.1,1.0,2.3,27.0
Today has been refreshing and joyful.,Low,3.8,3.6,6.7,4.6,1.1,24.0
Feeling positive and mentally free.,Low,2.8,9.4,8.4,5.2,3.5,27.0
Feeling positive and mentally free.,Low,4.0,5.7,7.9,3.8,3.0,18.0
Life feels smooth and peaceful today.,Low,3.1,7.2,8.4,5.1,2.7,28.0
Everything is under control.,Low,2.1,6.5,8.8,1.7,2.2,22.0
I feel relaxed and calm today.,Low,2.0,9.8,8.5,4.4,2.6,35.0
Feeling completely tension‑free today.,Low,6.8,3.8,5.5,4.5,2.1,36.0
Feeling completely tension‑free today.,Low,7.0,8.9,8.9,4.4,2.5,33.0
"No signs of stress, I'm doing great.",Low,1.4,8.0,5.5,5.6,2.9,1.0
Just chilling and enjoying life.,Low,3.1,10.0,5.1,3.6,1.9,22.0
Feeling positive and mentally free.,Low,6.2,9.5,6.3,4.0,0.9,36.0
"No worries, just peace and happiness.",Low,4.5,8.6,7.2,2.6,1.4,10.0
I am grateful for how things are going.,Low,5.9,3.6,7.1,3.0,1.4,3.0
"No signs of stress, I'm doing great.",Low,6.2,9.4,7.7,1.0,1.4,28.0
Mentally strong and confident.,Low,2.5,7.7,8.6,4.3,1.9,10.0
Everything is under control.,Low,6.4,5.9,6.7,2.6,2.4,9.0
I’m enjoying my day with no stress.,Low,6.5,4.0,8.0,3.3,1.0,15.0
Today has been refreshing and joyful.,Low,1.5,3.5,4.6,2.0,0.6,31.0
I feel relaxed and calm today.,Low,1.8,3.7,7.4,2.4,1.4,15.0
I feel emotionally stable and light.,Low,7.1,6.5,8.4,4.3,2.9,28.0
Life feels smooth and peaceful today.,Low,5.8,8.2,4.1,3.4,2.4,5.0
Everything is under control.,Low,4.1,4.0,6.8,6.0,0.6,35.0
Today has been refreshing and joyful.,Low,5.3,7.6,8.8,5.9,2.5,23.0
Everything is under control.,Low,7.0,3.9,4.4,1.5,1.5,35.0
Everything feels so peaceful today.,Low,2.0,6.4,8.2,1.2,0.7,24.0
Everything is under control.,Low,3.9,7.0,8.3,1.8,2.8,28.0
"No signs of stress, I'm doing great.",Low,7.7,7.7,8.2,5.5,2.7,31.0
Everything feels so peaceful today.,Low,5.1,4.3,4.6,1.5,1.4,4.0
I’m enjoying my day with no stress.,Low,1.7,8.1,6.8,3.2,1.7,36.0
"No worries, just peace and happiness.",Low,2.0,5.0,8.9,4.0,2.4,39.0
I’m enjoying my day with no stress.,Low,2.8,5.7,7.6,5.7,1.1,2.0
Just chilling and enjoying life.,Low,1.2,5.7,6.7,5.2,2.9,30.0
I feel great mentally and physically.,Low,5.4,8.1,5.4,3.1,2.5,20.0
Life feels smooth and peaceful today.,Low,6.8,4.2,7.5,5.5,0.6,18.0
Everything feels so peaceful today.,Low,6.5,8.6,7.2,3.8,1.5,7.0
Just chilling and enjoying life.,Low,5.5,5.6,5.3,4.2,2.0,0.0
I’m enjoying my day with no stress.,Low,4.6,9.0,9.0,4.1,2.5,32.0
Today has been refreshing and joyful.,Low,3.6,9.6,7.8,2.8,0.9,6.0
Today has been refreshing and joyful.,Low,5.9,3.7,5.2,3.2,2.5,36.0
Mentally strong and confident.,Low,5.8,5.4,5.3,4.2,1.3,11.0
"No signs of stress, I'm doing great.",Low,3.7,7.5,5.3,3.6,2.1,7.0
"No signs of stress, I'm doing great.",Low,3.2,5.3,8.6,5.1,2.1,0.0
Everything feels so peaceful today.,Low,5.5,6.0,8.1,2.7,0.9,21.0
I’m enjoying my day with no stress.,Low,6.1,4.4,4.0,4.5,3.4,37.0
Life feels smooth and peaceful today.,Low,7.7,5.3,5.4,4.4,2.0,0.0
I am grateful for how things are going.,Low,8.0,5.5,5.2,2.5,2.7,12.0
Mentally strong and confident.,Low,1.9,10.0,7.3,1.2,0.6,5.0
"No signs of stress, I'm doing great.",Low,6.6,6.6,8.1,4.2,2.1,0.0
Feeling completely tension‑free today.,Low,6.2,4.2,7.3,3.6,1.7,7.0
I feel great mentally and physically.,Low,7.3,9.6,8.1,3.0,1.4,23.0
Feeling completely tension‑free today.,Low,4.5,4.5,7.8,3.7,1.7,30.0
"No worries, just peace and happiness.",Low,3.0,8.1,6.1,4.2,3.0,9.0
Mentally strong and confident.,Low,3.3,5.5,5.9,3.5,2.6,20.0
Today has been refreshing and joyful.,Low,1.1,7.6,7.6,6.0,1.8,15.0
Just chilling and enjoying life.,Low,1.8,7.3,4.0,5.0,0.5,16.0
Everything is under control.,Low,5.8,8.5,5.1,2.5,1.3,16.0
I am grateful for how things are going.,Low,3.3,3.3,8.7,3.9,1.1,28.0
I am grateful for how things are going.,Low,7.2,5.5,5.4,2.3,2.3,35.0
Everything feels so peaceful today.,Low,6.3,3.2,8.4,5.0,1.7,16.0
Everything feels so peaceful today.,Low,6.9,7.2,5.9,5.9,1.4,21.0
I feel emotionally stable and light.,Low,7.8,4.0,7.2,3.9,2.4,36.0
Everything is under control.,Low,5.2,5.7,5.6,3.5,2.8,15.0
I am grateful for how things are going.,Low,2.9,8.1,4.7,2.3,1.4,0.0
Everything is under control.,Low,3.7,9.6,8.1,4.4,2.7,9.0
Life feels smooth and peaceful today.,Low,1.6,7.5,6.5,4.3,2.8,36.0
Just chilling and enjoying life.,Low,4.2,7.3,8.3,1.5,1.3,31.0
Life feels smooth and peaceful today.,Low,3.0,5.5,8.7,5.4,3.3,26.0
I am grateful for how things are going.,Low,5.5,4.7,8.4,5.8,0.8,34.0
Mentally strong and confident.,Low,2.8,4.8,8.6,4.4,0.7,5.0
Feeling positive and mentally free.,Low,4.3,6.7,5.4,5.0,3.2,6.0
Feeling completely tension‑free today.,Low,7.8,6.0,5.8,1.6,2.3,16.0
Today has been refreshing and joyful.,Low,4.1,9.7,5.9,4.0,0.7,33.0
I feel relaxed and calm today.,Low,6.6,4.8,8.9,3.8,2.3,29.0
Just chilling and enjoying life.,Low,2.7,3.4,4.2,3.3,1.4,13.0
Today has been refreshing and joyful.,Low,3.6,3.5,6.7,2.3,1.7,34.0
I’m enjoying my day with no stress.,Low,3.8,7.8,7.8,5.8,1.6,25.0
"No signs of stress, I'm doing great.",Low,4.6,5.1,7.7,1.3,1.9,6.0
Just chilling and enjoying life.,Low,4.6,9.1,7.3,2.3,3.0,38.0
Today has been refreshing and joyful.,Low,4.2,6.3,5.4,3.2,1.0,8.0
I feel emotionally stable and light.,Low,3.9,5.6,6.9,4.6,1.1,5.0
I’m enjoying my day with no stress.,Low,2.8,3.7,4.6,1.8,0.7,29.0
"No worries, just peace and happiness.",Low,1.8,5.7,4.9,4.7,3.1,12.0
Feeling completely tension‑free today.,Low,1.4,5.8,6.3,4.4,1.3,16.0
Today has been refreshing and joyful.,Low,5.0,4.2,7.5,5.8,0.5,25.0
I feel relaxed and calm today.,Low,7.2,9.4,7.1,5.4,2.3,7.0
Everything is under control.,Low,8.0,7.7,6.4,4.8,2.6,30.0
Feeling positive and mentally free.,Low,1.3,8.4,8.4,4.4,1.2,15.0
I’m enjoying my day with no stress.,Low,2.6,3.7,7.6,5.5,1.8,2.0
I feel relaxed and calm today.,Low,6.5,5.0,4.3,2.8,0.7,26.0
Feeling completely tension‑free today.,Low,4.1,7.7,7.7,4.8,0.9,5.0
"No signs of stress, I'm doing great.",Low,6.5,4.5,5.3,4.1,2.7,37.0
I am grateful for how things are going.,Low,3.3,5.6,5.1,1.3,2.2,29.0
Everything feels so peaceful today.,Low,2.9,4.6,6.5,2.9,0.7,33.0
Just chilling and enjoying life.,Low,2.9,4.6,8.5,4.2,2.0,12.0
"No worries, just peace and happiness.",Low,3.3,7.8,8.6,2.9,1.4,19.0
Mentally strong and confident.,Low,1.9,4.8,8.9,3.3,1.1,21.0
Mentally strong and confident.,Low,8.0,7.2,7.0,4.0,1.3,2.0
Everything feels so peaceful today.,Low,6.7,5.4,8.9,2.7,2.8,1.0
I am grateful for how things are going.,Low,6.7,3.4,4.9,1.3,2.2,23.0
I feel relaxed and calm today.,Low,3.0,6.0,8.9,4.1,3.3,1.0
I feel emotionally stable and light.,Low,6.8,6.7,5.4,3.0,2.4,8.0
Feeling completely tension‑free today.,Low,3.6,6.0,8.7,4.4,0.7,28.0
I feel relaxed and calm today.,Low,4.9,6.8,5.3,5.3,3.1,25.0
"No worries, just peace and happiness.",Low,2.1,6.1,5.3,2.9,1.7,32.0
I feel great mentally and physically.,Low,2.5,7.2,7.6,2.3,2.8,27.0
Feeling positive and mentally free.,Low,2.6,5.6,5.4,5.4,3.2,4.0
I am grateful for how things are going.,Low,3.4,9.2,4.8,5.2,2.8,25.0
Everything feels so peaceful today.,Low,2.3,5.0,4.8,4.9,2.8,17.0
Mentally strong and confident.,Low,2.7,3.7,5.1,1.3,3.0,33.0
I am grateful for how things are going.,Low,2.4,8.0,8.7,3.5,0.7,15.0
"No worries, just peace and happiness.",Low,6.0,9.3,8.9,2.1,3.5,11.0
I feel great mentally and physically.,Low,1.5,7.8,6.2,5.6,2.1,6.0
"No signs of stress, I'm doing great.",Low,6.7,5.1,8.2,4.9,3.0,34.0
Today has been refreshing and joyful.,Low,5.4,4.7,5.4,2.0,1.3,34.0
Everything feels so peaceful today.,Low,1.5,6.5,4.2,4.3,0.9,18.0
I feel emotionally stable and light.,Low,2.0,6.4,6.9,3.1,1.1,28.0
I feel emotionally stable and light.,Low,7.6,8.4,8.1,4.5,2.0,34.0
Everything is under control.,Low,5.3,6.9,5.9,3.4,2.0,29.0
Everything is under control.,Low,6.6,3.3,4.9,5.5,0.8,37.0
Just chilling and enjoying life.,Low,2.8,7.0,8.5,5.1,2.3,11.0
I am grateful for how things are going.,Low,7.9,5.0,8.4,1.2,1.6,34.0
Everything feels so peaceful today.,Low,1.7,9.0,8.8,5.1,0.7,4.0
Feeling positive and mentally free.,Low,6.2,4.2,8.7,3.4,2.1,20.0
"No signs of stress, I'm doing great.",Low,5.0,5.2,5.0,2.3,2.5,11.0
I feel relaxed and calm today.,Low,6.2,9.6,6.3,2.4,1.5,39.0
I am grateful for how things are going.,Low,4.9,3.9,8.3,2.1,1.8,1.0
"No signs of stress, I'm doing great.",Low,5.3,3.7,4.5,3.7,1.0,10.0
Mentally strong and confident.,Low,2.0,8.6,8.7,4.1,1.9,7.0
Feeling completely tension‑free today.,Low,4.5,3.5,8.1,5.0,0.9,25.0
I feel relaxed and calm today.,Low,2.7,4.8,7.3,5.3,2.2,36.0
I am grateful for how things are going.,Low,6.1,5.1,8.0,5.4,2.3,20.0
"No worries, just peace and happiness.",Low,4.5,8.4,7.4,5.0,3.4,37.0
I am grateful for how things are going.,Low,5.3,5.7,6.3,5.9,2.2,38.0
I feel relaxed and calm today.,Low,3.7,4.1,8.1,5.0,1.6,23.0
Just chilling and enjoying life.,Low,1.3,9.2,6.3,3.5,0.8,4.0
I am grateful for how things are going.,Low,2.7,8.9,6.2,2.2,2.3,31.0
"No worries, just peace and happiness.",Low,4.8,8.4,6.5,3.5,1.9,36.0
I feel emotionally stable and light.,Low,1.1,5.4,7.2,6.0,3.4,21.0
I am grateful for how things are going.,Low,7.8,9.3,6.0,1.6,0.7,32.0
I am grateful for how things are going.,Low,1.3,4.1,5.2,2.4,3.3,25.0
"No worries, just peace and happiness.",Low,2.1,4.7,6.8,4.5,0.9,5.0
I feel emotionally stable and light.,Low,7.5,8.4,4.2,5.4,3.1,22.0
"No signs of stress, I'm doing great.",Low,3.0,7.0,4.4,3.4,1.6,7.0
"No worries, just peace and happiness.",Low,4.6,3.3,5.9,6.0,1.4,32.0
Everything feels so peaceful today.,Low,6.9,6.6,4.9,1.2,1.3,11.0
I am grateful for how things are going.,Low,3.2,5.3,8.9,3.7,1.5,15.0
Everything feels so peaceful today.,Low,5.8,5.9,8.0,3.8,1.2,2.0
Just chilling and enjoying life.,Low,6.8,3.6,6.9,3.5,3.4,1.0
I feel great mentally and physically.,Low,3.0,8.7,8.0,2.9,1.6,33.0
I feel great mentally and physically.,Low,1.2,4.9,7.2,4.5,2.5,21.0
I feel relaxed and calm today.,Low,6.1,3.7,5.5,4.8,1.4,8.0
Feeling completely tension‑free today.,Low,7.1,8.3,5.1,5.8,3.2,14.0
Feeling completely tension‑free today.,Low,5.7,8.8,6.2,4.1,2.4,38.0
Today has been refreshing and joyful.,Low,4.7,6.5,4.9,1.8,2.9,8.0
Today has been refreshing and joyful.,Low,2.3,3.2,6.7,5.4,3.1,30.0
Life feels smooth and peaceful today.,Low,3.0,7.1,8.5,1.9,0.6,3.0
Mentally strong and confident.,Low,6.7,5.3,4.8,1.7,2.4,33.0
Today has been refreshing and joyful.,Low,2.4,8.2,7.6,5.4,1.0,14.0
Life feels smooth and peaceful today.,Low,5.6,8.1,5.8,4.1,1.0,37.0
I am grateful for how things are going.,Low,7.5,5.5,6.6,4.0,2.2,11.0
Everything feels so peaceful today.,Low,2.3,8.0,6.8,4.6,0.9,21.0
I’m enjoying my day with no stress.,Low,4.1,7.5,6.8,3.1,1.9,6.0
Life feels smooth and peaceful today.,Low,7.6,8.6,6.4,5.4,1.4,4.0
Everything is under control.,Low,1.5,8.2,7.9,5.4,1.3,22.0
Just chilling and enjoying life.,Low,4.1,8.5,7.6,5.3,1.4,13.0
I’m enjoying my day with no stress.,Low,6.5,7.2,8.7,3.2,3.3,23.0
Feeling positive and mentally free.,Low,5.1,8.2,6.5,1.4,3.0,6.0
Life feels smooth and peaceful today.,Low,3.7,3.7,6.5,1.8,2.8,35.0
Life feels smooth and peaceful today.,Low,6.9,8.6,8.1,5.4,3.3,6.0
I feel relaxed and calm today.,Low,2.5,5.6,4.3,4.6,3.3,10.0
Today has been refreshing and joyful.,Low,5.4,7.0,4.8,5.1,3.1,18.0
Feeling completely tension‑free today.,Low,4.7,3.4,4.1,4.7,3.3,24.0
I feel emotionally stable and light.,Low,5.6,7.2,8.7,4.2,2.7,17.0
Feeling completely tension‑free today.,Low,5.6,6.2,5.2,1.4,2.0,15.0
Life feels smooth and peaceful today.,Low,4.5,7.9,6.2,4.7,1.4,29.0
I’m enjoying my day with no stress.,Low,3.6,8.0,7.7,3.6,1.3,19.0
I feel relaxed and calm today.,Low,7.0,4.2,8.4,1.7,2.8,24.0
Everything is under control.,Low,6.3,8.5,5.8,1.4,3.2,12.0
"No worries, just peace and happiness.",Low,2.5,9.7,6.4,2.6,2.2,33.0
Just chilling and enjoying life.,Low,4.1,8.4,5.8,3.7,1.2,2.0
I am grateful for how things are going.,Low,3.3,6.8,6.1,3.0,2.0,36.0
I feel relaxed and calm today.,Low,4.7,6.5,5.5,4.8,1.3,16.0
Everything feels so peaceful today.,Low,4.3,4.3,8.6,3.1,2.5,29.0
"No worries, just peace and happiness.",Low,7.3,9.1,6.7,5.1,0.8,10.0
Life feels smooth and peaceful today.,Low,6.7,3.4,7.6,3.5,2.0,31.0
Life feels smooth and peaceful today.,Low,7.9,7.8,4.9,1.3,3.0,29.0
Just chilling and enjoying life.,Low,4.2,5.0,7.5,4.2,1.1,24.0
I’m enjoying my day with no stress.,Low,6.2,6.1,4.2,2.2,1.7,1.0
I feel great mentally and physically.,Low,5.2,7.3,6.4,3.1,1.8,31.0
Feeling completely tension‑free today.,Low,5.1,3.1,4.7,1.2,1.4,19.0
Mentally strong and confident.,Low,7.1,9.7,8.7,1.5,2.5,5.0
Today has been refreshing and joyful.,Low,1.2,6.7,8.2,3.7,0.8,21.0
I feel great mentally and physically.,Low,2.5,7.6,7.1,2.9,1.5,5.0
I feel great mentally and physically.,Low,2.1,7.6,5.3,4.3,2.6,9.0
I am grateful for how things are going.,Low,2.6,8.2,8.2,2.1,1.7,32.0
I’m enjoying my day with no stress.,Low,5.4,7.6,7.2,2.5,3.4,4.0
Feeling completely tension‑free today.,Low,8.0,6.7,6.4,5.6,1.6,0.0
Just chilling and enjoying life.,Low,6.3,9.1,8.7,4.7,3.5,26.0
I am grateful for how things are going.,Low,3.2,9.9,7.7,4.1,3.3,9.0
"No signs of stress, I'm doing great.",Low,4.2,7.8,7.6,4.0,2.8,31.0
Mentally strong and confident.,Low,7.0,7.8,5.3,3.9,2.1,24.0
I am grateful for how things are going.,Low,7.0,6.8,5.1,3.8,3.5,32.0
I’m enjoying my day with no stress.,Low,4.2,4.6,5.5,2.8,2.1,23.0
I feel emotionally stable and light.,Low,7.6,4.6,7.4,4.0,2.0,0.0
I’m enjoying my day with no stress.,Low,4.8,4.4,6.8,2.3,1.9,18.0
I feel great mentally and physically.,Low,4.2,7.0,4.5,3.7,1.0,26.0
I’m enjoying my day with no stress.,Low,7.9,8.9,7.7,3.3,1.4,25.0
Feeling positive and mentally free.,Low,4.9,4.5,4.9,5.3,2.5,16.0
I am grateful for how things are going.,Low,3.0,4.2,6.6,5.5,0.5,17.0
I am grateful for how things are going.,Low,4.7,4.7,4.8,2.6,3.3,3.0
"No signs of stress, I'm doing great.",Low,7.5,6.5,5.1,2.2,2.5,35.0
Just chilling and enjoying life.,Low,5.0,4.3,5.6,1.4,1.7,29.0
Feeling positive and mentally free.,Low,7.9,8.8,8.8,3.3,1.7,15.0
Just chilling and enjoying life.,Low,4.3,3.8,5.5,2.7,1.1,8.0
I feel relaxed and calm today.,Low,1.2,9.2,7.8,2.1,1.9,39.0
I feel great mentally and physically.,Low,6.1,5.8,4.3,4.1,2.3,26.0
"No worries, just peace and happiness.",Low,7.3,8.3,8.6,2.6,1.7,39.0
Everything feels so peaceful today.,Low,1.1,7.4,8.6,1.6,3.0,10.0
Life feels smooth and peaceful today.,Low,5.7,6.4,6.6,4.0,2.8,1.0
Everything is under control.,Low,1.8,5.0,6.0,2.6,2.8,3.0
Mentally strong and confident.,Low,3.4,3.3,4.3,2.4,2.1,34.0
I feel relaxed and calm today.,Low,7.8,8.5,5.7,5.1,2.2,15.0
Mentally strong and confident.,Low,6.0,8.9,5.1,1.1,2.6,20.0
I am grateful for how things are going.,Low,7.0,8.5,6.2,5.1,3.2,35.0
"No signs of stress, I'm doing great.",Low,5.3,9.7,7.4,3.4,2.2,32.0
Just chilling and enjoying life.,Low,4.3,9.3,4.4,4.4,1.3,4.0
"No worries, just peace and happiness.",Low,5.3,7.1,8.0,3.9,1.1,13.0
Mentally strong and confident.,Low,4.2,9.9,5.5,2.0,2.8,32.0
Just chilling and enjoying life.,Low,4.8,7.1,8.2,2.6,1.2,34.0
Mentally strong and confident.,Low,4.1,4.8,6.3,2.1,1.3,11.0
Feeling completely tension‑free today.,Low,3.1,6.2,6.7,2.7,2.8,29.0
Just chilling and enjoying life.,Low,3.8,6.6,4.1,5.9,3.2,30.0
Feeling positive and mentally free.,Low,4.4,6.6,5.3,3.8,2.2,34.0
Life feels smooth and peaceful today.,Low,5.1,7.7,7.5,1.6,2.2,1.0
Today has been refreshing and joyful.,Low,1.4,7.9,6.9,3.6,1.9,26.0
I feel emotionally stable and light.,Low,5.3,5.0,5.0,5.2,1.5,3.0
"No signs of stress, I'm doing great.",Low,3.5,4.5,6.3,5.6,3.3,37.0
"No signs of stress, I'm doing great.",Low,5.8,6.8,8.2,3.0,1.4,32.0
"No worries, just peace and happiness.",Low,3.3,4.6,7.1,3.3,2.4,23.0
Life feels smooth and peaceful today.,Low,3.2,3.8,5.6,1.2,2.2,38.0
I feel great mentally and physically.,Low,7.0,8.5,6.3,2.3,1.3,21.0
I’m enjoying my day with no stress.,Low,3.0,5.5,6.9,4.6,2.4,6.0
I feel great mentally and physically.,Low,6.8,3.2,4.5,2.0,0.8,1.0
I feel emotionally stable and light.,Low,7.7,9.6,7.7,4.0,2.4,14.0
I am grateful for how things are going.,Low,7.5,7.9,6.4,2.5,1.7,6.0
Everything feels so peaceful today.,Low,2.7,4.8,7.9,5.1,0.7,27.0
Feeling completely tension‑free today.,Low,5.7,7.8,6.8,2.6,0.8,2.0
I feel great mentally and physically.,Low,1.6,8.3,5.3,5.3,1.2,32.0
I feel emotionally stable and light.,Low,7.4,8.1,7.5,1.1,2.4,0.0
I feel relaxed and calm today.,Low,3.2,6.9,6.5,1.3,1.5,34.0
Feeling positive and mentally free.,Low,7.8,7.2,8.7,3.4,1.5,39.0
I am grateful for how things are going.,Low,1.2,3.5,4.3,3.7,1.1,32.0
Everything is under control.,Low,2.9,8.3,6.5,2.1,2.5,26.0
I feel emotionally stable and light.,Low,7.8,4.6,8.1,4.7,1.8,24.0
Everything is under control.,Low,4.3,3.0,4.0,6.0,2.4,0.0
Everything feels so peaceful today.,Low,6.1,6.5,6.7,3.3,2.4,11.0
Life feels smooth and peaceful today.,Low,4.5,3.1,4.8,1.4,2.5,23.0
"No signs of stress, I'm doing great.",Low,6.9,5.5,5.9,4.0,1.5,2.0
Everything feels so peaceful today.,Low,4.0,6.9,6.0,2.8,0.6,28.0
Just chilling and enjoying life.,Low,4.1,3.9,5.7,5.7,0.9,24.0
Today has been refreshing and joyful.,Low,1.3,6.7,7.8,1.6,2.5,6.0
I feel great mentally and physically.,Low,3.2,9.6,5.8,2.8,1.4,16.0
Today has been refreshing and joyful.,Low,3.0,4.9,4.1,2.3,1.6,31.0
I’m enjoying my day with no stress.,Low,6.9,7.9,8.8,4.2,3.3,30.0
I am grateful for how things are going.,Low,7.5,5.2,8.3,5.3,3.1,14.0
"No worries, just peace and happiness.",Low,4.3,6.4,6.3,6.0,1.3,34.0
Everything feels so peaceful today.,Low,5.2,4.8,8.8,4.1,2.8,13.0
Life feels smooth and peaceful today.,Low,1.1,6.7,7.8,2.7,2.4,38.0
Everything feels so peaceful today.,Low,3.8,8.6,8.4,5.4,1.9,5.0
I am grateful for how things are going.,Low,4.7,6.1,5.2,3.4,1.4,27.0
Today has been refreshing and joyful.,Low,3.3,7.7,7.4,1.8,1.0,27.0
Everything is under control.,Low,1.7,8.4,5.7,1.4,2.4,1.0
Everything is under control.,Low,5.1,9.1,8.1,2.2,2.8,15.0
I feel emotionally stable and light.,Low,4.9,10.0,6.3,5.4,1.3,30.0
Everything is under control.,Low,6.8,9.3,7.2,4.8,1.1,25.0
Today has been refreshing and joyful.,Low,4.1,5.6,5.0,1.1,1.6,30.0
"No signs of stress, I'm doing great.",Low,6.3,9.6,7.2,4.8,2.7,12.0
"No worries, just peace and happiness.",Low,3.7,7.3,6.3,1.0,1.7,20.0
I’m enjoying my day with no stress.,Low,3.5,7.8,5.4,3.5,2.4,26.0
Feeling completely tension‑free today.,Low,1.3,9.4,8.0,5.9,1.1,38.0
Life feels smooth and peaceful today.,Low,1.5,9.6,8.1,1.7,1.7,31.0
I’m enjoying my day with no stress.,Low,1.7,7.4,4.8,2.8,3.3,8.0
I feel great mentally and physically.,Low,7.8,3.6,5.2,1.5,3.1,33.0
I am grateful for how things are going.,Low,3.8,9.1,7.2,3.1,3.4,31.0
I feel emotionally stable and light.,Low,5.9,5.1,6.8,1.8,0.7,19.0
Mentally strong and confident.,Low,6.6,7.7,7.7,3.6,0.7,14.0
Life feels smooth and peaceful today.,Low,7.2,7.8,8.8,4.9,0.7,7.0
Just chilling and enjoying life.,Low,2.4,4.1,8.0,2.2,2.7,11.0
I feel emotionally stable and light.,Low,7.9,10.0,7.0,2.0,0.5,7.0
Life feels smooth and peaceful today.,Low,3.8,6.1,4.8,3.7,1.9,35.0
Feeling completely tension‑free today.,Low,1.1,5.4,4.1,1.3,2.9,3.0
Life feels smooth and peaceful today.,Low,2.5,8.7,4.9,4.3,1.8,39.0
I feel relaxed and calm today.,Low,5.6,5.7,4.7,1.6,3.3,21.0
I feel relaxed and calm today.,Low,2.6,5.1,6.1,3.4,1.7,30.0
Today has been refreshing and joyful.,Low,5.8,6.7,7.5,3.2,3.1,15.0
I feel relaxed and calm today.,Low,6.0,5.6,5.3,2.3,1.1,29.0
I feel great mentally and physically.,Low,2.8,8.5,7.9,4.7,1.9,26.0
I’m enjoying my day with no stress.,Low,2.1,8.9,5.6,5.7,1.0,36.0
I feel relaxed and calm today.,Low,5.8,7.4,7.6,3.6,3.2,33.0
I am grateful for how things are going.,Low,5.2,4.7,5.8,4.2,1.7,30.0
Just chilling and enjoying life.,Low,2.1,3.6,6.9,4.1,1.2,22.0
Today has been refreshing and joyful.,Low,1.8,5.0,4.7,1.2,1.8,29.0
Feeling positive and mentally free.,Low,6.6,3.4,8.7,5.2,2.0,10.0
"No signs of stress, I'm doing great.",Low,5.7,7.0,6.1,1.0,3.2,38.0
Everything feels so peaceful today.,Low,2.8,9.1,7.4,5.8,2.5,1.0
I feel great mentally and physically.,Low,4.5,5.9,6.1,1.6,2.9,21.0
Everything feels so peaceful today.,Low,5.5,8.9,8.9,2.7,1.4,10.0
Feeling completely tension‑free today.,Low,1.7,8.0,5.3,2.2,1.4,39.0
Everything is under control.,Low,2.4,6.6,6.6,1.6,0.9,20.0
Feeling completely tension‑free today.,Low,3.5,4.4,7.8,3.4,0.6,10.0
"No signs of stress, I'm doing great.",Low,4.5,5.4,8.2,2.8,2.1,7.0
Today has been refreshing and joyful.,Low,1.4,4.9,7.8,2.7,0.6,28.0
Life feels smooth and peaceful today.,Low,7.9,7.0,5.4,2.0,1.1,6.0
Everything is under control.,Low,5.4,5.7,6.2,2.9,2.6,29.0
I feel emotionally stable and light.,Low,1.6,7.7,8.4,4.4,2.6,30.0
Life feels smooth and peaceful today.,Low,2.5,3.3,5.0,1.8,3.5,37.0
Mentally strong and confident.,Low,5.6,8.1,6.1,1.7,1.5,28.0
Feeling completely tension‑free today.,Low,7.4,4.4,4.9,1.3,0.5,5.0
I feel relaxed and calm today.,Low,2.1,8.5,4.8,3.6,2.3,36.0
I feel great mentally and physically.,Low,5.1,6.3,5.7,5.3,1.1,25.0
"No worries, just peace and happiness.",Low,2.6,8.9,6.3,4.0,1.1,35.0
Everything is under control.,Low,7.4,6.7,6.3,4.6,1.7,17.0
Mentally strong and confident.,Low,3.8,5.9,6.0,1.7,2.6,24.0
Mentally strong and confident.,Low,7.7,5.7,6.8,1.1,2.3,14.0
I feel great mentally and physically.,Low,5.7,3.5,8.5,5.0,1.5,18.0
I feel relaxed and calm today.,Low,6.6,4.9,8.4,2.3,1.6,22.0
"No worries, just peace and happiness.",Low,3.8,8.2,7.8,4.8,2.4,38.0
Mentally strong and confident.,Low,3.1,7.3,6.1,5.5,0.7,19.0
I’m enjoying my day with no stress.,Low,1.8,7.0,7.7,2.7,1.7,20.0
Life feels smooth and peaceful today.,Low,5.3,9.1,7.8,2.3,1.4,21.0
Mentally strong and confident.,Low,5.7,8.3,6.7,3.8,2.9,4.0
Just chilling and enjoying life.,Low,7.2,9.9,7.5,1.7,1.7,16.0
"No signs of stress, I'm doing great.",Low,1.8,8.8,6.4,1.3,2.4,12.0
I feel great mentally and physically.,Low,5.4,9.5,5.8,2.1,3.0,27.0
I feel relaxed and calm today.,Low,1.6,3.1,8.2,5.0,3.3,1.0
I am grateful for how things are going.,Low,7.9,3.9,8.6,1.6,2.0,38.0
I’m enjoying my day with no stress.,Low,3.2,9.2,6.6,5.1,1.2,16.0
Mentally strong and confident.,Low,6.5,6.6,6.8,3.2,2.8,21.0
Just chilling and enjoying life.,Low,2.2,7.4,5.4,4.9,3.0,6.0
I feel relaxed and calm today.,Low,5.6,3.3,6.6,3.1,0.6,28.0
Just chilling and enjoying life.,Low,4.7,5.4,5.0,5.6,2.9,31.0
Just chilling and enjoying life.,Low,3.7,7.4,7.9,4.5,1.8,39.0
Just chilling and enjoying life.,Low,3.8,4.3,6.1,3.1,0.7,33.0
Mentally strong and confident.,Low,2.1,6.6,6.7,5.9,1.7,5.0
Everything feels so peaceful today.,Low,7.5,6.6,4.8,4.8,1.4,18.0
"No signs of stress, I'm doing great.",Low,4.8,7.7,6.1,2.9,3.1,26.0
Just chilling and enjoying life.,Low,5.6,5.8,8.9,4.1,0.6,3.0
Today has been refreshing and joyful.,Low,5.1,3.6,6.8,3.8,3.2,24.0
Just chilling and enjoying life.,Low,6.3,9.0,6.4,2.2,3.4,25.0
Today has been refreshing and joyful.,Low,7.5,7.5,7.6,2.6,1.0,35.0
Feeling completely tension‑free today.,Low,7.8,7.4,5.5,2.4,1.4,13.0
Mentally strong and confident.,Low,2.1,9.5,6.7,2.2,2.6,0.0
Feeling positive and mentally free.,Low,6.4,3.8,5.5,2.6,1.5,7.0
Feeling completely tension‑free today.,Low,6.8,8.0,4.6,2.7,3.2,4.0
Today has been refreshing and joyful.,Low,6.4,5.2,5.2,2.7,1.1,13.0
I am grateful for how things are going.,Low,6.5,7.4,4.1,5.1,2.0,16.0
Today has been refreshing and joyful.,Low,2.9,4.8,7.4,1.8,1.8,23.0
Mentally strong and confident.,Low,7.8,7.0,8.9,2.6,2.8,3.0
Today has been refreshing and joyful.,Low,6.3,4.3,6.9,2.3,1.8,2.0
I’m enjoying my day with no stress.,Low,5.1,8.4,8.2,5.1,3.3,25.0
Feeling completely tension‑free today.,Low,7.7,9.3,4.6,1.6,2.2,5.0
Today has been refreshing and joyful.,Low,2.6,4.8,7.5,2.7,2.7,27.0
I feel great mentally and physically.,Low,6.7,5.7,8.3,4.5,1.4,23.0
Life feels smooth and peaceful today.,Low,6.7,5.3,8.8,3.3,2.3,21.0
Today has been refreshing and joyful.,Low,1.3,6.1,6.4,5.6,2.3,26.0
I feel relaxed and calm today.,Low,7.2,6.1,4.8,3.0,1.8,25.0
Life feels smooth and peaceful today.,Low,2.5,6.1,6.8,2.0,1.4,18.0
Life feels smooth and peaceful today.,Low,3.1,9.7,6.4,4.2,3.4,2.0
Feeling completely tension‑free today.,Low,1.0,6.9,9.0,4.1,1.3,16.0
I’m enjoying my day with no stress.,Low,6.2,3.4,7.6,4.0,2.7,39.0
I am grateful for how things are going.,Low,1.2,6.4,4.0,2.6,3.2,20.0
Everything is under control.,Low,5.5,7.5,4.7,4.8,1.4,13.0
Feeling completely tension‑free today.,Low,4.2,3.6,6.4,5.9,2.0,9.0
Everything is under control.,Low,6.6,8.1,9.0,5.8,3.4,33.0
Life feels smooth and peaceful today.,Low,7.0,7.8,4.8,3.3,0.8,15.0
Everything is under control.,Low,4.4,7.2,8.8,3.2,2.0,38.0
Everything is under control.,Low,7.1,7.7,8.0,4.0,0.7,1.0
I feel relaxed and calm today.,Low,4.9,8.8,4.6,2.5,1.4,15.0
I feel great mentally and physically.,Low,7.1,4.7,6.5,4.9,1.1,6.0
Just chilling and enjoying life.,Low,4.6,7.8,4.9,4.0,2.2,11.0
I feel relaxed and calm today.,Low,5.5,7.4,6.4,3.1,0.9,36.0
Everything is under control.,Low,1.2,8.5,8.2,4.7,3.0,35.0
I am grateful for how things are going.,Low,2.1,6.3,4.6,5.6,1.5,0.0
"No worries, just peace and happiness.",Low,4.8,3.7,5.1,3.8,0.6,4.0
Mentally strong and confident.,Low,3.9,4.9,4.2,5.5,3.4,36.0
Just chilling and enjoying life.,Low,6.7,6.6,4.9,2.9,3.4,14.0
I feel relaxed and calm today.,Low,5.5,7.4,7.7,2.0,2.6,23.0
I feel great mentally and physically.,Low,7.0,3.5,6.2,4.9,2.9,12.0
I feel emotionally stable and light.,Low,5.9,6.4,5.0,5.8,3.4,11.0
I am grateful for how things are going.,Low,1.7,6.1,7.0,5.8,3.5,10.0
Everything feels so peaceful today.,Low,3.7,3.3,8.0,1.3,1.9,25.0
I’m enjoying my day with no stress.,Low,7.8,3.3,7.8,2.1,2.4,22.0
Life feels smooth and peaceful today.,Low,1.2,4.5,5.0,5.7,1.0,26.0
"No signs of stress, I'm doing great.",Low,5.2,9.1,4.2,1.1,1.3,19.0
Just chilling and enjoying life.,Low,4.7,8.6,9.0,5.5,2.0,25.0
I feel relaxed and calm today.,Low,5.3,6.8,7.9,4.8,2.0,38.0
"No worries, just peace and happiness.",Low,2.3,6.0,8.5,1.7,1.9,28.0
I feel great mentally and physically.,Low,8.0,7.3,6.7,2.6,2.6,9.0
I feel pressure but I'm trying to stay strong.,Medium,2.8,8.8,7.3,2.9,1.8,63.0
